
2026-08-06T20:45:28+02:00 benchmark workflow profile=full stages=train,tables skip_completed=true datasets=ETTh1,electricity,traffic,solar,weather,exchange_rate settings=168_24,336_48,504_168 models=patchtst seeds=1,2,3 data_root=/home/h61084/codes/timetensors/../datasets weights_root=/home/h61084/codes/timetensors/../weights train_sampling=random batch_size=256 learning_rate=1e-5 epochs=10000 valid_eval_frequency=1000 logging_frequency=1000 drop_train_constant_users=true drop_eval_constant_users=true

2026-08-06T20:45:28+02:00 workflow start family=constants mode=full stages=train,tables

2026-08-06T20:45:28+02:00 stage start name=train

2026-08-06T20:45:28+02:00 configuration dataset=ETTh1 lags=168 horizon=24 method=patchtst_keep module=scripts.experiment requested_seeds=1,2,3 run_seeds=1,2,3 data_root=/home/h61084/codes/timetensors/../datasets train_sampling=random train_stride=1 eval_sampling=all eval_stride=24 batch_size=256 learning_rate=1e-5 epochs=10000 rebuild_dataset=true rebuild_reason=missing_tensor_payload overrides=+model.name=patchtst +model.path=patchtst +normalization.name=instance +data.sampling.remove_train_cte=false +data.sampling.remove_eval_cte=false ++data.sampling.drop_train_constant_individuals=false ++data.sampling.drop_eval_constant_individuals=false
2026-08-06 20:45:32,839 INFO [__main__] ========================================================================
2026-08-06 20:45:32,839 INFO [__main__] experiment model=patchtst out=/home/h61084/codes/timetensors/outputs/constants/ETTh1/168_24/patchtst_keep/seed_1 rebuild_dataset=True evaluate=True
2026-08-06 20:45:32,840 INFO [__main__] stats recompute=True
2026-08-06 20:45:32,840 INFO [__main__] dataset start
2026-08-06 20:45:32,841 INFO [dataset.load] loaded dataset config path=/home/h61084/codes/timetensors/../datasets/ETTh1/config.json keys=['aggr', 'date_col', 'drop_users']
2026-08-06 20:45:37,477 INFO [__main__] dataset done
2026-08-06 20:45:37,477 INFO [__main__] training start
2026-08-06 20:45:37,702 INFO [training.train] device requested=gpu resolved=cuda:0 cuda=True
2026-08-06 20:45:37,703 INFO [training.train] data_shape=[168, 1, 24]
2026-08-06 20:45:37,703 INFO [training.train] Splits:
train	idx_mode=random	{'values': (7, 1, 17420), 'individual_context': None, 'global_context': None, 'sampled_individuals': 7, 'sampled_dates': 10261, 'samples': 1}
valid1	idx_mode=all	{'values': (7, 1, 17420), 'individual_context': None, 'global_context': None, 'sampled_individuals': 7, 'sampled_dates': 145, 'samples': 1015}
test1	idx_mode=all	{'values': (7, 1, 17420), 'individual_context': None, 'global_context': None, 'sampled_individuals': 7, 'sampled_dates': 145, 'samples': 1015}
2026-08-06 20:45:37,703 INFO [training.train] Batch:
 batches=train=1, valid1=4, test1=4
 inputs=[1, 1, 168]
 targets=[1, 1, 24]
 individual_context=None
 global_context=None
2026-08-06 20:45:37,706 INFO [training.train] training epochs=10000 steps_per_epoch=1 total_steps=10000 valid_eval_freq=1000 logging_eval_freq=1000
2026-08-06 20:45:45,358 INFO [training.train] step=1000 train_batch={'nmse': 1.4605927819907665}
2026-08-06 20:45:45,425 INFO [training.train] step=1000 valid[valid1]={'mse': 1.0193579462361453, 'nmse': 1.0193579462361453, 'mae': 0.7288213219352935, 'nmae': 0.7288213219352935, 'relative_mse': 83.71704879284688}
2026-08-06 20:45:50,969 INFO [training.train] step=2000 train_batch={'nmse': 1.0897958855777978}
2026-08-06 20:45:51,027 INFO [training.train] step=2000 valid[valid1]={'mse': 0.9302255715055419, 'nmse': 0.9302255715055419, 'mae': 0.6884789277375821, 'nmae': 0.6884789277375821, 'relative_mse': 70.94202169283662}
2026-08-06 20:45:56,550 INFO [training.train] step=3000 train_batch={'nmse': 1.0495076503455638}
2026-08-06 20:45:56,607 INFO [training.train] step=3000 valid[valid1]={'mse': 0.8896820118470341, 'nmse': 0.8896820118470341, 'mae': 0.6698710825251437, 'nmae': 0.6698710825251437, 'relative_mse': 72.09151815780865}
2026-08-06 20:46:02,126 INFO [training.train] step=4000 train_batch={'nmse': 1.1510170064643026}
2026-08-06 20:46:02,183 INFO [training.train] step=4000 valid[valid1]={'mse': 0.8656770452489994, 'nmse': 0.8656770452489994, 'mae': 0.6584519860779711, 'nmae': 0.6584519860779711, 'relative_mse': 59.25768656112095}
2026-08-06 20:46:07,703 INFO [training.train] step=5000 train_batch={'nmse': 1.0305364469513296}
2026-08-06 20:46:07,760 INFO [training.train] step=5000 valid[valid1]={'mse': 0.856399741587772, 'nmse': 0.856399741587772, 'mae': 0.6541905796195094, 'nmae': 0.6541905796195094, 'relative_mse': 70.1556767806631}
2026-08-06 20:46:13,273 INFO [training.train] step=6000 train_batch={'nmse': 0.9833838175609708}
2026-08-06 20:46:13,330 INFO [training.train] step=6000 valid[valid1]={'mse': 0.8571876964349856, 'nmse': 0.8571876964349856, 'mae': 0.654469787898322, 'nmae': 0.654469787898322, 'relative_mse': 57.218972838453475}
2026-08-06 20:46:18,848 INFO [training.train] step=7000 train_batch={'nmse': 0.9541439632177353}
2026-08-06 20:46:18,905 INFO [training.train] step=7000 valid[valid1]={'mse': 0.8466175298581178, 'nmse': 0.8466175298581178, 'mae': 0.6499725592351704, 'nmae': 0.6499725592351704, 'relative_mse': 69.6015000717589}
2026-08-06 20:46:24,444 INFO [training.train] step=8000 train_batch={'nmse': 0.924371027328074}
2026-08-06 20:46:24,505 INFO [training.train] step=8000 valid[valid1]={'mse': 0.8410608150688885, 'nmse': 0.8410608150688885, 'mae': 0.6470313361908611, 'nmae': 0.6470313361908611, 'relative_mse': 51.4909762979141}
2026-08-06 20:46:30,033 INFO [training.train] step=9000 train_batch={'nmse': 1.044541686400771}
2026-08-06 20:46:30,090 INFO [training.train] step=9000 valid[valid1]={'mse': 0.8504249409893267, 'nmse': 0.8504249409893267, 'mae': 0.6539273968275349, 'nmae': 0.6539273968275349, 'relative_mse': 47.0771286987906}
2026-08-06 20:46:35,620 INFO [training.train] step=10000 train_batch={'nmse': 0.9082661180719733}
2026-08-06 20:46:35,678 INFO [training.train] step=10000 valid[valid1]={'mse': 0.8324840426640753, 'nmse': 0.8324840426640753, 'mae': 0.6429336222130285, 'nmae': 0.6429336222130285, 'relative_mse': 54.16769852661734}
2026-08-06 20:46:35,678 INFO [training.train] training_done steps=10000 seconds=57.97
2026-08-06 20:46:36,080 INFO [__main__] saved criterion_loss=criterion_loss.pdf
2026-08-06 20:46:36,080 INFO [__main__] training done
2026-08-06 20:46:36,080 INFO [__main__] evaluation start
2026-08-06 20:46:36,533 INFO [__main__] evaluation done
2026-08-06 20:46:36,533 INFO [__main__] experiment done seconds=63.70
2026-08-06 20:46:36,533 INFO [__main__] ========================================================================
2026-08-06 20:46:36,538 INFO [__main__] ========================================================================
2026-08-06 20:46:36,538 INFO [__main__] experiment model=patchtst out=/home/h61084/codes/timetensors/outputs/constants/ETTh1/168_24/patchtst_keep/seed_2 rebuild_dataset=False evaluate=True
2026-08-06 20:46:36,538 INFO [__main__] stats recompute=True
2026-08-06 20:46:36,538 INFO [__main__] dataset rebuild skipped
2026-08-06 20:46:36,538 INFO [__main__] training start
2026-08-06 20:46:40,553 INFO [training.train] device requested=gpu resolved=cuda:0 cuda=True
2026-08-06 20:46:40,554 INFO [training.train] data_shape=[168, 1, 24]
2026-08-06 20:46:40,554 INFO [training.train] Splits:
train	idx_mode=random	{'values': (7, 1, 17420), 'individual_context': None, 'global_context': None, 'sampled_individuals': 7, 'sampled_dates': 10261, 'samples': 1}
valid1	idx_mode=all	{'values': (7, 1, 17420), 'individual_context': None, 'global_context': None, 'sampled_individuals': 7, 'sampled_dates': 145, 'samples': 1015}
test1	idx_mode=all	{'values': (7, 1, 17420), 'individual_context': None, 'global_context': None, 'sampled_individuals': 7, 'sampled_dates': 145, 'samples': 1015}
2026-08-06 20:46:40,554 INFO [training.train] Batch:
 batches=train=1, valid1=4, test1=4
 inputs=[1, 1, 168]
 targets=[1, 1, 24]
 individual_context=None
 global_context=None
2026-08-06 20:46:40,557 INFO [training.train] training epochs=10000 steps_per_epoch=1 total_steps=10000 valid_eval_freq=1000 logging_eval_freq=1000
2026-08-06 20:46:46,100 INFO [training.train] step=1000 train_batch={'nmse': 1.3845332247763873}
2026-08-06 20:46:46,160 INFO [training.train] step=1000 valid[valid1]={'mse': 1.0411206776285407, 'nmse': 1.0411206776285407, 'mae': 0.7396501212284483, 'nmae': 0.7396501212284483, 'relative_mse': 78.40026424514444}
2026-08-06 20:46:51,706 INFO [training.train] step=2000 train_batch={'nmse': 1.0703491509854794}
2026-08-06 20:46:51,764 INFO [training.train] step=2000 valid[valid1]={'mse': 0.9352281492136186, 'nmse': 0.9352281492136186, 'mae': 0.6916411301185345, 'nmae': 0.6916411301185345, 'relative_mse': 56.55121834790961}
2026-08-06 20:46:57,309 INFO [training.train] step=3000 train_batch={'nmse': 1.0985531120747327}
2026-08-06 20:46:57,366 INFO [training.train] step=3000 valid[valid1]={'mse': 0.8994601846328509, 'nmse': 0.8994601846328509, 'mae': 0.6751016350606783, 'nmae': 0.6751016350606783, 'relative_mse': 51.67372555787536}
2026-08-06 20:47:02,912 INFO [training.train] step=4000 train_batch={'nmse': 1.052971181228757}
2026-08-06 20:47:02,971 INFO [training.train] step=4000 valid[valid1]={'mse': 0.8749728999897373, 'nmse': 0.8749728999897373, 'mae': 0.665314833166564, 'nmae': 0.665314833166564, 'relative_mse': 59.386662174719696}
2026-08-06 20:47:08,508 INFO [training.train] step=5000 train_batch={'nmse': 0.9732416164129972}
2026-08-06 20:47:08,566 INFO [training.train] step=5000 valid[valid1]={'mse': 0.8708988985208846, 'nmse': 0.8708988985208846, 'mae': 0.6639463427814553, 'nmae': 0.6639463427814553, 'relative_mse': 53.31933776153915}
2026-08-06 20:47:14,104 INFO [training.train] step=6000 train_batch={'nmse': 0.9300456462576986}
2026-08-06 20:47:14,161 INFO [training.train] step=6000 valid[valid1]={'mse': 0.8582537771641523, 'nmse': 0.8582537771641523, 'mae': 0.6591884068080357, 'nmae': 0.6591884068080357, 'relative_mse': 52.207226191678856}
2026-08-06 20:47:19,696 INFO [training.train] step=7000 train_batch={'nmse': 0.9949941357374191}
2026-08-06 20:47:19,753 INFO [training.train] step=7000 valid[valid1]={'mse': 0.8461363944318299, 'nmse': 0.8461363944318299, 'mae': 0.6526794934703407, 'nmae': 0.6526794934703407, 'relative_mse': 52.01528514743047}
2026-08-06 20:47:25,291 INFO [training.train] step=8000 train_batch={'nmse': 0.9003309483230114}
2026-08-06 20:47:25,351 INFO [training.train] step=8000 valid[valid1]={'mse': 0.8561924225003849, 'nmse': 0.8561924225003849, 'mae': 0.656868950604218, 'nmae': 0.656868950604218, 'relative_mse': 56.566107308022886}
2026-08-06 20:47:30,902 INFO [training.train] step=9000 train_batch={'nmse': 0.9498951886296272}
2026-08-06 20:47:30,959 INFO [training.train] step=9000 valid[valid1]={'mse': 0.8506384838586566, 'nmse': 0.8506384838586566, 'mae': 0.6541864705203202, 'nmae': 0.6541864705203202, 'relative_mse': 50.41734807557856}
2026-08-06 20:47:36,498 INFO [training.train] step=10000 train_batch={'nmse': 0.943423369422555}
2026-08-06 20:47:36,556 INFO [training.train] step=10000 valid[valid1]={'mse': 0.8424218689866841, 'nmse': 0.8424218689866841, 'mae': 0.6520936561922722, 'nmae': 0.6520936561922722, 'relative_mse': 49.369885684860556}
2026-08-06 20:47:36,556 INFO [training.train] training_done steps=10000 seconds=56.00
2026-08-06 20:47:36,675 INFO [__main__] saved criterion_loss=criterion_loss.pdf
2026-08-06 20:47:36,675 INFO [__main__] training done
2026-08-06 20:47:36,675 INFO [__main__] evaluation start
2026-08-06 20:47:37,118 INFO [__main__] evaluation done
2026-08-06 20:47:37,118 INFO [__main__] experiment done seconds=60.58
2026-08-06 20:47:37,118 INFO [__main__] ========================================================================
2026-08-06 20:47:37,122 INFO [__main__] ========================================================================
2026-08-06 20:47:37,122 INFO [__main__] experiment model=patchtst out=/home/h61084/codes/timetensors/outputs/constants/ETTh1/168_24/patchtst_keep/seed_3 rebuild_dataset=False evaluate=True
2026-08-06 20:47:37,122 INFO [__main__] stats recompute=True
2026-08-06 20:47:37,122 INFO [__main__] dataset rebuild skipped
2026-08-06 20:47:37,122 INFO [__main__] training start
2026-08-06 20:47:41,141 INFO [training.train] device requested=gpu resolved=cuda:0 cuda=True
2026-08-06 20:47:41,142 INFO [training.train] data_shape=[168, 1, 24]
2026-08-06 20:47:41,142 INFO [training.train] Splits:
train	idx_mode=random	{'values': (7, 1, 17420), 'individual_context': None, 'global_context': None, 'sampled_individuals': 7, 'sampled_dates': 10261, 'samples': 1}
valid1	idx_mode=all	{'values': (7, 1, 17420), 'individual_context': None, 'global_context': None, 'sampled_individuals': 7, 'sampled_dates': 145, 'samples': 1015}
test1	idx_mode=all	{'values': (7, 1, 17420), 'individual_context': None, 'global_context': None, 'sampled_individuals': 7, 'sampled_dates': 145, 'samples': 1015}
2026-08-06 20:47:41,142 INFO [training.train] Batch:
 batches=train=1, valid1=4, test1=4
 inputs=[1, 1, 168]
 targets=[1, 1, 24]
 individual_context=None
 global_context=None
2026-08-06 20:47:41,146 INFO [training.train] training epochs=10000 steps_per_epoch=1 total_steps=10000 valid_eval_freq=1000 logging_eval_freq=1000
2026-08-06 20:47:46,716 INFO [training.train] step=1000 train_batch={'nmse': 1.3901232725530863}
2026-08-06 20:47:46,774 INFO [training.train] step=1000 valid[valid1]={'mse': 1.0258440490622434, 'nmse': 1.0258440490622434, 'mae': 0.7295361448391318, 'nmae': 0.7295361448391318, 'relative_mse': 83.23005646704061}
2026-08-06 20:47:52,331 INFO [training.train] step=2000 train_batch={'nmse': 1.1097150627300143}
2026-08-06 20:47:52,389 INFO [training.train] step=2000 valid[valid1]={'mse': 0.9215805479654147, 'nmse': 0.9215805479654147, 'mae': 0.6876288753816451, 'nmae': 0.6876288753816451, 'relative_mse': 64.89840204148065}
2026-08-06 20:47:57,947 INFO [training.train] step=3000 train_batch={'nmse': 0.9979700107797981}
2026-08-06 20:47:58,005 INFO [training.train] step=3000 valid[valid1]={'mse': 0.8959732030608579, 'nmse': 0.8959732030608579, 'mae': 0.6779487296669745, 'nmae': 0.6779487296669745, 'relative_mse': 60.84390868138406}
2026-08-06 20:48:03,576 INFO [training.train] step=4000 train_batch={'nmse': 1.0651939609125256}
2026-08-06 20:48:03,634 INFO [training.train] step=4000 valid[valid1]={'mse': 0.8709611764290845, 'nmse': 0.8709611764290845, 'mae': 0.6655742075251436, 'nmae': 0.6655742075251436, 'relative_mse': 65.1677216778835}
2026-08-06 20:48:09,203 INFO [training.train] step=5000 train_batch={'nmse': 0.9408057091757656}
2026-08-06 20:48:09,261 INFO [training.train] step=5000 valid[valid1]={'mse': 0.8632278717993124, 'nmse': 0.8632278717993124, 'mae': 0.6626250168372845, 'nmae': 0.6626250168372845, 'relative_mse': 61.20103587885013}
2026-08-06 20:48:14,831 INFO [training.train] step=6000 train_batch={'nmse': 0.9601978341788053}
2026-08-06 20:48:14,889 INFO [training.train] step=6000 valid[valid1]={'mse': 0.8638205241687192, 'nmse': 0.8638205241687192, 'mae': 0.6627919164197198, 'nmae': 0.6627919164197198, 'relative_mse': 62.240242918919655}
2026-08-06 20:48:20,456 INFO [training.train] step=7000 train_batch={'nmse': 1.0009385227784515}
2026-08-06 20:48:20,514 INFO [training.train] step=7000 valid[valid1]={'mse': 0.8511867679790127, 'nmse': 0.8511867679790127, 'mae': 0.6587761438930367, 'nmae': 0.6587761438930367, 'relative_mse': 53.127658476931316}
2026-08-06 20:48:26,089 INFO [training.train] step=8000 train_batch={'nmse': 0.9504016261845827}
2026-08-06 20:48:26,146 INFO [training.train] step=8000 valid[valid1]={'mse': 0.8388428335706589, 'nmse': 0.8388428335706589, 'mae': 0.6504593070896193, 'nmae': 0.6504593070896193, 'relative_mse': 52.15089670065393}
2026-08-06 20:48:31,725 INFO [training.train] step=9000 train_batch={'nmse': 0.9164512790888548}
2026-08-06 20:48:31,783 INFO [training.train] step=9000 valid[valid1]={'mse': 0.8383749374615148, 'nmse': 0.8383749374615148, 'mae': 0.6483830193580665, 'nmae': 0.6483830193580665, 'relative_mse': 55.95714508206974}
2026-08-06 20:48:37,345 INFO [training.train] step=10000 train_batch={'nmse': 0.8884755120724439}
2026-08-06 20:48:37,402 INFO [training.train] step=10000 valid[valid1]={'mse': 0.8325950584975369, 'nmse': 0.8325950584975369, 'mae': 0.6468861947897424, 'nmae': 0.6468861947897424, 'relative_mse': 52.993614179238506}
2026-08-06 20:48:37,402 INFO [training.train] training_done steps=10000 seconds=56.26
2026-08-06 20:48:37,521 INFO [__main__] saved criterion_loss=criterion_loss.pdf
2026-08-06 20:48:37,521 INFO [__main__] training done
2026-08-06 20:48:37,521 INFO [__main__] evaluation start
2026-08-06 20:48:37,956 INFO [__main__] evaluation done
2026-08-06 20:48:37,957 INFO [__main__] experiment done seconds=60.84
2026-08-06 20:48:37,957 INFO [__main__] ========================================================================

2026-08-06T20:48:38+02:00 configuration dataset=ETTh1 lags=168 horizon=24 method=patchtst_remove_train_windows module=scripts.experiment requested_seeds=1,2,3 run_seeds=1,2,3 data_root=/home/h61084/codes/timetensors/../datasets train_sampling=random train_stride=1 eval_sampling=all eval_stride=24 batch_size=256 learning_rate=1e-5 epochs=10000 rebuild_dataset=false rebuild_reason=not_needed overrides=+model.name=patchtst +model.path=patchtst +normalization.name=instance +data.sampling.remove_train_cte=true +data.sampling.remove_eval_cte=false ++data.sampling.drop_train_constant_individuals=false ++data.sampling.drop_eval_constant_individuals=false
2026-08-06 20:48:43,184 INFO [__main__] ========================================================================
2026-08-06 20:48:43,184 INFO [__main__] experiment model=patchtst out=/home/h61084/codes/timetensors/outputs/constants/ETTh1/168_24/patchtst_remove_train_windows/seed_1 rebuild_dataset=False evaluate=True
2026-08-06 20:48:43,184 INFO [__main__] stats recompute=True
2026-08-06 20:48:43,184 INFO [__main__] dataset rebuild skipped
2026-08-06 20:48:43,184 INFO [__main__] training start
2026-08-06 20:48:54,405 INFO [training.train] device requested=gpu resolved=cuda:0 cuda=True
2026-08-06 20:48:54,406 INFO [training.train] data_shape=[168, 1, 24]
2026-08-06 20:48:54,406 INFO [training.train] Splits:
train	idx_mode=random	{'values': (7, 1, 17420), 'individual_context': None, 'global_context': None, 'sampled_individuals': 7, 'sampled_dates': 10261, 'samples': 1}
valid1	idx_mode=all	{'values': (7, 1, 17420), 'individual_context': None, 'global_context': None, 'sampled_individuals': 7, 'sampled_dates': 145, 'samples': 1015}
test1	idx_mode=all	{'values': (7, 1, 17420), 'individual_context': None, 'global_context': None, 'sampled_individuals': 7, 'sampled_dates': 145, 'samples': 1015}
2026-08-06 20:48:54,406 INFO [training.train] Batch:
 batches=train=1, valid1=4, test1=4
 inputs=[1, 1, 168]
 targets=[1, 1, 24]
 individual_context=None
 global_context=None
2026-08-06 20:48:54,408 INFO [training.train] training epochs=10000 steps_per_epoch=1 total_steps=10000 valid_eval_freq=1000 logging_eval_freq=1000
2026-08-06 20:49:02,185 INFO [training.train] step=1000 train_batch={'nmse': 1.3944613708406686}
2026-08-06 20:49:02,248 INFO [training.train] step=1000 valid[valid1]={'mse': 0.9905886194388854, 'nmse': 0.9905886194388854, 'mae': 0.7179051291179187, 'nmae': 0.7179051291179187, 'relative_mse': 84.1165155921272}
2026-08-06 20:49:08,093 INFO [training.train] step=2000 train_batch={'nmse': 1.0905737568065523}
2026-08-06 20:49:08,151 INFO [training.train] step=2000 valid[valid1]={'mse': 0.9101470295823071, 'nmse': 0.9101470295823071, 'mae': 0.6808490020300955, 'nmae': 0.6808490020300955, 'relative_mse': 71.0932060154005}
2026-08-06 20:49:14,018 INFO [training.train] step=3000 train_batch={'nmse': 1.0336947191879153}
2026-08-06 20:49:14,174 INFO [training.train] step=3000 valid[valid1]={'mse': 0.864930582281404, 'nmse': 0.864930582281404, 'mae': 0.6589391147757594, 'nmae': 0.6589391147757594, 'relative_mse': 70.39266601462278}
2026-08-06 20:49:20,006 INFO [training.train] step=4000 train_batch={'nmse': 1.1366241661533714}
2026-08-06 20:49:20,063 INFO [training.train] step=4000 valid[valid1]={'mse': 0.8515718206396243, 'nmse': 0.8515718206396243, 'mae': 0.6536715803475216, 'nmae': 0.6536715803475216, 'relative_mse': 57.348414529133315}
2026-08-06 20:49:25,907 INFO [training.train] step=5000 train_batch={'nmse': 1.029408017143607}
2026-08-06 20:49:25,965 INFO [training.train] step=5000 valid[valid1]={'mse': 0.8411009138636597, 'nmse': 0.8411009138636597, 'mae': 0.6483765049325225, 'nmae': 0.6483765049325225, 'relative_mse': 67.82076927648585}
2026-08-06 20:49:31,810 INFO [training.train] step=6000 train_batch={'nmse': 0.9764892387762666}
2026-08-06 20:49:31,867 INFO [training.train] step=6000 valid[valid1]={'mse': 0.8393453262905378, 'nmse': 0.8393453262905378, 'mae': 0.6465018336604578, 'nmae': 0.6465018336604578, 'relative_mse': 54.32064852409175}
2026-08-06 20:49:37,698 INFO [training.train] step=7000 train_batch={'nmse': 0.9439580315798521}
2026-08-06 20:49:37,755 INFO [training.train] step=7000 valid[valid1]={'mse': 0.8274482413857246, 'nmse': 0.8274482413857246, 'mae': 0.6412164697506157, 'nmae': 0.6412164697506157, 'relative_mse': 63.88306150639977}
2026-08-06 20:49:43,591 INFO [training.train] step=8000 train_batch={'nmse': 0.9139871447682381}
2026-08-06 20:49:43,649 INFO [training.train] step=8000 valid[valid1]={'mse': 0.8266502543231732, 'nmse': 0.8266502543231732, 'mae': 0.6412150165326098, 'nmae': 0.6412150165326098, 'relative_mse': 49.46893818672068}
2026-08-06 20:49:49,478 INFO [training.train] step=9000 train_batch={'nmse': 1.0340303414165974}
2026-08-06 20:49:49,537 INFO [training.train] step=9000 valid[valid1]={'mse': 0.8391932595539563, 'nmse': 0.8391932595539563, 'mae': 0.6496766740269653, 'nmae': 0.6496766740269653, 'relative_mse': 47.68335329754208}
2026-08-06 20:49:55,367 INFO [training.train] step=10000 train_batch={'nmse': 0.9033476170748472}
2026-08-06 20:49:55,424 INFO [training.train] step=10000 valid[valid1]={'mse': 0.8227803047067426, 'nmse': 0.8227803047067426, 'mae': 0.6392026804155121, 'nmae': 0.6392026804155121, 'relative_mse': 51.32803169839292}
2026-08-06 20:49:55,424 INFO [training.train] training_done steps=10000 seconds=61.02
2026-08-06 20:49:55,792 INFO [__main__] saved criterion_loss=criterion_loss.pdf
2026-08-06 20:49:55,792 INFO [__main__] training done
2026-08-06 20:49:55,792 INFO [__main__] evaluation start
2026-08-06 20:49:56,249 INFO [__main__] evaluation done
2026-08-06 20:49:56,249 INFO [__main__] experiment done seconds=73.07
2026-08-06 20:49:56,249 INFO [__main__] ========================================================================
2026-08-06 20:49:56,253 INFO [__main__] ========================================================================
2026-08-06 20:49:56,253 INFO [__main__] experiment model=patchtst out=/home/h61084/codes/timetensors/outputs/constants/ETTh1/168_24/patchtst_remove_train_windows/seed_2 rebuild_dataset=False evaluate=True
2026-08-06 20:49:56,253 INFO [__main__] stats recompute=True
2026-08-06 20:49:56,253 INFO [__main__] dataset rebuild skipped
2026-08-06 20:49:56,253 INFO [__main__] training start
2026-08-06 20:50:06,863 INFO [training.train] device requested=gpu resolved=cuda:0 cuda=True
2026-08-06 20:50:06,864 INFO [training.train] data_shape=[168, 1, 24]
2026-08-06 20:50:06,864 INFO [training.train] Splits:
train	idx_mode=random	{'values': (7, 1, 17420), 'individual_context': None, 'global_context': None, 'sampled_individuals': 7, 'sampled_dates': 10261, 'samples': 1}
valid1	idx_mode=all	{'values': (7, 1, 17420), 'individual_context': None, 'global_context': None, 'sampled_individuals': 7, 'sampled_dates': 145, 'samples': 1015}
test1	idx_mode=all	{'values': (7, 1, 17420), 'individual_context': None, 'global_context': None, 'sampled_individuals': 7, 'sampled_dates': 145, 'samples': 1015}
2026-08-06 20:50:06,864 INFO [training.train] Batch:
 batches=train=1, valid1=4, test1=4
 inputs=[1, 1, 168]
 targets=[1, 1, 24]
 individual_context=None
 global_context=None
2026-08-06 20:50:06,867 INFO [training.train] training epochs=10000 steps_per_epoch=1 total_steps=10000 valid_eval_freq=1000 logging_eval_freq=1000
2026-08-06 20:50:12,726 INFO [training.train] step=1000 train_batch={'nmse': 1.3845332247763873}
2026-08-06 20:50:12,784 INFO [training.train] step=1000 valid[valid1]={'mse': 1.0411206776285407, 'nmse': 1.0411206776285407, 'mae': 0.7396501212284483, 'nmae': 0.7396501212284483, 'relative_mse': 78.40026424514444}
2026-08-06 20:50:18,657 INFO [training.train] step=2000 train_batch={'nmse': 1.0703491509854794}
2026-08-06 20:50:18,715 INFO [training.train] step=2000 valid[valid1]={'mse': 0.9352281492136186, 'nmse': 0.9352281492136186, 'mae': 0.6916411301185345, 'nmae': 0.6916411301185345, 'relative_mse': 56.55121834790961}
2026-08-06 20:50:24,584 INFO [training.train] step=3000 train_batch={'nmse': 1.0985531120747327}
2026-08-06 20:50:24,642 INFO [training.train] step=3000 valid[valid1]={'mse': 0.8994601846328509, 'nmse': 0.8994601846328509, 'mae': 0.6751016350606783, 'nmae': 0.6751016350606783, 'relative_mse': 51.67372555787536}
2026-08-06 20:50:30,509 INFO [training.train] step=4000 train_batch={'nmse': 1.052971181228757}
2026-08-06 20:50:30,568 INFO [training.train] step=4000 valid[valid1]={'mse': 0.8749728999897373, 'nmse': 0.8749728999897373, 'mae': 0.665314833166564, 'nmae': 0.665314833166564, 'relative_mse': 59.386662174719696}
2026-08-06 20:50:36,436 INFO [training.train] step=5000 train_batch={'nmse': 0.9732416164129972}
2026-08-06 20:50:36,494 INFO [training.train] step=5000 valid[valid1]={'mse': 0.8708988985208846, 'nmse': 0.8708988985208846, 'mae': 0.6639463427814553, 'nmae': 0.6639463427814553, 'relative_mse': 53.31933776153915}
2026-08-06 20:50:42,350 INFO [training.train] step=6000 train_batch={'nmse': 0.9300456462576986}
2026-08-06 20:50:42,408 INFO [training.train] step=6000 valid[valid1]={'mse': 0.8582537771641523, 'nmse': 0.8582537771641523, 'mae': 0.6591884068080357, 'nmae': 0.6591884068080357, 'relative_mse': 52.207226191678856}
2026-08-06 20:50:48,295 INFO [training.train] step=7000 train_batch={'nmse': 0.9949941357374191}
2026-08-06 20:50:48,355 INFO [training.train] step=7000 valid[valid1]={'mse': 0.8461363944318299, 'nmse': 0.8461363944318299, 'mae': 0.6526794934703407, 'nmae': 0.6526794934703407, 'relative_mse': 52.01528514743047}
2026-08-06 20:50:54,234 INFO [training.train] step=8000 train_batch={'nmse': 0.9003309483230114}
2026-08-06 20:50:54,291 INFO [training.train] step=8000 valid[valid1]={'mse': 0.8561924225003849, 'nmse': 0.8561924225003849, 'mae': 0.656868950604218, 'nmae': 0.656868950604218, 'relative_mse': 56.566107308022886}
2026-08-06 20:51:00,183 INFO [training.train] step=9000 train_batch={'nmse': 0.9498951886296272}
2026-08-06 20:51:00,241 INFO [training.train] step=9000 valid[valid1]={'mse': 0.8506384838586566, 'nmse': 0.8506384838586566, 'mae': 0.6541864705203202, 'nmae': 0.6541864705203202, 'relative_mse': 50.41734807557856}
2026-08-06 20:51:06,130 INFO [training.train] step=10000 train_batch={'nmse': 0.943423369422555}
2026-08-06 20:51:06,191 INFO [training.train] step=10000 valid[valid1]={'mse': 0.8424218689866841, 'nmse': 0.8424218689866841, 'mae': 0.6520936561922722, 'nmae': 0.6520936561922722, 'relative_mse': 49.369885684860556}
2026-08-06 20:51:06,191 INFO [training.train] training_done steps=10000 seconds=59.32
2026-08-06 20:51:06,311 INFO [__main__] saved criterion_loss=criterion_loss.pdf
2026-08-06 20:51:06,311 INFO [__main__] training done
2026-08-06 20:51:06,311 INFO [__main__] evaluation start
2026-08-06 20:51:06,781 INFO [__main__] evaluation done
2026-08-06 20:51:06,782 INFO [__main__] experiment done seconds=70.53
2026-08-06 20:51:06,782 INFO [__main__] ========================================================================
2026-08-06 20:51:06,786 INFO [__main__] ========================================================================
2026-08-06 20:51:06,786 INFO [__main__] experiment model=patchtst out=/home/h61084/codes/timetensors/outputs/constants/ETTh1/168_24/patchtst_remove_train_windows/seed_3 rebuild_dataset=False evaluate=True
2026-08-06 20:51:06,786 INFO [__main__] stats recompute=True
2026-08-06 20:51:06,786 INFO [__main__] dataset rebuild skipped
2026-08-06 20:51:06,786 INFO [__main__] training start
2026-08-06 20:51:17,554 INFO [training.train] device requested=gpu resolved=cuda:0 cuda=True
2026-08-06 20:51:17,555 INFO [training.train] data_shape=[168, 1, 24]
2026-08-06 20:51:17,555 INFO [training.train] Splits:
train	idx_mode=random	{'values': (7, 1, 17420), 'individual_context': None, 'global_context': None, 'sampled_individuals': 7, 'sampled_dates': 10261, 'samples': 1}
valid1	idx_mode=all	{'values': (7, 1, 17420), 'individual_context': None, 'global_context': None, 'sampled_individuals': 7, 'sampled_dates': 145, 'samples': 1015}
test1	idx_mode=all	{'values': (7, 1, 17420), 'individual_context': None, 'global_context': None, 'sampled_individuals': 7, 'sampled_dates': 145, 'samples': 1015}
2026-08-06 20:51:17,555 INFO [training.train] Batch:
 batches=train=1, valid1=4, test1=4
 inputs=[1, 1, 168]
 targets=[1, 1, 24]
 individual_context=None
 global_context=None
2026-08-06 20:51:17,558 INFO [training.train] training epochs=10000 steps_per_epoch=1 total_steps=10000 valid_eval_freq=1000 logging_eval_freq=1000
2026-08-06 20:51:23,441 INFO [training.train] step=1000 train_batch={'nmse': 1.3901232725530863}
2026-08-06 20:51:23,501 INFO [training.train] step=1000 valid[valid1]={'mse': 1.0258440490622434, 'nmse': 1.0258440490622434, 'mae': 0.7295361448391318, 'nmae': 0.7295361448391318, 'relative_mse': 83.23005646704061}
2026-08-06 20:51:29,381 INFO [training.train] step=2000 train_batch={'nmse': 1.1097150627300143}
2026-08-06 20:51:29,439 INFO [training.train] step=2000 valid[valid1]={'mse': 0.9215805479654147, 'nmse': 0.9215805479654147, 'mae': 0.6876288753816451, 'nmae': 0.6876288753816451, 'relative_mse': 64.89840204148065}
2026-08-06 20:51:35,461 INFO [training.train] step=3000 train_batch={'nmse': 0.9979700107797981}
2026-08-06 20:51:35,524 INFO [training.train] step=3000 valid[valid1]={'mse': 0.8959732030608579, 'nmse': 0.8959732030608579, 'mae': 0.6779487296669745, 'nmae': 0.6779487296669745, 'relative_mse': 60.84390868138406}
2026-08-06 20:51:41,889 INFO [training.train] step=4000 train_batch={'nmse': 1.0651939609125256}
2026-08-06 20:51:41,947 INFO [training.train] step=4000 valid[valid1]={'mse': 0.8709611764290845, 'nmse': 0.8709611764290845, 'mae': 0.6655742075251436, 'nmae': 0.6655742075251436, 'relative_mse': 65.1677216778835}
2026-08-06 20:51:47,830 INFO [training.train] step=5000 train_batch={'nmse': 0.9408057091757656}
2026-08-06 20:51:47,889 INFO [training.train] step=5000 valid[valid1]={'mse': 0.8632278717993124, 'nmse': 0.8632278717993124, 'mae': 0.6626250168372845, 'nmae': 0.6626250168372845, 'relative_mse': 61.20103587885013}
2026-08-06 20:51:53,787 INFO [training.train] step=6000 train_batch={'nmse': 0.9601978341788053}
2026-08-06 20:51:53,845 INFO [training.train] step=6000 valid[valid1]={'mse': 0.8638205241687192, 'nmse': 0.8638205241687192, 'mae': 0.6627919164197198, 'nmae': 0.6627919164197198, 'relative_mse': 62.240242918919655}
2026-08-06 20:51:59,728 INFO [training.train] step=7000 train_batch={'nmse': 1.0009385227784515}
2026-08-06 20:51:59,787 INFO [training.train] step=7000 valid[valid1]={'mse': 0.8511867679790127, 'nmse': 0.8511867679790127, 'mae': 0.6587761438930367, 'nmae': 0.6587761438930367, 'relative_mse': 53.127658476931316}
2026-08-06 20:52:05,668 INFO [training.train] step=8000 train_batch={'nmse': 0.9504016261845827}
2026-08-06 20:52:05,726 INFO [training.train] step=8000 valid[valid1]={'mse': 0.8388428335706589, 'nmse': 0.8388428335706589, 'mae': 0.6504593070896193, 'nmae': 0.6504593070896193, 'relative_mse': 52.15089670065393}
2026-08-06 20:52:11,602 INFO [training.train] step=9000 train_batch={'nmse': 0.9164512790888548}
2026-08-06 20:52:11,660 INFO [training.train] step=9000 valid[valid1]={'mse': 0.8383749374615148, 'nmse': 0.8383749374615148, 'mae': 0.6483830193580665, 'nmae': 0.6483830193580665, 'relative_mse': 55.95714508206974}
2026-08-06 20:52:17,550 INFO [training.train] step=10000 train_batch={'nmse': 0.8884755120724439}
2026-08-06 20:52:17,614 INFO [training.train] step=10000 valid[valid1]={'mse': 0.8325950584975369, 'nmse': 0.8325950584975369, 'mae': 0.6468861947897424, 'nmae': 0.6468861947897424, 'relative_mse': 52.993614179238506}
2026-08-06 20:52:17,614 INFO [training.train] training_done steps=10000 seconds=60.06
2026-08-06 20:52:17,741 INFO [__main__] saved criterion_loss=criterion_loss.pdf
2026-08-06 20:52:17,741 INFO [__main__] training done
2026-08-06 20:52:17,741 INFO [__main__] evaluation start
2026-08-06 20:52:18,237 INFO [__main__] evaluation done
2026-08-06 20:52:18,238 INFO [__main__] experiment done seconds=71.45
2026-08-06 20:52:18,238 INFO [__main__] ========================================================================

2026-08-06T20:52:18+02:00 configuration dataset=ETTh1 lags=168 horizon=24 method=patchtst_remove_eval_windows module=scripts.experiment requested_seeds=1,2,3 run_seeds=1,2,3 data_root=/home/h61084/codes/timetensors/../datasets train_sampling=random train_stride=1 eval_sampling=all eval_stride=24 batch_size=256 learning_rate=1e-5 epochs=10000 rebuild_dataset=false rebuild_reason=not_needed overrides=+model.name=patchtst +model.path=patchtst +normalization.name=instance +data.sampling.remove_train_cte=false +data.sampling.remove_eval_cte=true ++data.sampling.drop_train_constant_individuals=false ++data.sampling.drop_eval_constant_individuals=false
2026-08-06 20:52:23,427 INFO [__main__] ========================================================================
2026-08-06 20:52:23,428 INFO [__main__] experiment model=patchtst out=/home/h61084/codes/timetensors/outputs/constants/ETTh1/168_24/patchtst_remove_eval_windows/seed_1 rebuild_dataset=False evaluate=True
2026-08-06 20:52:23,428 INFO [__main__] stats recompute=True
2026-08-06 20:52:23,428 INFO [__main__] dataset rebuild skipped
2026-08-06 20:52:23,428 INFO [__main__] training start
2026-08-06 20:52:28,273 INFO [training.train] device requested=gpu resolved=cuda:0 cuda=True
2026-08-06 20:52:28,274 INFO [training.train] data_shape=[168, 1, 24]
2026-08-06 20:52:28,274 INFO [training.train] Splits:
train	idx_mode=random	{'values': (7, 1, 17420), 'individual_context': None, 'global_context': None, 'sampled_individuals': 7, 'sampled_dates': 10261, 'samples': 1}
valid1	idx_mode=all	{'values': (7, 1, 17420), 'individual_context': None, 'global_context': None, 'sampled_individuals': 7, 'sampled_dates': 145, 'samples': 1015}
test1	idx_mode=all	{'values': (7, 1, 17420), 'individual_context': None, 'global_context': None, 'sampled_individuals': 7, 'sampled_dates': 145, 'samples': 1015}
2026-08-06 20:52:28,274 INFO [training.train] Batch:
 batches=train=1, valid1=4, test1=4
 inputs=[1, 1, 168]
 targets=[1, 1, 24]
 individual_context=None
 global_context=None
2026-08-06 20:52:28,275 INFO [training.train] training epochs=10000 steps_per_epoch=1 total_steps=10000 valid_eval_freq=1000 logging_eval_freq=1000
2026-08-06 20:52:35,732 INFO [training.train] step=1000 train_batch={'nmse': 1.3944613708406686}
2026-08-06 20:52:35,827 INFO [training.train] step=1000 valid[valid1]={'mse': 0.9905886194388854, 'nmse': 0.9905886194388854, 'mae': 0.7179051291179187, 'nmae': 0.7179051291179187, 'relative_mse': 84.1165155921272}
2026-08-06 20:52:41,375 INFO [training.train] step=2000 train_batch={'nmse': 1.0905737568065523}
2026-08-06 20:52:41,462 INFO [training.train] step=2000 valid[valid1]={'mse': 0.9101470295823071, 'nmse': 0.9101470295823071, 'mae': 0.6808490020300955, 'nmae': 0.6808490020300955, 'relative_mse': 71.0932060154005}
2026-08-06 20:52:47,008 INFO [training.train] step=3000 train_batch={'nmse': 1.0336947191879153}
2026-08-06 20:52:47,240 INFO [training.train] step=3000 valid[valid1]={'mse': 0.864930582281404, 'nmse': 0.864930582281404, 'mae': 0.6589391147757594, 'nmae': 0.6589391147757594, 'relative_mse': 70.39266601462278}
2026-08-06 20:52:52,776 INFO [training.train] step=4000 train_batch={'nmse': 1.1366241661533714}
2026-08-06 20:52:52,869 INFO [training.train] step=4000 valid[valid1]={'mse': 0.8515718206396243, 'nmse': 0.8515718206396243, 'mae': 0.6536715803475216, 'nmae': 0.6536715803475216, 'relative_mse': 57.348414529133315}
2026-08-06 20:52:58,410 INFO [training.train] step=5000 train_batch={'nmse': 1.029408017143607}
2026-08-06 20:52:58,496 INFO [training.train] step=5000 valid[valid1]={'mse': 0.8411009138636597, 'nmse': 0.8411009138636597, 'mae': 0.6483765049325225, 'nmae': 0.6483765049325225, 'relative_mse': 67.82076927648585}
2026-08-06 20:53:04,062 INFO [training.train] step=6000 train_batch={'nmse': 0.9764892387762666}
2026-08-06 20:53:04,148 INFO [training.train] step=6000 valid[valid1]={'mse': 0.8393453262905378, 'nmse': 0.8393453262905378, 'mae': 0.6465018336604578, 'nmae': 0.6465018336604578, 'relative_mse': 54.32064852409175}
2026-08-06 20:53:09,680 INFO [training.train] step=7000 train_batch={'nmse': 0.9439580315798521}
2026-08-06 20:53:09,766 INFO [training.train] step=7000 valid[valid1]={'mse': 0.8274482413857246, 'nmse': 0.8274482413857246, 'mae': 0.6412164697506157, 'nmae': 0.6412164697506157, 'relative_mse': 63.88306150639977}
2026-08-06 20:53:15,310 INFO [training.train] step=8000 train_batch={'nmse': 0.9139871447682381}
2026-08-06 20:53:15,397 INFO [training.train] step=8000 valid[valid1]={'mse': 0.8266502543231732, 'nmse': 0.8266502543231732, 'mae': 0.6412150165326098, 'nmae': 0.6412150165326098, 'relative_mse': 49.46893818672068}
2026-08-06 20:53:20,940 INFO [training.train] step=9000 train_batch={'nmse': 1.0340303414165974}
2026-08-06 20:53:21,026 INFO [training.train] step=9000 valid[valid1]={'mse': 0.8391932595539563, 'nmse': 0.8391932595539563, 'mae': 0.6496766740269653, 'nmae': 0.6496766740269653, 'relative_mse': 47.68335329754208}
2026-08-06 20:53:26,571 INFO [training.train] step=10000 train_batch={'nmse': 0.9033476170748472}
2026-08-06 20:53:26,657 INFO [training.train] step=10000 valid[valid1]={'mse': 0.8227803047067426, 'nmse': 0.8227803047067426, 'mae': 0.6392026804155121, 'nmae': 0.6392026804155121, 'relative_mse': 51.32803169839292}
2026-08-06 20:53:26,657 INFO [training.train] training_done steps=10000 seconds=58.38
2026-08-06 20:53:27,040 INFO [__main__] saved criterion_loss=criterion_loss.pdf
2026-08-06 20:53:27,041 INFO [__main__] training done
2026-08-06 20:53:27,041 INFO [__main__] evaluation start
2026-08-06 20:53:27,616 INFO [__main__] evaluation done
2026-08-06 20:53:27,617 INFO [__main__] experiment done seconds=64.19
2026-08-06 20:53:27,617 INFO [__main__] ========================================================================
2026-08-06 20:53:27,621 INFO [__main__] ========================================================================
2026-08-06 20:53:27,621 INFO [__main__] experiment model=patchtst out=/home/h61084/codes/timetensors/outputs/constants/ETTh1/168_24/patchtst_remove_eval_windows/seed_2 rebuild_dataset=False evaluate=True
2026-08-06 20:53:27,621 INFO [__main__] stats recompute=True
2026-08-06 20:53:27,621 INFO [__main__] dataset rebuild skipped
2026-08-06 20:53:27,621 INFO [__main__] training start
2026-08-06 20:53:31,897 INFO [training.train] device requested=gpu resolved=cuda:0 cuda=True
2026-08-06 20:53:31,898 INFO [training.train] data_shape=[168, 1, 24]
2026-08-06 20:53:31,898 INFO [training.train] Splits:
train	idx_mode=random	{'values': (7, 1, 17420), 'individual_context': None, 'global_context': None, 'sampled_individuals': 7, 'sampled_dates': 10261, 'samples': 1}
valid1	idx_mode=all	{'values': (7, 1, 17420), 'individual_context': None, 'global_context': None, 'sampled_individuals': 7, 'sampled_dates': 145, 'samples': 1015}
test1	idx_mode=all	{'values': (7, 1, 17420), 'individual_context': None, 'global_context': None, 'sampled_individuals': 7, 'sampled_dates': 145, 'samples': 1015}
2026-08-06 20:53:31,898 INFO [training.train] Batch:
 batches=train=1, valid1=4, test1=4
 inputs=[1, 1, 168]
 targets=[1, 1, 24]
 individual_context=None
 global_context=None
2026-08-06 20:53:31,901 INFO [training.train] training epochs=10000 steps_per_epoch=1 total_steps=10000 valid_eval_freq=1000 logging_eval_freq=1000
2026-08-06 20:53:37,485 INFO [training.train] step=1000 train_batch={'nmse': 1.3845332247763873}
2026-08-06 20:53:37,572 INFO [training.train] step=1000 valid[valid1]={'mse': 1.0411206776285407, 'nmse': 1.0411206776285407, 'mae': 0.7396501212284483, 'nmae': 0.7396501212284483, 'relative_mse': 78.40026424514444}
2026-08-06 20:53:43,154 INFO [training.train] step=2000 train_batch={'nmse': 1.0703491509854794}
2026-08-06 20:53:43,241 INFO [training.train] step=2000 valid[valid1]={'mse': 0.9352281492136186, 'nmse': 0.9352281492136186, 'mae': 0.6916411301185345, 'nmae': 0.6916411301185345, 'relative_mse': 56.55121834790961}
2026-08-06 20:53:48,813 INFO [training.train] step=3000 train_batch={'nmse': 1.0985531120747327}
2026-08-06 20:53:48,899 INFO [training.train] step=3000 valid[valid1]={'mse': 0.8994601846328509, 'nmse': 0.8994601846328509, 'mae': 0.6751016350606783, 'nmae': 0.6751016350606783, 'relative_mse': 51.67372555787536}
2026-08-06 20:53:54,473 INFO [training.train] step=4000 train_batch={'nmse': 1.052971181228757}
2026-08-06 20:53:54,560 INFO [training.train] step=4000 valid[valid1]={'mse': 0.8749728999897373, 'nmse': 0.8749728999897373, 'mae': 0.665314833166564, 'nmae': 0.665314833166564, 'relative_mse': 59.386662174719696}
2026-08-06 20:54:00,130 INFO [training.train] step=5000 train_batch={'nmse': 0.9732416164129972}
2026-08-06 20:54:00,217 INFO [training.train] step=5000 valid[valid1]={'mse': 0.8708988985208846, 'nmse': 0.8708988985208846, 'mae': 0.6639463427814553, 'nmae': 0.6639463427814553, 'relative_mse': 53.31933776153915}
2026-08-06 20:54:05,795 INFO [training.train] step=6000 train_batch={'nmse': 0.9300456462576986}
2026-08-06 20:54:05,882 INFO [training.train] step=6000 valid[valid1]={'mse': 0.8582537771641523, 'nmse': 0.8582537771641523, 'mae': 0.6591884068080357, 'nmae': 0.6591884068080357, 'relative_mse': 52.207226191678856}
2026-08-06 20:54:11,467 INFO [training.train] step=7000 train_batch={'nmse': 0.9949941357374191}
2026-08-06 20:54:11,559 INFO [training.train] step=7000 valid[valid1]={'mse': 0.8461363944318299, 'nmse': 0.8461363944318299, 'mae': 0.6526794934703407, 'nmae': 0.6526794934703407, 'relative_mse': 52.01528514743047}
2026-08-06 20:54:17,145 INFO [training.train] step=8000 train_batch={'nmse': 0.9003309483230114}
2026-08-06 20:54:17,232 INFO [training.train] step=8000 valid[valid1]={'mse': 0.8561924225003849, 'nmse': 0.8561924225003849, 'mae': 0.656868950604218, 'nmae': 0.656868950604218, 'relative_mse': 56.566107308022886}
2026-08-06 20:54:22,814 INFO [training.train] step=9000 train_batch={'nmse': 0.9498951886296272}
2026-08-06 20:54:22,901 INFO [training.train] step=9000 valid[valid1]={'mse': 0.8506384838586566, 'nmse': 0.8506384838586566, 'mae': 0.6541864705203202, 'nmae': 0.6541864705203202, 'relative_mse': 50.41734807557856}
2026-08-06 20:54:28,484 INFO [training.train] step=10000 train_batch={'nmse': 0.943423369422555}
2026-08-06 20:54:28,570 INFO [training.train] step=10000 valid[valid1]={'mse': 0.8424218689866841, 'nmse': 0.8424218689866841, 'mae': 0.6520936561922722, 'nmae': 0.6520936561922722, 'relative_mse': 49.369885684860556}
2026-08-06 20:54:28,570 INFO [training.train] training_done steps=10000 seconds=56.67
2026-08-06 20:54:28,691 INFO [__main__] saved criterion_loss=criterion_loss.pdf
2026-08-06 20:54:28,691 INFO [__main__] training done
2026-08-06 20:54:28,691 INFO [__main__] evaluation start
2026-08-06 20:54:29,301 INFO [__main__] evaluation done
2026-08-06 20:54:29,301 INFO [__main__] experiment done seconds=61.68
2026-08-06 20:54:29,301 INFO [__main__] ========================================================================
2026-08-06 20:54:29,305 INFO [__main__] ========================================================================
2026-08-06 20:54:29,305 INFO [__main__] experiment model=patchtst out=/home/h61084/codes/timetensors/outputs/constants/ETTh1/168_24/patchtst_remove_eval_windows/seed_3 rebuild_dataset=False evaluate=True
2026-08-06 20:54:29,305 INFO [__main__] stats recompute=True
2026-08-06 20:54:29,305 INFO [__main__] dataset rebuild skipped
2026-08-06 20:54:29,305 INFO [__main__] training start
2026-08-06 20:54:33,608 INFO [training.train] device requested=gpu resolved=cuda:0 cuda=True
2026-08-06 20:54:33,609 INFO [training.train] data_shape=[168, 1, 24]
2026-08-06 20:54:33,609 INFO [training.train] Splits:
train	idx_mode=random	{'values': (7, 1, 17420), 'individual_context': None, 'global_context': None, 'sampled_individuals': 7, 'sampled_dates': 10261, 'samples': 1}
valid1	idx_mode=all	{'values': (7, 1, 17420), 'individual_context': None, 'global_context': None, 'sampled_individuals': 7, 'sampled_dates': 145, 'samples': 1015}
test1	idx_mode=all	{'values': (7, 1, 17420), 'individual_context': None, 'global_context': None, 'sampled_individuals': 7, 'sampled_dates': 145, 'samples': 1015}
2026-08-06 20:54:33,609 INFO [training.train] Batch:
 batches=train=1, valid1=4, test1=4
 inputs=[1, 1, 168]
 targets=[1, 1, 24]
 individual_context=None
 global_context=None
2026-08-06 20:54:33,613 INFO [training.train] training epochs=10000 steps_per_epoch=1 total_steps=10000 valid_eval_freq=1000 logging_eval_freq=1000
2026-08-06 20:54:39,184 INFO [training.train] step=1000 train_batch={'nmse': 1.3901232725530863}
2026-08-06 20:54:39,273 INFO [training.train] step=1000 valid[valid1]={'mse': 1.0258440490622434, 'nmse': 1.0258440490622434, 'mae': 0.7295361448391318, 'nmae': 0.7295361448391318, 'relative_mse': 83.23005646704061}
2026-08-06 20:54:44,864 INFO [training.train] step=2000 train_batch={'nmse': 1.1097150627300143}
2026-08-06 20:54:44,950 INFO [training.train] step=2000 valid[valid1]={'mse': 0.9215805479654147, 'nmse': 0.9215805479654147, 'mae': 0.6876288753816451, 'nmae': 0.6876288753816451, 'relative_mse': 64.89840204148065}
2026-08-06 20:54:50,541 INFO [training.train] step=3000 train_batch={'nmse': 0.9979700107797981}
2026-08-06 20:54:50,628 INFO [training.train] step=3000 valid[valid1]={'mse': 0.8959732030608579, 'nmse': 0.8959732030608579, 'mae': 0.6779487296669745, 'nmae': 0.6779487296669745, 'relative_mse': 60.84390868138406}
2026-08-06 20:54:56,192 INFO [training.train] step=4000 train_batch={'nmse': 1.0651939609125256}
2026-08-06 20:54:56,278 INFO [training.train] step=4000 valid[valid1]={'mse': 0.8709611764290845, 'nmse': 0.8709611764290845, 'mae': 0.6655742075251436, 'nmae': 0.6655742075251436, 'relative_mse': 65.1677216778835}
2026-08-06 20:55:01,852 INFO [training.train] step=5000 train_batch={'nmse': 0.9408057091757656}
2026-08-06 20:55:01,938 INFO [training.train] step=5000 valid[valid1]={'mse': 0.8632278717993124, 'nmse': 0.8632278717993124, 'mae': 0.6626250168372845, 'nmae': 0.6626250168372845, 'relative_mse': 61.20103587885013}
2026-08-06 20:55:07,526 INFO [training.train] step=6000 train_batch={'nmse': 0.9601978341788053}
2026-08-06 20:55:07,613 INFO [training.train] step=6000 valid[valid1]={'mse': 0.8638205241687192, 'nmse': 0.8638205241687192, 'mae': 0.6627919164197198, 'nmae': 0.6627919164197198, 'relative_mse': 62.240242918919655}
2026-08-06 20:55:13,196 INFO [training.train] step=7000 train_batch={'nmse': 1.0009385227784515}
2026-08-06 20:55:13,284 INFO [training.train] step=7000 valid[valid1]={'mse': 0.8511867679790127, 'nmse': 0.8511867679790127, 'mae': 0.6587761438930367, 'nmae': 0.6587761438930367, 'relative_mse': 53.127658476931316}
2026-08-06 20:55:18,857 INFO [training.train] step=8000 train_batch={'nmse': 0.9504016261845827}
2026-08-06 20:55:18,948 INFO [training.train] step=8000 valid[valid1]={'mse': 0.8388428335706589, 'nmse': 0.8388428335706589, 'mae': 0.6504593070896193, 'nmae': 0.6504593070896193, 'relative_mse': 52.15089670065393}
2026-08-06 20:55:24,529 INFO [training.train] step=9000 train_batch={'nmse': 0.9164512790888548}
2026-08-06 20:55:24,615 INFO [training.train] step=9000 valid[valid1]={'mse': 0.8383749374615148, 'nmse': 0.8383749374615148, 'mae': 0.6483830193580665, 'nmae': 0.6483830193580665, 'relative_mse': 55.95714508206974}
2026-08-06 20:55:30,196 INFO [training.train] step=10000 train_batch={'nmse': 0.8884755120724439}
2026-08-06 20:55:30,282 INFO [training.train] step=10000 valid[valid1]={'mse': 0.8325950584975369, 'nmse': 0.8325950584975369, 'mae': 0.6468861947897424, 'nmae': 0.6468861947897424, 'relative_mse': 52.993614179238506}
2026-08-06 20:55:30,283 INFO [training.train] training_done steps=10000 seconds=56.67
2026-08-06 20:55:30,403 INFO [__main__] saved criterion_loss=criterion_loss.pdf
2026-08-06 20:55:30,403 INFO [__main__] training done
2026-08-06 20:55:30,403 INFO [__main__] evaluation start
2026-08-06 20:55:30,966 INFO [__main__] evaluation done
2026-08-06 20:55:30,966 INFO [__main__] experiment done seconds=61.66
2026-08-06 20:55:30,966 INFO [__main__] ========================================================================

2026-08-06T20:55:31+02:00 configuration dataset=ETTh1 lags=168 horizon=24 method=patchtst_remove_all_windows module=scripts.experiment requested_seeds=1,2,3 run_seeds=1,2,3 data_root=/home/h61084/codes/timetensors/../datasets train_sampling=random train_stride=1 eval_sampling=all eval_stride=24 batch_size=256 learning_rate=1e-5 epochs=10000 rebuild_dataset=false rebuild_reason=not_needed overrides=+model.name=patchtst +model.path=patchtst +normalization.name=instance +data.sampling.remove_train_cte=true +data.sampling.remove_eval_cte=true ++data.sampling.drop_train_constant_individuals=false ++data.sampling.drop_eval_constant_individuals=false
2026-08-06 20:55:36,164 INFO [__main__] ========================================================================
2026-08-06 20:55:36,164 INFO [__main__] experiment model=patchtst out=/home/h61084/codes/timetensors/outputs/constants/ETTh1/168_24/patchtst_remove_all_windows/seed_1 rebuild_dataset=False evaluate=True
2026-08-06 20:55:36,164 INFO [__main__] stats recompute=True
2026-08-06 20:55:36,164 INFO [__main__] dataset rebuild skipped
2026-08-06 20:55:36,164 INFO [__main__] training start
2026-08-06 20:55:47,461 INFO [training.train] device requested=gpu resolved=cuda:0 cuda=True
2026-08-06 20:55:47,462 INFO [training.train] data_shape=[168, 1, 24]
2026-08-06 20:55:47,462 INFO [training.train] Splits:
train	idx_mode=random	{'values': (7, 1, 17420), 'individual_context': None, 'global_context': None, 'sampled_individuals': 7, 'sampled_dates': 10261, 'samples': 1}
valid1	idx_mode=all	{'values': (7, 1, 17420), 'individual_context': None, 'global_context': None, 'sampled_individuals': 7, 'sampled_dates': 145, 'samples': 1015}
test1	idx_mode=all	{'values': (7, 1, 17420), 'individual_context': None, 'global_context': None, 'sampled_individuals': 7, 'sampled_dates': 145, 'samples': 1015}
2026-08-06 20:55:47,462 INFO [training.train] Batch:
 batches=train=1, valid1=4, test1=4
 inputs=[1, 1, 168]
 targets=[1, 1, 24]
 individual_context=None
 global_context=None
2026-08-06 20:55:47,464 INFO [training.train] training epochs=10000 steps_per_epoch=1 total_steps=10000 valid_eval_freq=1000 logging_eval_freq=1000
2026-08-06 20:55:55,201 INFO [training.train] step=1000 train_batch={'nmse': 1.3944613708406686}
2026-08-06 20:55:55,291 INFO [training.train] step=1000 valid[valid1]={'mse': 0.9905886194388854, 'nmse': 0.9905886194388854, 'mae': 0.7179051291179187, 'nmae': 0.7179051291179187, 'relative_mse': 84.1165155921272}
2026-08-06 20:56:01,142 INFO [training.train] step=2000 train_batch={'nmse': 1.0905737568065523}
2026-08-06 20:56:01,230 INFO [training.train] step=2000 valid[valid1]={'mse': 0.9101470295823071, 'nmse': 0.9101470295823071, 'mae': 0.6808490020300955, 'nmae': 0.6808490020300955, 'relative_mse': 71.0932060154005}
2026-08-06 20:56:07,068 INFO [training.train] step=3000 train_batch={'nmse': 1.0336947191879153}
2026-08-06 20:56:07,302 INFO [training.train] step=3000 valid[valid1]={'mse': 0.864930582281404, 'nmse': 0.864930582281404, 'mae': 0.6589391147757594, 'nmae': 0.6589391147757594, 'relative_mse': 70.39266601462278}
2026-08-06 20:56:13,147 INFO [training.train] step=4000 train_batch={'nmse': 1.1366241661533714}
2026-08-06 20:56:13,232 INFO [training.train] step=4000 valid[valid1]={'mse': 0.8515718206396243, 'nmse': 0.8515718206396243, 'mae': 0.6536715803475216, 'nmae': 0.6536715803475216, 'relative_mse': 57.348414529133315}
2026-08-06 20:56:19,085 INFO [training.train] step=5000 train_batch={'nmse': 1.029408017143607}
2026-08-06 20:56:19,170 INFO [training.train] step=5000 valid[valid1]={'mse': 0.8411009138636597, 'nmse': 0.8411009138636597, 'mae': 0.6483765049325225, 'nmae': 0.6483765049325225, 'relative_mse': 67.82076927648585}
2026-08-06 20:56:25,017 INFO [training.train] step=6000 train_batch={'nmse': 0.9764892387762666}
2026-08-06 20:56:25,102 INFO [training.train] step=6000 valid[valid1]={'mse': 0.8393453262905378, 'nmse': 0.8393453262905378, 'mae': 0.6465018336604578, 'nmae': 0.6465018336604578, 'relative_mse': 54.32064852409175}
2026-08-06 20:56:30,947 INFO [training.train] step=7000 train_batch={'nmse': 0.9439580315798521}
2026-08-06 20:56:31,033 INFO [training.train] step=7000 valid[valid1]={'mse': 0.8274482413857246, 'nmse': 0.8274482413857246, 'mae': 0.6412164697506157, 'nmae': 0.6412164697506157, 'relative_mse': 63.88306150639977}
2026-08-06 20:56:36,876 INFO [training.train] step=8000 train_batch={'nmse': 0.9139871447682381}
2026-08-06 20:56:36,962 INFO [training.train] step=8000 valid[valid1]={'mse': 0.8266502543231732, 'nmse': 0.8266502543231732, 'mae': 0.6412150165326098, 'nmae': 0.6412150165326098, 'relative_mse': 49.46893818672068}
2026-08-06 20:56:42,806 INFO [training.train] step=9000 train_batch={'nmse': 1.0340303414165974}
2026-08-06 20:56:42,892 INFO [training.train] step=9000 valid[valid1]={'mse': 0.8391932595539563, 'nmse': 0.8391932595539563, 'mae': 0.6496766740269653, 'nmae': 0.6496766740269653, 'relative_mse': 47.68335329754208}
2026-08-06 20:56:48,731 INFO [training.train] step=10000 train_batch={'nmse': 0.9033476170748472}
2026-08-06 20:56:48,822 INFO [training.train] step=10000 valid[valid1]={'mse': 0.8227803047067426, 'nmse': 0.8227803047067426, 'mae': 0.6392026804155121, 'nmae': 0.6392026804155121, 'relative_mse': 51.32803169839292}
2026-08-06 20:56:48,822 INFO [training.train] training_done steps=10000 seconds=61.36
2026-08-06 20:56:49,194 INFO [__main__] saved criterion_loss=criterion_loss.pdf
2026-08-06 20:56:49,194 INFO [__main__] training done
2026-08-06 20:56:49,194 INFO [__main__] evaluation start
2026-08-06 20:56:49,774 INFO [__main__] evaluation done
2026-08-06 20:56:49,774 INFO [__main__] experiment done seconds=73.61
2026-08-06 20:56:49,774 INFO [__main__] ========================================================================
2026-08-06 20:56:49,778 INFO [__main__] ========================================================================
2026-08-06 20:56:49,778 INFO [__main__] experiment model=patchtst out=/home/h61084/codes/timetensors/outputs/constants/ETTh1/168_24/patchtst_remove_all_windows/seed_2 rebuild_dataset=False evaluate=True
2026-08-06 20:56:49,778 INFO [__main__] stats recompute=True
2026-08-06 20:56:49,778 INFO [__main__] dataset rebuild skipped
2026-08-06 20:56:49,778 INFO [__main__] training start
2026-08-06 20:57:00,550 INFO [training.train] device requested=gpu resolved=cuda:0 cuda=True
2026-08-06 20:57:00,551 INFO [training.train] data_shape=[168, 1, 24]
2026-08-06 20:57:00,551 INFO [training.train] Splits:
train	idx_mode=random	{'values': (7, 1, 17420), 'individual_context': None, 'global_context': None, 'sampled_individuals': 7, 'sampled_dates': 10261, 'samples': 1}
valid1	idx_mode=all	{'values': (7, 1, 17420), 'individual_context': None, 'global_context': None, 'sampled_individuals': 7, 'sampled_dates': 145, 'samples': 1015}
test1	idx_mode=all	{'values': (7, 1, 17420), 'individual_context': None, 'global_context': None, 'sampled_individuals': 7, 'sampled_dates': 145, 'samples': 1015}
2026-08-06 20:57:00,551 INFO [training.train] Batch:
 batches=train=1, valid1=4, test1=4
 inputs=[1, 1, 168]
 targets=[1, 1, 24]
 individual_context=None
 global_context=None
2026-08-06 20:57:00,552 INFO [training.train] training epochs=10000 steps_per_epoch=1 total_steps=10000 valid_eval_freq=1000 logging_eval_freq=1000
2026-08-06 20:57:06,427 INFO [training.train] step=1000 train_batch={'nmse': 1.3845332247763873}
2026-08-06 20:57:06,512 INFO [training.train] step=1000 valid[valid1]={'mse': 1.0411206776285407, 'nmse': 1.0411206776285407, 'mae': 0.7396501212284483, 'nmae': 0.7396501212284483, 'relative_mse': 78.40026424514444}
2026-08-06 20:57:12,386 INFO [training.train] step=2000 train_batch={'nmse': 1.0703491509854794}
2026-08-06 20:57:12,471 INFO [training.train] step=2000 valid[valid1]={'mse': 0.9352281492136186, 'nmse': 0.9352281492136186, 'mae': 0.6916411301185345, 'nmae': 0.6916411301185345, 'relative_mse': 56.55121834790961}
2026-08-06 20:57:18,338 INFO [training.train] step=3000 train_batch={'nmse': 1.0985531120747327}
2026-08-06 20:57:18,423 INFO [training.train] step=3000 valid[valid1]={'mse': 0.8994601846328509, 'nmse': 0.8994601846328509, 'mae': 0.6751016350606783, 'nmae': 0.6751016350606783, 'relative_mse': 51.67372555787536}
2026-08-06 20:57:24,316 INFO [training.train] step=4000 train_batch={'nmse': 1.052971181228757}
2026-08-06 20:57:24,403 INFO [training.train] step=4000 valid[valid1]={'mse': 0.8749728999897373, 'nmse': 0.8749728999897373, 'mae': 0.665314833166564, 'nmae': 0.665314833166564, 'relative_mse': 59.386662174719696}
2026-08-06 20:57:30,280 INFO [training.train] step=5000 train_batch={'nmse': 0.9732416164129972}
2026-08-06 20:57:30,365 INFO [training.train] step=5000 valid[valid1]={'mse': 0.8708988985208846, 'nmse': 0.8708988985208846, 'mae': 0.6639463427814553, 'nmae': 0.6639463427814553, 'relative_mse': 53.31933776153915}
2026-08-06 20:57:36,237 INFO [training.train] step=6000 train_batch={'nmse': 0.9300456462576986}
2026-08-06 20:57:36,323 INFO [training.train] step=6000 valid[valid1]={'mse': 0.8582537771641523, 'nmse': 0.8582537771641523, 'mae': 0.6591884068080357, 'nmae': 0.6591884068080357, 'relative_mse': 52.207226191678856}
2026-08-06 20:57:42,190 INFO [training.train] step=7000 train_batch={'nmse': 0.9949941357374191}
2026-08-06 20:57:42,275 INFO [training.train] step=7000 valid[valid1]={'mse': 0.8461363944318299, 'nmse': 0.8461363944318299, 'mae': 0.6526794934703407, 'nmae': 0.6526794934703407, 'relative_mse': 52.01528514743047}
2026-08-06 20:57:48,135 INFO [training.train] step=8000 train_batch={'nmse': 0.9003309483230114}
2026-08-06 20:57:48,220 INFO [training.train] step=8000 valid[valid1]={'mse': 0.8561924225003849, 'nmse': 0.8561924225003849, 'mae': 0.656868950604218, 'nmae': 0.656868950604218, 'relative_mse': 56.566107308022886}
2026-08-06 20:57:54,094 INFO [training.train] step=9000 train_batch={'nmse': 0.9498951886296272}
2026-08-06 20:57:54,179 INFO [training.train] step=9000 valid[valid1]={'mse': 0.8506384838586566, 'nmse': 0.8506384838586566, 'mae': 0.6541864705203202, 'nmae': 0.6541864705203202, 'relative_mse': 50.41734807557856}
2026-08-06 20:58:00,067 INFO [training.train] step=10000 train_batch={'nmse': 0.943423369422555}
2026-08-06 20:58:00,153 INFO [training.train] step=10000 valid[valid1]={'mse': 0.8424218689866841, 'nmse': 0.8424218689866841, 'mae': 0.6520936561922722, 'nmae': 0.6520936561922722, 'relative_mse': 49.369885684860556}
2026-08-06 20:58:00,153 INFO [training.train] training_done steps=10000 seconds=59.60
2026-08-06 20:58:00,273 INFO [__main__] saved criterion_loss=criterion_loss.pdf
2026-08-06 20:58:00,273 INFO [__main__] training done
2026-08-06 20:58:00,273 INFO [__main__] evaluation start
2026-08-06 20:58:00,878 INFO [__main__] evaluation done
2026-08-06 20:58:00,878 INFO [__main__] experiment done seconds=71.10
2026-08-06 20:58:00,878 INFO [__main__] ========================================================================
2026-08-06 20:58:00,883 INFO [__main__] ========================================================================
2026-08-06 20:58:00,883 INFO [__main__] experiment model=patchtst out=/home/h61084/codes/timetensors/outputs/constants/ETTh1/168_24/patchtst_remove_all_windows/seed_3 rebuild_dataset=False evaluate=True
2026-08-06 20:58:00,883 INFO [__main__] stats recompute=True
2026-08-06 20:58:00,883 INFO [__main__] dataset rebuild skipped
2026-08-06 20:58:00,883 INFO [__main__] training start
2026-08-06 20:58:11,665 INFO [training.train] device requested=gpu resolved=cuda:0 cuda=True
2026-08-06 20:58:11,666 INFO [training.train] data_shape=[168, 1, 24]
2026-08-06 20:58:11,666 INFO [training.train] Splits:
train	idx_mode=random	{'values': (7, 1, 17420), 'individual_context': None, 'global_context': None, 'sampled_individuals': 7, 'sampled_dates': 10261, 'samples': 1}
valid1	idx_mode=all	{'values': (7, 1, 17420), 'individual_context': None, 'global_context': None, 'sampled_individuals': 7, 'sampled_dates': 145, 'samples': 1015}
test1	idx_mode=all	{'values': (7, 1, 17420), 'individual_context': None, 'global_context': None, 'sampled_individuals': 7, 'sampled_dates': 145, 'samples': 1015}
2026-08-06 20:58:11,666 INFO [training.train] Batch:
 batches=train=1, valid1=4, test1=4
 inputs=[1, 1, 168]
 targets=[1, 1, 24]
 individual_context=None
 global_context=None
2026-08-06 20:58:11,666 INFO [training.train] training epochs=10000 steps_per_epoch=1 total_steps=10000 valid_eval_freq=1000 logging_eval_freq=1000
2026-08-06 20:58:17,536 INFO [training.train] step=1000 train_batch={'nmse': 1.3901232725530863}
2026-08-06 20:58:17,628 INFO [training.train] step=1000 valid[valid1]={'mse': 1.0258440490622434, 'nmse': 1.0258440490622434, 'mae': 0.7295361448391318, 'nmae': 0.7295361448391318, 'relative_mse': 83.23005646704061}
2026-08-06 20:58:23,492 INFO [training.train] step=2000 train_batch={'nmse': 1.1097150627300143}
2026-08-06 20:58:23,577 INFO [training.train] step=2000 valid[valid1]={'mse': 0.9215805479654147, 'nmse': 0.9215805479654147, 'mae': 0.6876288753816451, 'nmae': 0.6876288753816451, 'relative_mse': 64.89840204148065}
2026-08-06 20:58:29,452 INFO [training.train] step=3000 train_batch={'nmse': 0.9979700107797981}
2026-08-06 20:58:29,537 INFO [training.train] step=3000 valid[valid1]={'mse': 0.8959732030608579, 'nmse': 0.8959732030608579, 'mae': 0.6779487296669745, 'nmae': 0.6779487296669745, 'relative_mse': 60.84390868138406}
2026-08-06 20:58:35,422 INFO [training.train] step=4000 train_batch={'nmse': 1.0651939609125256}
2026-08-06 20:58:35,507 INFO [training.train] step=4000 valid[valid1]={'mse': 0.8709611764290845, 'nmse': 0.8709611764290845, 'mae': 0.6655742075251436, 'nmae': 0.6655742075251436, 'relative_mse': 65.1677216778835}
2026-08-06 20:58:41,366 INFO [training.train] step=5000 train_batch={'nmse': 0.9408057091757656}
2026-08-06 20:58:41,451 INFO [training.train] step=5000 valid[valid1]={'mse': 0.8632278717993124, 'nmse': 0.8632278717993124, 'mae': 0.6626250168372845, 'nmae': 0.6626250168372845, 'relative_mse': 61.20103587885013}
2026-08-06 20:58:47,338 INFO [training.train] step=6000 train_batch={'nmse': 0.9601978341788053}
2026-08-06 20:58:47,424 INFO [training.train] step=6000 valid[valid1]={'mse': 0.8638205241687192, 'nmse': 0.8638205241687192, 'mae': 0.6627919164197198, 'nmae': 0.6627919164197198, 'relative_mse': 62.240242918919655}
2026-08-06 20:58:53,309 INFO [training.train] step=7000 train_batch={'nmse': 1.0009385227784515}
2026-08-06 20:58:53,394 INFO [training.train] step=7000 valid[valid1]={'mse': 0.8511867679790127, 'nmse': 0.8511867679790127, 'mae': 0.6587761438930367, 'nmae': 0.6587761438930367, 'relative_mse': 53.127658476931316}
2026-08-06 20:58:59,277 INFO [training.train] step=8000 train_batch={'nmse': 0.9504016261845827}
2026-08-06 20:58:59,362 INFO [training.train] step=8000 valid[valid1]={'mse': 0.8388428335706589, 'nmse': 0.8388428335706589, 'mae': 0.6504593070896193, 'nmae': 0.6504593070896193, 'relative_mse': 52.15089670065393}
2026-08-06 20:59:05,253 INFO [training.train] step=9000 train_batch={'nmse': 0.9164512790888548}
2026-08-06 20:59:05,338 INFO [training.train] step=9000 valid[valid1]={'mse': 0.8383749374615148, 'nmse': 0.8383749374615148, 'mae': 0.6483830193580665, 'nmae': 0.6483830193580665, 'relative_mse': 55.95714508206974}
2026-08-06 20:59:11,240 INFO [training.train] step=10000 train_batch={'nmse': 0.8884755120724439}
2026-08-06 20:59:11,326 INFO [training.train] step=10000 valid[valid1]={'mse': 0.8325950584975369, 'nmse': 0.8325950584975369, 'mae': 0.6468861947897424, 'nmae': 0.6468861947897424, 'relative_mse': 52.993614179238506}
2026-08-06 20:59:11,326 INFO [training.train] training_done steps=10000 seconds=59.66
2026-08-06 20:59:11,450 INFO [__main__] saved criterion_loss=criterion_loss.pdf
2026-08-06 20:59:11,450 INFO [__main__] training done
2026-08-06 20:59:11,450 INFO [__main__] evaluation start
2026-08-06 20:59:12,035 INFO [__main__] evaluation done
2026-08-06 20:59:12,035 INFO [__main__] experiment done seconds=71.15
2026-08-06 20:59:12,035 INFO [__main__] ========================================================================

2026-08-06T20:59:12+02:00 configuration dataset=ETTh1 lags=168 horizon=24 method=patchtst_drop_all_users module=scripts.experiment requested_seeds=1,2,3 run_seeds=1,2,3 data_root=/home/h61084/codes/timetensors/../datasets train_sampling=random train_stride=1 eval_sampling=all eval_stride=24 batch_size=256 learning_rate=1e-5 epochs=10000 rebuild_dataset=false rebuild_reason=not_needed overrides=+model.name=patchtst +model.path=patchtst +normalization.name=instance +data.sampling.remove_train_cte=false +data.sampling.remove_eval_cte=false ++data.sampling.drop_train_constant_individuals=true ++data.sampling.drop_eval_constant_individuals=true
2026-08-06 20:59:17,197 INFO [__main__] ========================================================================
2026-08-06 20:59:17,197 INFO [__main__] experiment model=patchtst out=/home/h61084/codes/timetensors/outputs/constants/ETTh1/168_24/patchtst_drop_all_users/seed_1 rebuild_dataset=False evaluate=True
2026-08-06 20:59:17,197 INFO [__main__] stats recompute=True
2026-08-06 20:59:17,197 INFO [__main__] dataset rebuild skipped
2026-08-06 20:59:17,197 INFO [__main__] training start
2026-08-06 20:59:21,962 INFO [training.train] device requested=gpu resolved=cuda:0 cuda=True
2026-08-06 20:59:21,964 INFO [training.train] data_shape=[168, 1, 24]
2026-08-06 20:59:21,964 INFO [training.train] Splits:
train	idx_mode=random	{'values': (7, 1, 17420), 'individual_context': None, 'global_context': None, 'sampled_individuals': 7, 'sampled_dates': 10261, 'samples': 1}
valid1	idx_mode=all	{'values': (7, 1, 17420), 'individual_context': None, 'global_context': None, 'sampled_individuals': 7, 'sampled_dates': 145, 'samples': 1015}
test1	idx_mode=all	{'values': (7, 1, 17420), 'individual_context': None, 'global_context': None, 'sampled_individuals': 7, 'sampled_dates': 145, 'samples': 1015}
2026-08-06 20:59:21,964 INFO [training.train] Batch:
 batches=train=1, valid1=4, test1=4
 inputs=[1, 1, 168]
 targets=[1, 1, 24]
 individual_context=None
 global_context=None
2026-08-06 20:59:21,966 INFO [training.train] training epochs=10000 steps_per_epoch=1 total_steps=10000 valid_eval_freq=1000 logging_eval_freq=1000
2026-08-06 20:59:29,956 INFO [training.train] step=1000 train_batch={'nmse': 1.3944613708406686}
2026-08-06 20:59:30,195 INFO [training.train] step=1000 valid[valid1]={'mse': 0.9905886194388854, 'nmse': 0.9905886194388854, 'mae': 0.7179051291179187, 'nmae': 0.7179051291179187, 'relative_mse': 84.1165155921272}
2026-08-06 20:59:35,950 INFO [training.train] step=2000 train_batch={'nmse': 1.0905737568065523}
2026-08-06 20:59:36,010 INFO [training.train] step=2000 valid[valid1]={'mse': 0.9101470295823071, 'nmse': 0.9101470295823071, 'mae': 0.6808490020300955, 'nmae': 0.6808490020300955, 'relative_mse': 71.0932060154005}
2026-08-06 20:59:41,616 INFO [training.train] step=3000 train_batch={'nmse': 1.0336947191879153}
2026-08-06 20:59:41,677 INFO [training.train] step=3000 valid[valid1]={'mse': 0.864930582281404, 'nmse': 0.864930582281404, 'mae': 0.6589391147757594, 'nmae': 0.6589391147757594, 'relative_mse': 70.39266601462278}
2026-08-06 20:59:47,258 INFO [training.train] step=4000 train_batch={'nmse': 1.1366241661533714}
2026-08-06 20:59:47,317 INFO [training.train] step=4000 valid[valid1]={'mse': 0.8515718206396243, 'nmse': 0.8515718206396243, 'mae': 0.6536715803475216, 'nmae': 0.6536715803475216, 'relative_mse': 57.348414529133315}
2026-08-06 20:59:52,911 INFO [training.train] step=5000 train_batch={'nmse': 1.029408017143607}
2026-08-06 20:59:52,969 INFO [training.train] step=5000 valid[valid1]={'mse': 0.8411009138636597, 'nmse': 0.8411009138636597, 'mae': 0.6483765049325225, 'nmae': 0.6483765049325225, 'relative_mse': 67.82076927648585}
2026-08-06 20:59:58,542 INFO [training.train] step=6000 train_batch={'nmse': 0.9764892387762666}
2026-08-06 20:59:58,600 INFO [training.train] step=6000 valid[valid1]={'mse': 0.8393453262905378, 'nmse': 0.8393453262905378, 'mae': 0.6465018336604578, 'nmae': 0.6465018336604578, 'relative_mse': 54.32064852409175}
2026-08-06 21:00:04,174 INFO [training.train] step=7000 train_batch={'nmse': 0.9439580315798521}
2026-08-06 21:00:04,232 INFO [training.train] step=7000 valid[valid1]={'mse': 0.8274482413857246, 'nmse': 0.8274482413857246, 'mae': 0.6412164697506157, 'nmae': 0.6412164697506157, 'relative_mse': 63.88306150639977}
2026-08-06 21:00:09,806 INFO [training.train] step=8000 train_batch={'nmse': 0.9139871447682381}
2026-08-06 21:00:09,864 INFO [training.train] step=8000 valid[valid1]={'mse': 0.8266502543231732, 'nmse': 0.8266502543231732, 'mae': 0.6412150165326098, 'nmae': 0.6412150165326098, 'relative_mse': 49.46893818672068}
2026-08-06 21:00:15,437 INFO [training.train] step=9000 train_batch={'nmse': 1.0340303414165974}
2026-08-06 21:00:15,495 INFO [training.train] step=9000 valid[valid1]={'mse': 0.8391932595539563, 'nmse': 0.8391932595539563, 'mae': 0.6496766740269653, 'nmae': 0.6496766740269653, 'relative_mse': 47.68335329754208}
2026-08-06 21:00:21,063 INFO [training.train] step=10000 train_batch={'nmse': 0.9033476170748472}
2026-08-06 21:00:21,122 INFO [training.train] step=10000 valid[valid1]={'mse': 0.8227803047067426, 'nmse': 0.8227803047067426, 'mae': 0.6392026804155121, 'nmae': 0.6392026804155121, 'relative_mse': 51.32803169839292}
2026-08-06 21:00:21,122 INFO [training.train] training_done steps=10000 seconds=59.16
2026-08-06 21:00:21,497 INFO [__main__] saved criterion_loss=criterion_loss.pdf
2026-08-06 21:00:21,497 INFO [__main__] training done
2026-08-06 21:00:21,497 INFO [__main__] evaluation start
2026-08-06 21:00:21,962 INFO [__main__] evaluation done
2026-08-06 21:00:21,963 INFO [__main__] experiment done seconds=64.77
2026-08-06 21:00:21,963 INFO [__main__] ========================================================================
2026-08-06 21:00:21,967 INFO [__main__] ========================================================================
2026-08-06 21:00:21,967 INFO [__main__] experiment model=patchtst out=/home/h61084/codes/timetensors/outputs/constants/ETTh1/168_24/patchtst_drop_all_users/seed_2 rebuild_dataset=False evaluate=True
2026-08-06 21:00:21,967 INFO [__main__] stats recompute=True
2026-08-06 21:00:21,967 INFO [__main__] dataset rebuild skipped
2026-08-06 21:00:21,967 INFO [__main__] training start
2026-08-06 21:00:26,126 INFO [training.train] device requested=gpu resolved=cuda:0 cuda=True
2026-08-06 21:00:26,127 INFO [training.train] data_shape=[168, 1, 24]
2026-08-06 21:00:26,127 INFO [training.train] Splits:
train	idx_mode=random	{'values': (7, 1, 17420), 'individual_context': None, 'global_context': None, 'sampled_individuals': 7, 'sampled_dates': 10261, 'samples': 1}
valid1	idx_mode=all	{'values': (7, 1, 17420), 'individual_context': None, 'global_context': None, 'sampled_individuals': 7, 'sampled_dates': 145, 'samples': 1015}
test1	idx_mode=all	{'values': (7, 1, 17420), 'individual_context': None, 'global_context': None, 'sampled_individuals': 7, 'sampled_dates': 145, 'samples': 1015}
2026-08-06 21:00:26,127 INFO [training.train] Batch:
 batches=train=1, valid1=4, test1=4
 inputs=[1, 1, 168]
 targets=[1, 1, 24]
 individual_context=None
 global_context=None
2026-08-06 21:00:26,130 INFO [training.train] training epochs=10000 steps_per_epoch=1 total_steps=10000 valid_eval_freq=1000 logging_eval_freq=1000
2026-08-06 21:00:31,739 INFO [training.train] step=1000 train_batch={'nmse': 1.3845332247763873}
2026-08-06 21:00:31,798 INFO [training.train] step=1000 valid[valid1]={'mse': 1.0411206776285407, 'nmse': 1.0411206776285407, 'mae': 0.7396501212284483, 'nmae': 0.7396501212284483, 'relative_mse': 78.40026424514444}
2026-08-06 21:00:37,402 INFO [training.train] step=2000 train_batch={'nmse': 1.0703491509854794}
2026-08-06 21:00:37,460 INFO [training.train] step=2000 valid[valid1]={'mse': 0.9352281492136186, 'nmse': 0.9352281492136186, 'mae': 0.6916411301185345, 'nmae': 0.6916411301185345, 'relative_mse': 56.55121834790961}
2026-08-06 21:00:43,077 INFO [training.train] step=3000 train_batch={'nmse': 1.0985531120747327}
2026-08-06 21:00:43,136 INFO [training.train] step=3000 valid[valid1]={'mse': 0.8994601846328509, 'nmse': 0.8994601846328509, 'mae': 0.6751016350606783, 'nmae': 0.6751016350606783, 'relative_mse': 51.67372555787536}
2026-08-06 21:00:48,768 INFO [training.train] step=4000 train_batch={'nmse': 1.052971181228757}
2026-08-06 21:00:48,826 INFO [training.train] step=4000 valid[valid1]={'mse': 0.8749728999897373, 'nmse': 0.8749728999897373, 'mae': 0.665314833166564, 'nmae': 0.665314833166564, 'relative_mse': 59.386662174719696}
2026-08-06 21:00:54,450 INFO [training.train] step=5000 train_batch={'nmse': 0.9732416164129972}
2026-08-06 21:00:54,509 INFO [training.train] step=5000 valid[valid1]={'mse': 0.8708988985208846, 'nmse': 0.8708988985208846, 'mae': 0.6639463427814553, 'nmae': 0.6639463427814553, 'relative_mse': 53.31933776153915}
2026-08-06 21:01:00,117 INFO [training.train] step=6000 train_batch={'nmse': 0.9300456462576986}
2026-08-06 21:01:00,176 INFO [training.train] step=6000 valid[valid1]={'mse': 0.8582537771641523, 'nmse': 0.8582537771641523, 'mae': 0.6591884068080357, 'nmae': 0.6591884068080357, 'relative_mse': 52.207226191678856}
2026-08-06 21:01:05,777 INFO [training.train] step=7000 train_batch={'nmse': 0.9949941357374191}
2026-08-06 21:01:05,835 INFO [training.train] step=7000 valid[valid1]={'mse': 0.8461363944318299, 'nmse': 0.8461363944318299, 'mae': 0.6526794934703407, 'nmae': 0.6526794934703407, 'relative_mse': 52.01528514743047}
2026-08-06 21:01:11,445 INFO [training.train] step=8000 train_batch={'nmse': 0.9003309483230114}
2026-08-06 21:01:11,504 INFO [training.train] step=8000 valid[valid1]={'mse': 0.8561924225003849, 'nmse': 0.8561924225003849, 'mae': 0.656868950604218, 'nmae': 0.656868950604218, 'relative_mse': 56.566107308022886}
2026-08-06 21:01:17,115 INFO [training.train] step=9000 train_batch={'nmse': 0.9498951886296272}
2026-08-06 21:01:17,174 INFO [training.train] step=9000 valid[valid1]={'mse': 0.8506384838586566, 'nmse': 0.8506384838586566, 'mae': 0.6541864705203202, 'nmae': 0.6541864705203202, 'relative_mse': 50.41734807557856}
2026-08-06 21:01:22,803 INFO [training.train] step=10000 train_batch={'nmse': 0.943423369422555}
2026-08-06 21:01:22,862 INFO [training.train] step=10000 valid[valid1]={'mse': 0.8424218689866841, 'nmse': 0.8424218689866841, 'mae': 0.6520936561922722, 'nmae': 0.6520936561922722, 'relative_mse': 49.369885684860556}
2026-08-06 21:01:22,862 INFO [training.train] training_done steps=10000 seconds=56.73
2026-08-06 21:01:22,980 INFO [__main__] saved criterion_loss=criterion_loss.pdf
2026-08-06 21:01:22,980 INFO [__main__] training done
2026-08-06 21:01:22,980 INFO [__main__] evaluation start
2026-08-06 21:01:23,419 INFO [__main__] evaluation done
2026-08-06 21:01:23,419 INFO [__main__] experiment done seconds=61.45
2026-08-06 21:01:23,419 INFO [__main__] ========================================================================
2026-08-06 21:01:23,423 INFO [__main__] ========================================================================
2026-08-06 21:01:23,423 INFO [__main__] experiment model=patchtst out=/home/h61084/codes/timetensors/outputs/constants/ETTh1/168_24/patchtst_drop_all_users/seed_3 rebuild_dataset=False evaluate=True
2026-08-06 21:01:23,423 INFO [__main__] stats recompute=True
2026-08-06 21:01:23,423 INFO [__main__] dataset rebuild skipped
2026-08-06 21:01:23,423 INFO [__main__] training start
2026-08-06 21:01:27,620 INFO [training.train] device requested=gpu resolved=cuda:0 cuda=True
2026-08-06 21:01:27,621 INFO [training.train] data_shape=[168, 1, 24]
2026-08-06 21:01:27,621 INFO [training.train] Splits:
train	idx_mode=random	{'values': (7, 1, 17420), 'individual_context': None, 'global_context': None, 'sampled_individuals': 7, 'sampled_dates': 10261, 'samples': 1}
valid1	idx_mode=all	{'values': (7, 1, 17420), 'individual_context': None, 'global_context': None, 'sampled_individuals': 7, 'sampled_dates': 145, 'samples': 1015}
test1	idx_mode=all	{'values': (7, 1, 17420), 'individual_context': None, 'global_context': None, 'sampled_individuals': 7, 'sampled_dates': 145, 'samples': 1015}
2026-08-06 21:01:27,621 INFO [training.train] Batch:
 batches=train=1, valid1=4, test1=4
 inputs=[1, 1, 168]
 targets=[1, 1, 24]
 individual_context=None
 global_context=None
2026-08-06 21:01:27,625 INFO [training.train] training epochs=10000 steps_per_epoch=1 total_steps=10000 valid_eval_freq=1000 logging_eval_freq=1000
2026-08-06 21:01:33,243 INFO [training.train] step=1000 train_batch={'nmse': 1.3901232725530863}
2026-08-06 21:01:33,302 INFO [training.train] step=1000 valid[valid1]={'mse': 1.0258440490622434, 'nmse': 1.0258440490622434, 'mae': 0.7295361448391318, 'nmae': 0.7295361448391318, 'relative_mse': 83.23005646704061}
2026-08-06 21:01:38,920 INFO [training.train] step=2000 train_batch={'nmse': 1.1097150627300143}
2026-08-06 21:01:38,979 INFO [training.train] step=2000 valid[valid1]={'mse': 0.9215805479654147, 'nmse': 0.9215805479654147, 'mae': 0.6876288753816451, 'nmae': 0.6876288753816451, 'relative_mse': 64.89840204148065}
2026-08-06 21:01:44,591 INFO [training.train] step=3000 train_batch={'nmse': 0.9979700107797981}
2026-08-06 21:01:44,649 INFO [training.train] step=3000 valid[valid1]={'mse': 0.8959732030608579, 'nmse': 0.8959732030608579, 'mae': 0.6779487296669745, 'nmae': 0.6779487296669745, 'relative_mse': 60.84390868138406}
2026-08-06 21:01:50,265 INFO [training.train] step=4000 train_batch={'nmse': 1.0651939609125256}
2026-08-06 21:01:50,324 INFO [training.train] step=4000 valid[valid1]={'mse': 0.8709611764290845, 'nmse': 0.8709611764290845, 'mae': 0.6655742075251436, 'nmae': 0.6655742075251436, 'relative_mse': 65.1677216778835}
2026-08-06 21:01:55,952 INFO [training.train] step=5000 train_batch={'nmse': 0.9408057091757656}
2026-08-06 21:01:56,011 INFO [training.train] step=5000 valid[valid1]={'mse': 0.8632278717993124, 'nmse': 0.8632278717993124, 'mae': 0.6626250168372845, 'nmae': 0.6626250168372845, 'relative_mse': 61.20103587885013}
2026-08-06 21:02:01,623 INFO [training.train] step=6000 train_batch={'nmse': 0.9601978341788053}
2026-08-06 21:02:01,690 INFO [training.train] step=6000 valid[valid1]={'mse': 0.8638205241687192, 'nmse': 0.8638205241687192, 'mae': 0.6627919164197198, 'nmae': 0.6627919164197198, 'relative_mse': 62.240242918919655}
2026-08-06 21:02:07,300 INFO [training.train] step=7000 train_batch={'nmse': 1.0009385227784515}
2026-08-06 21:02:07,358 INFO [training.train] step=7000 valid[valid1]={'mse': 0.8511867679790127, 'nmse': 0.8511867679790127, 'mae': 0.6587761438930367, 'nmae': 0.6587761438930367, 'relative_mse': 53.127658476931316}
2026-08-06 21:02:12,975 INFO [training.train] step=8000 train_batch={'nmse': 0.9504016261845827}
2026-08-06 21:02:13,035 INFO [training.train] step=8000 valid[valid1]={'mse': 0.8388428335706589, 'nmse': 0.8388428335706589, 'mae': 0.6504593070896193, 'nmae': 0.6504593070896193, 'relative_mse': 52.15089670065393}
2026-08-06 21:02:18,653 INFO [training.train] step=9000 train_batch={'nmse': 0.9164512790888548}
2026-08-06 21:02:18,713 INFO [training.train] step=9000 valid[valid1]={'mse': 0.8383749374615148, 'nmse': 0.8383749374615148, 'mae': 0.6483830193580665, 'nmae': 0.6483830193580665, 'relative_mse': 55.95714508206974}
2026-08-06 21:02:24,330 INFO [training.train] step=10000 train_batch={'nmse': 0.8884755120724439}
2026-08-06 21:02:24,389 INFO [training.train] step=10000 valid[valid1]={'mse': 0.8325950584975369, 'nmse': 0.8325950584975369, 'mae': 0.6468861947897424, 'nmae': 0.6468861947897424, 'relative_mse': 52.993614179238506}
2026-08-06 21:02:24,389 INFO [training.train] training_done steps=10000 seconds=56.76
2026-08-06 21:02:24,641 INFO [__main__] saved criterion_loss=criterion_loss.pdf
2026-08-06 21:02:24,641 INFO [__main__] training done
2026-08-06 21:02:24,641 INFO [__main__] evaluation start
2026-08-06 21:02:24,975 INFO [__main__] evaluation done
2026-08-06 21:02:24,975 INFO [__main__] experiment done seconds=61.55
2026-08-06 21:02:24,975 INFO [__main__] ========================================================================

2026-08-06T21:02:25+02:00 configuration dataset=ETTh1 lags=336 horizon=48 method=patchtst_keep module=scripts.experiment requested_seeds=1,2,3 run_seeds=1,2,3 data_root=/home/h61084/codes/timetensors/../datasets train_sampling=random train_stride=1 eval_sampling=all eval_stride=48 batch_size=256 learning_rate=1e-5 epochs=10000 rebuild_dataset=false rebuild_reason=not_needed overrides=+model.name=patchtst +model.path=patchtst +normalization.name=instance +data.sampling.remove_train_cte=false +data.sampling.remove_eval_cte=false ++data.sampling.drop_train_constant_individuals=false ++data.sampling.drop_eval_constant_individuals=false
2026-08-06 21:02:30,136 INFO [__main__] ========================================================================
2026-08-06 21:02:30,137 INFO [__main__] experiment model=patchtst out=/home/h61084/codes/timetensors/outputs/constants/ETTh1/336_48/patchtst_keep/seed_1 rebuild_dataset=False evaluate=True
2026-08-06 21:02:30,137 INFO [__main__] stats recompute=True
2026-08-06 21:02:30,137 INFO [__main__] dataset rebuild skipped
2026-08-06 21:02:30,137 INFO [__main__] training start
2026-08-06 21:02:34,684 INFO [training.train] device requested=gpu resolved=cuda:0 cuda=True
2026-08-06 21:02:34,685 INFO [training.train] data_shape=[336, 1, 48]
2026-08-06 21:02:34,685 INFO [training.train] Splits:
train	idx_mode=random	{'values': (7, 1, 17420), 'individual_context': None, 'global_context': None, 'sampled_individuals': 7, 'sampled_dates': 10069, 'samples': 1}
valid1	idx_mode=all	{'values': (7, 1, 17420), 'individual_context': None, 'global_context': None, 'sampled_individuals': 7, 'sampled_dates': 72, 'samples': 504}
test1	idx_mode=all	{'values': (7, 1, 17420), 'individual_context': None, 'global_context': None, 'sampled_individuals': 7, 'sampled_dates': 72, 'samples': 504}
2026-08-06 21:02:34,685 INFO [training.train] Batch:
 batches=train=1, valid1=2, test1=2
 inputs=[1, 1, 336]
 targets=[1, 1, 48]
 individual_context=None
 global_context=None
2026-08-06 21:02:34,687 INFO [training.train] training epochs=10000 steps_per_epoch=1 total_steps=10000 valid_eval_freq=1000 logging_eval_freq=1000
2026-08-06 21:02:42,122 INFO [training.train] step=1000 train_batch={'nmse': 1.2479032477587462}
2026-08-06 21:02:42,161 INFO [training.train] step=1000 valid[valid1]={'mse': 0.9278021111059441, 'nmse': 0.9278021111059441, 'mae': 0.7014889187282987, 'nmae': 0.7014889187282987, 'relative_mse': 125.22134300514504}
2026-08-06 21:02:47,686 INFO [training.train] step=2000 train_batch={'nmse': 1.080289300903678}
2026-08-06 21:02:47,718 INFO [training.train] step=2000 valid[valid1]={'mse': 0.8582653873181217, 'nmse': 0.8582653873181217, 'mae': 0.6734437084702588, 'nmae': 0.6734437084702588, 'relative_mse': 116.91637375241234}
2026-08-06 21:02:53,243 INFO [training.train] step=3000 train_batch={'nmse': 0.9955985734760762}
2026-08-06 21:02:53,275 INFO [training.train] step=3000 valid[valid1]={'mse': 0.8370695568266369, 'nmse': 0.8370695568266369, 'mae': 0.6658649545497995, 'nmae': 0.6658649545497995, 'relative_mse': 106.92909531366257}
2026-08-06 21:02:58,880 INFO [training.train] step=4000 train_batch={'nmse': 0.9310080765411258}
2026-08-06 21:02:59,056 INFO [training.train] step=4000 valid[valid1]={'mse': 0.8197188604445684, 'nmse': 0.8197188604445684, 'mae': 0.654898830191799, 'nmae': 0.654898830191799, 'relative_mse': 146.7589503495151}
2026-08-06 21:03:04,565 INFO [training.train] step=5000 train_batch={'nmse': 0.9514027243256569}
2026-08-06 21:03:04,596 INFO [training.train] step=5000 valid[valid1]={'mse': 0.7943277914057333, 'nmse': 0.7943277914057333, 'mae': 0.6433530736852575, 'nmae': 0.6433530736852575, 'relative_mse': 132.40524984289098}
2026-08-06 21:03:10,113 INFO [training.train] step=6000 train_batch={'nmse': 0.987254350244999}
2026-08-06 21:03:10,143 INFO [training.train] step=6000 valid[valid1]={'mse': 0.786666991218688, 'nmse': 0.786666991218688, 'mae': 0.6399002277031147, 'nmae': 0.6399002277031147, 'relative_mse': 127.3777427471504}
2026-08-06 21:03:15,665 INFO [training.train] step=7000 train_batch={'nmse': 0.9618102626055479}
2026-08-06 21:03:15,696 INFO [training.train] step=7000 valid[valid1]={'mse': 0.7794818373584242, 'nmse': 0.7794818373584242, 'mae': 0.6374794288917824, 'nmae': 0.6374794288917824, 'relative_mse': 126.61393414855634}
2026-08-06 21:03:21,215 INFO [training.train] step=8000 train_batch={'nmse': 1.0080347660779954}
2026-08-06 21:03:21,245 INFO [training.train] step=8000 valid[valid1]={'mse': 0.7737395271422371, 'nmse': 0.7737395271422371, 'mae': 0.6303466312468998, 'nmae': 0.6303466312468998, 'relative_mse': 132.47318235528533}
2026-08-06 21:03:26,764 INFO [training.train] step=9000 train_batch={'nmse': 0.9530404430478812}
2026-08-06 21:03:26,795 INFO [training.train] step=9000 valid[valid1]={'mse': 0.7662899279720569, 'nmse': 0.7662899279720569, 'mae': 0.6291146858659371, 'nmae': 0.6291146858659371, 'relative_mse': 113.14937300909133}
2026-08-06 21:03:32,314 INFO [training.train] step=10000 train_batch={'nmse': 0.90919515465945}
2026-08-06 21:03:32,345 INFO [training.train] step=10000 valid[valid1]={'mse': 0.7678490694237765, 'nmse': 0.7678490694237765, 'mae': 0.6330186753045945, 'nmae': 0.6330186753045945, 'relative_mse': 147.4839593897421}
2026-08-06 21:03:32,345 INFO [training.train] training_done steps=10000 seconds=57.66
2026-08-06 21:03:32,734 INFO [__main__] saved criterion_loss=criterion_loss.pdf
2026-08-06 21:03:32,735 INFO [__main__] training done
2026-08-06 21:03:32,735 INFO [__main__] evaluation start
2026-08-06 21:03:32,958 INFO [__main__] evaluation done
2026-08-06 21:03:32,958 INFO [__main__] experiment done seconds=62.83
2026-08-06 21:03:32,958 INFO [__main__] ========================================================================
2026-08-06 21:03:32,960 INFO [__main__] ========================================================================
2026-08-06 21:03:32,960 INFO [__main__] experiment model=patchtst out=/home/h61084/codes/timetensors/outputs/constants/ETTh1/336_48/patchtst_keep/seed_2 rebuild_dataset=False evaluate=True
2026-08-06 21:03:32,960 INFO [__main__] stats recompute=True
2026-08-06 21:03:32,960 INFO [__main__] dataset rebuild skipped
2026-08-06 21:03:32,960 INFO [__main__] training start
2026-08-06 21:03:36,947 INFO [training.train] device requested=gpu resolved=cuda:0 cuda=True
2026-08-06 21:03:36,948 INFO [training.train] data_shape=[336, 1, 48]
2026-08-06 21:03:36,948 INFO [training.train] Splits:
train	idx_mode=random	{'values': (7, 1, 17420), 'individual_context': None, 'global_context': None, 'sampled_individuals': 7, 'sampled_dates': 10069, 'samples': 1}
valid1	idx_mode=all	{'values': (7, 1, 17420), 'individual_context': None, 'global_context': None, 'sampled_individuals': 7, 'sampled_dates': 72, 'samples': 504}
test1	idx_mode=all	{'values': (7, 1, 17420), 'individual_context': None, 'global_context': None, 'sampled_individuals': 7, 'sampled_dates': 72, 'samples': 504}
2026-08-06 21:03:36,948 INFO [training.train] Batch:
 batches=train=1, valid1=2, test1=2
 inputs=[1, 1, 336]
 targets=[1, 1, 48]
 individual_context=None
 global_context=None
2026-08-06 21:03:36,951 INFO [training.train] training epochs=10000 steps_per_epoch=1 total_steps=10000 valid_eval_freq=1000 logging_eval_freq=1000
2026-08-06 21:03:42,523 INFO [training.train] step=1000 train_batch={'nmse': 1.4492373648136854}
2026-08-06 21:03:42,555 INFO [training.train] step=1000 valid[valid1]={'mse': 0.9265089489164806, 'nmse': 0.9265089489164806, 'mae': 0.7077725122845362, 'nmae': 0.7077725122845362, 'relative_mse': 123.05016320849222}
2026-08-06 21:03:48,107 INFO [training.train] step=2000 train_batch={'nmse': 1.211474870570004}
2026-08-06 21:03:48,140 INFO [training.train] step=2000 valid[valid1]={'mse': 0.8675342539630869, 'nmse': 0.8675342539630869, 'mae': 0.685650457150091, 'nmae': 0.685650457150091, 'relative_mse': 135.8867702181377}
2026-08-06 21:03:53,702 INFO [training.train] step=3000 train_batch={'nmse': 1.0378344011828304}
2026-08-06 21:03:53,733 INFO [training.train] step=3000 valid[valid1]={'mse': 0.8356182764446924, 'nmse': 0.8356182764446924, 'mae': 0.6694745866079179, 'nmae': 0.6694745866079179, 'relative_mse': 117.41169709503335}
2026-08-06 21:03:59,302 INFO [training.train] step=4000 train_batch={'nmse': 0.9691490918919444}
2026-08-06 21:03:59,333 INFO [training.train] step=4000 valid[valid1]={'mse': 0.8281020714492394, 'nmse': 0.8281020714492394, 'mae': 0.6637425902028563, 'nmae': 0.6637425902028563, 'relative_mse': 142.12611225673132}
2026-08-06 21:04:04,889 INFO [training.train] step=5000 train_batch={'nmse': 1.0000549691095948}
2026-08-06 21:04:04,920 INFO [training.train] step=5000 valid[valid1]={'mse': 0.8062296065073165, 'nmse': 0.8062296065073165, 'mae': 0.6554538787357391, 'nmae': 0.6554538787357391, 'relative_mse': 112.02694827286655}
2026-08-06 21:04:10,499 INFO [training.train] step=6000 train_batch={'nmse': 0.9554569428861142}
2026-08-06 21:04:10,530 INFO [training.train] step=6000 valid[valid1]={'mse': 0.7924902376043733, 'nmse': 0.7924902376043733, 'mae': 0.6488982306586372, 'nmae': 0.6488982306586372, 'relative_mse': 124.46497160290915}
2026-08-06 21:04:16,098 INFO [training.train] step=7000 train_batch={'nmse': 1.1114093484580516}
2026-08-06 21:04:16,129 INFO [training.train] step=7000 valid[valid1]={'mse': 0.7918100104760871, 'nmse': 0.7918100104760871, 'mae': 0.646475837344215, 'nmae': 0.646475837344215, 'relative_mse': 124.25464224436926}
2026-08-06 21:04:21,685 INFO [training.train] step=8000 train_batch={'nmse': 1.0096881777234374}
2026-08-06 21:04:21,847 INFO [training.train] step=8000 valid[valid1]={'mse': 0.7815045149868758, 'nmse': 0.7815045149868758, 'mae': 0.6380163122106481, 'nmae': 0.6380163122106481, 'relative_mse': 143.81579779569435}
2026-08-06 21:04:27,497 INFO [training.train] step=9000 train_batch={'nmse': 0.9748129773363471}
2026-08-06 21:04:27,528 INFO [training.train] step=9000 valid[valid1]={'mse': 0.7705337685882729, 'nmse': 0.7705337685882729, 'mae': 0.6357848757789248, 'nmae': 0.6357848757789248, 'relative_mse': 109.0914355283061}
2026-08-06 21:04:33,111 INFO [training.train] step=10000 train_batch={'nmse': 1.0784243485480547}
2026-08-06 21:04:33,142 INFO [training.train] step=10000 valid[valid1]={'mse': 0.784973386734251, 'nmse': 0.784973386734251, 'mae': 0.6424076140873016, 'nmae': 0.6424076140873016, 'relative_mse': 133.77918471482695}
2026-08-06 21:04:33,142 INFO [training.train] training_done steps=10000 seconds=56.19
2026-08-06 21:04:33,272 INFO [__main__] saved criterion_loss=criterion_loss.pdf
2026-08-06 21:04:33,272 INFO [__main__] training done
2026-08-06 21:04:33,272 INFO [__main__] evaluation start
2026-08-06 21:04:33,483 INFO [__main__] evaluation done
2026-08-06 21:04:33,483 INFO [__main__] experiment done seconds=60.53
2026-08-06 21:04:33,483 INFO [__main__] ========================================================================
2026-08-06 21:04:33,486 INFO [__main__] ========================================================================
2026-08-06 21:04:33,486 INFO [__main__] experiment model=patchtst out=/home/h61084/codes/timetensors/outputs/constants/ETTh1/336_48/patchtst_keep/seed_3 rebuild_dataset=False evaluate=True
2026-08-06 21:04:33,486 INFO [__main__] stats recompute=True
2026-08-06 21:04:33,486 INFO [__main__] dataset rebuild skipped
2026-08-06 21:04:33,486 INFO [__main__] training start
2026-08-06 21:04:37,476 INFO [training.train] device requested=gpu resolved=cuda:0 cuda=True
2026-08-06 21:04:37,476 INFO [training.train] data_shape=[336, 1, 48]
2026-08-06 21:04:37,476 INFO [training.train] Splits:
train	idx_mode=random	{'values': (7, 1, 17420), 'individual_context': None, 'global_context': None, 'sampled_individuals': 7, 'sampled_dates': 10069, 'samples': 1}
valid1	idx_mode=all	{'values': (7, 1, 17420), 'individual_context': None, 'global_context': None, 'sampled_individuals': 7, 'sampled_dates': 72, 'samples': 504}
test1	idx_mode=all	{'values': (7, 1, 17420), 'individual_context': None, 'global_context': None, 'sampled_individuals': 7, 'sampled_dates': 72, 'samples': 504}
2026-08-06 21:04:37,476 INFO [training.train] Batch:
 batches=train=1, valid1=2, test1=2
 inputs=[1, 1, 336]
 targets=[1, 1, 48]
 individual_context=None
 global_context=None
2026-08-06 21:04:37,479 INFO [training.train] training epochs=10000 steps_per_epoch=1 total_steps=10000 valid_eval_freq=1000 logging_eval_freq=1000
2026-08-06 21:04:43,072 INFO [training.train] step=1000 train_batch={'nmse': 1.437511344730854}
2026-08-06 21:04:43,106 INFO [training.train] step=1000 valid[valid1]={'mse': 0.9238191231217965, 'nmse': 0.9238191231217965, 'mae': 0.7095476988131407, 'nmae': 0.7095476988131407, 'relative_mse': 101.61887862190368}
2026-08-06 21:04:48,690 INFO [training.train] step=2000 train_batch={'nmse': 1.0490985938161612}
2026-08-06 21:04:48,721 INFO [training.train] step=2000 valid[valid1]={'mse': 0.8448492383200025, 'nmse': 0.8448492383200025, 'mae': 0.6692106458875868, 'nmae': 0.6692106458875868, 'relative_mse': 143.9497072633612}
2026-08-06 21:04:54,323 INFO [training.train] step=3000 train_batch={'nmse': 1.070624733388424}
2026-08-06 21:04:54,354 INFO [training.train] step=3000 valid[valid1]={'mse': 0.8243539396417204, 'nmse': 0.8243539396417204, 'mae': 0.6649097866482205, 'nmae': 0.6649097866482205, 'relative_mse': 106.16174926959648}
2026-08-06 21:04:59,958 INFO [training.train] step=4000 train_batch={'nmse': 0.9737693225741386}
2026-08-06 21:04:59,989 INFO [training.train] step=4000 valid[valid1]={'mse': 0.816043389537347, 'nmse': 0.816043389537347, 'mae': 0.6572991628495474, 'nmae': 0.6572991628495474, 'relative_mse': 119.97435395175187}
2026-08-06 21:05:05,577 INFO [training.train] step=5000 train_batch={'nmse': 1.0791939576119185}
2026-08-06 21:05:05,610 INFO [training.train] step=5000 valid[valid1]={'mse': 0.807341560484871, 'nmse': 0.807341560484871, 'mae': 0.6566123155059007, 'nmae': 0.6566123155059007, 'relative_mse': 113.36571825622882}
2026-08-06 21:05:11,207 INFO [training.train] step=6000 train_batch={'nmse': 1.0929421970769764}
2026-08-06 21:05:11,239 INFO [training.train] step=6000 valid[valid1]={'mse': 0.8020878544560185, 'nmse': 0.8020878544560185, 'mae': 0.6491561163039434, 'nmae': 0.6491561163039434, 'relative_mse': 131.5857041979593}
2026-08-06 21:05:16,837 INFO [training.train] step=7000 train_batch={'nmse': 0.9871906373724342}
2026-08-06 21:05:16,869 INFO [training.train] step=7000 valid[valid1]={'mse': 0.8057863346483342, 'nmse': 0.8057863346483342, 'mae': 0.6555118863544767, 'nmae': 0.6555118863544767, 'relative_mse': 131.26644667368086}
2026-08-06 21:05:22,453 INFO [training.train] step=8000 train_batch={'nmse': 1.0489219721630216}
2026-08-06 21:05:22,484 INFO [training.train] step=8000 valid[valid1]={'mse': 0.8154047809580647, 'nmse': 0.8154047809580647, 'mae': 0.6616359690509775, 'nmae': 0.6616359690509775, 'relative_mse': 131.43624093797473}
2026-08-06 21:05:28,094 INFO [training.train] step=9000 train_batch={'nmse': 0.91402613825351}
2026-08-06 21:05:28,125 INFO [training.train] step=9000 valid[valid1]={'mse': 0.7717053448712384, 'nmse': 0.7717053448712384, 'mae': 0.6356849064902653, 'nmae': 0.6356849064902653, 'relative_mse': 107.90554603697761}
2026-08-06 21:05:33,717 INFO [training.train] step=10000 train_batch={'nmse': 0.9224789748340845}
2026-08-06 21:05:33,751 INFO [training.train] step=10000 valid[valid1]={'mse': 0.765097562598173, 'nmse': 0.765097562598173, 'mae': 0.6310217317449983, 'nmae': 0.6310217317449983, 'relative_mse': 120.29418614301731}
2026-08-06 21:05:33,751 INFO [training.train] training_done steps=10000 seconds=56.27
2026-08-06 21:05:33,885 INFO [__main__] saved criterion_loss=criterion_loss.pdf
2026-08-06 21:05:33,885 INFO [__main__] training done
2026-08-06 21:05:33,885 INFO [__main__] evaluation start
2026-08-06 21:05:34,103 INFO [__main__] evaluation done
2026-08-06 21:05:34,104 INFO [__main__] experiment done seconds=60.62
2026-08-06 21:05:34,104 INFO [__main__] ========================================================================

2026-08-06T21:05:34+02:00 configuration dataset=ETTh1 lags=336 horizon=48 method=patchtst_remove_train_windows module=scripts.experiment requested_seeds=1,2,3 run_seeds=1,2,3 data_root=/home/h61084/codes/timetensors/../datasets train_sampling=random train_stride=1 eval_sampling=all eval_stride=48 batch_size=256 learning_rate=1e-5 epochs=10000 rebuild_dataset=false rebuild_reason=not_needed overrides=+model.name=patchtst +model.path=patchtst +normalization.name=instance +data.sampling.remove_train_cte=true +data.sampling.remove_eval_cte=false ++data.sampling.drop_train_constant_individuals=false ++data.sampling.drop_eval_constant_individuals=false
2026-08-06 21:05:39,360 INFO [__main__] ========================================================================
2026-08-06 21:05:39,360 INFO [__main__] experiment model=patchtst out=/home/h61084/codes/timetensors/outputs/constants/ETTh1/336_48/patchtst_remove_train_windows/seed_1 rebuild_dataset=False evaluate=True
2026-08-06 21:05:39,360 INFO [__main__] stats recompute=True
2026-08-06 21:05:39,360 INFO [__main__] dataset rebuild skipped
2026-08-06 21:05:39,360 INFO [__main__] training start
2026-08-06 21:05:50,818 INFO [training.train] device requested=gpu resolved=cuda:0 cuda=True
2026-08-06 21:05:50,819 INFO [training.train] data_shape=[336, 1, 48]
2026-08-06 21:05:50,819 INFO [training.train] Splits:
train	idx_mode=random	{'values': (7, 1, 17420), 'individual_context': None, 'global_context': None, 'sampled_individuals': 7, 'sampled_dates': 10069, 'samples': 1}
valid1	idx_mode=all	{'values': (7, 1, 17420), 'individual_context': None, 'global_context': None, 'sampled_individuals': 7, 'sampled_dates': 72, 'samples': 504}
test1	idx_mode=all	{'values': (7, 1, 17420), 'individual_context': None, 'global_context': None, 'sampled_individuals': 7, 'sampled_dates': 72, 'samples': 504}
2026-08-06 21:05:50,819 INFO [training.train] Batch:
 batches=train=1, valid1=2, test1=2
 inputs=[1, 1, 336]
 targets=[1, 1, 48]
 individual_context=None
 global_context=None
2026-08-06 21:05:50,821 INFO [training.train] training epochs=10000 steps_per_epoch=1 total_steps=10000 valid_eval_freq=1000 logging_eval_freq=1000
2026-08-06 21:05:58,573 INFO [training.train] step=1000 train_batch={'nmse': 1.2479032477587462}
2026-08-06 21:05:58,612 INFO [training.train] step=1000 valid[valid1]={'mse': 0.9278021111059441, 'nmse': 0.9278021111059441, 'mae': 0.7014889187282987, 'nmae': 0.7014889187282987, 'relative_mse': 125.22134300514504}
2026-08-06 21:06:04,439 INFO [training.train] step=2000 train_batch={'nmse': 1.080289300903678}
2026-08-06 21:06:04,471 INFO [training.train] step=2000 valid[valid1]={'mse': 0.8582653873181217, 'nmse': 0.8582653873181217, 'mae': 0.6734437084702588, 'nmae': 0.6734437084702588, 'relative_mse': 116.91637375241234}
2026-08-06 21:06:10,309 INFO [training.train] step=3000 train_batch={'nmse': 0.9955985734760762}
2026-08-06 21:06:10,339 INFO [training.train] step=3000 valid[valid1]={'mse': 0.8370695568266369, 'nmse': 0.8370695568266369, 'mae': 0.6658649545497995, 'nmae': 0.6658649545497995, 'relative_mse': 106.92909531366257}
2026-08-06 21:06:16,175 INFO [training.train] step=4000 train_batch={'nmse': 0.9310080765411258}
2026-08-06 21:06:16,344 INFO [training.train] step=4000 valid[valid1]={'mse': 0.8197188604445684, 'nmse': 0.8197188604445684, 'mae': 0.654898830191799, 'nmae': 0.654898830191799, 'relative_mse': 146.7589503495151}
2026-08-06 21:06:22,194 INFO [training.train] step=5000 train_batch={'nmse': 0.9514027243256569}
2026-08-06 21:06:22,225 INFO [training.train] step=5000 valid[valid1]={'mse': 0.7943277914057333, 'nmse': 0.7943277914057333, 'mae': 0.6433530736852575, 'nmae': 0.6433530736852575, 'relative_mse': 132.40524984289098}
2026-08-06 21:06:28,056 INFO [training.train] step=6000 train_batch={'nmse': 0.987254350244999}
2026-08-06 21:06:28,087 INFO [training.train] step=6000 valid[valid1]={'mse': 0.786666991218688, 'nmse': 0.786666991218688, 'mae': 0.6399002277031147, 'nmae': 0.6399002277031147, 'relative_mse': 127.3777427471504}
2026-08-06 21:06:33,922 INFO [training.train] step=7000 train_batch={'nmse': 0.9618102626055479}
2026-08-06 21:06:33,953 INFO [training.train] step=7000 valid[valid1]={'mse': 0.7794818373584242, 'nmse': 0.7794818373584242, 'mae': 0.6374794288917824, 'nmae': 0.6374794288917824, 'relative_mse': 126.61393414855634}
2026-08-06 21:06:39,796 INFO [training.train] step=8000 train_batch={'nmse': 1.0080347660779954}
2026-08-06 21:06:39,827 INFO [training.train] step=8000 valid[valid1]={'mse': 0.7737395271422371, 'nmse': 0.7737395271422371, 'mae': 0.6303466312468998, 'nmae': 0.6303466312468998, 'relative_mse': 132.47318235528533}
2026-08-06 21:06:45,686 INFO [training.train] step=9000 train_batch={'nmse': 0.9530404430478812}
2026-08-06 21:06:45,719 INFO [training.train] step=9000 valid[valid1]={'mse': 0.7662899279720569, 'nmse': 0.7662899279720569, 'mae': 0.6291146858659371, 'nmae': 0.6291146858659371, 'relative_mse': 113.14937300909133}
2026-08-06 21:06:51,578 INFO [training.train] step=10000 train_batch={'nmse': 0.90919515465945}
2026-08-06 21:06:51,609 INFO [training.train] step=10000 valid[valid1]={'mse': 0.7678490694237765, 'nmse': 0.7678490694237765, 'mae': 0.6330186753045945, 'nmae': 0.6330186753045945, 'relative_mse': 147.4839593897421}
2026-08-06 21:06:51,609 INFO [training.train] training_done steps=10000 seconds=60.79
2026-08-06 21:06:51,998 INFO [__main__] saved criterion_loss=criterion_loss.pdf
2026-08-06 21:06:51,998 INFO [__main__] training done
2026-08-06 21:06:51,998 INFO [__main__] evaluation start
2026-08-06 21:06:52,218 INFO [__main__] evaluation done
2026-08-06 21:06:52,218 INFO [__main__] experiment done seconds=72.86
2026-08-06 21:06:52,218 INFO [__main__] ========================================================================
2026-08-06 21:06:52,220 INFO [__main__] ========================================================================
2026-08-06 21:06:52,220 INFO [__main__] experiment model=patchtst out=/home/h61084/codes/timetensors/outputs/constants/ETTh1/336_48/patchtst_remove_train_windows/seed_2 rebuild_dataset=False evaluate=True
2026-08-06 21:06:52,220 INFO [__main__] stats recompute=True
2026-08-06 21:06:52,220 INFO [__main__] dataset rebuild skipped
2026-08-06 21:06:52,220 INFO [__main__] training start
2026-08-06 21:07:03,167 INFO [training.train] device requested=gpu resolved=cuda:0 cuda=True
2026-08-06 21:07:03,168 INFO [training.train] data_shape=[336, 1, 48]
2026-08-06 21:07:03,168 INFO [training.train] Splits:
train	idx_mode=random	{'values': (7, 1, 17420), 'individual_context': None, 'global_context': None, 'sampled_individuals': 7, 'sampled_dates': 10069, 'samples': 1}
valid1	idx_mode=all	{'values': (7, 1, 17420), 'individual_context': None, 'global_context': None, 'sampled_individuals': 7, 'sampled_dates': 72, 'samples': 504}
test1	idx_mode=all	{'values': (7, 1, 17420), 'individual_context': None, 'global_context': None, 'sampled_individuals': 7, 'sampled_dates': 72, 'samples': 504}
2026-08-06 21:07:03,168 INFO [training.train] Batch:
 batches=train=1, valid1=2, test1=2
 inputs=[1, 1, 336]
 targets=[1, 1, 48]
 individual_context=None
 global_context=None
2026-08-06 21:07:03,170 INFO [training.train] training epochs=10000 steps_per_epoch=1 total_steps=10000 valid_eval_freq=1000 logging_eval_freq=1000
2026-08-06 21:07:09,122 INFO [training.train] step=1000 train_batch={'nmse': 1.4492373648136854}
2026-08-06 21:07:09,154 INFO [training.train] step=1000 valid[valid1]={'mse': 0.9265089489164806, 'nmse': 0.9265089489164806, 'mae': 0.7077725122845362, 'nmae': 0.7077725122845362, 'relative_mse': 123.05016320849222}
2026-08-06 21:07:15,042 INFO [training.train] step=2000 train_batch={'nmse': 1.211474870570004}
2026-08-06 21:07:15,073 INFO [training.train] step=2000 valid[valid1]={'mse': 0.8675342539630869, 'nmse': 0.8675342539630869, 'mae': 0.685650457150091, 'nmae': 0.685650457150091, 'relative_mse': 135.8867702181377}
2026-08-06 21:07:20,947 INFO [training.train] step=3000 train_batch={'nmse': 1.0378344011828304}
2026-08-06 21:07:20,979 INFO [training.train] step=3000 valid[valid1]={'mse': 0.8356182764446924, 'nmse': 0.8356182764446924, 'mae': 0.6694745866079179, 'nmae': 0.6694745866079179, 'relative_mse': 117.41169709503335}
2026-08-06 21:07:27,125 INFO [training.train] step=4000 train_batch={'nmse': 0.9691490918919444}
2026-08-06 21:07:27,159 INFO [training.train] step=4000 valid[valid1]={'mse': 0.8281020714492394, 'nmse': 0.8281020714492394, 'mae': 0.6637425902028563, 'nmae': 0.6637425902028563, 'relative_mse': 142.12611225673132}
2026-08-06 21:07:33,497 INFO [training.train] step=5000 train_batch={'nmse': 1.0000549691095948}
2026-08-06 21:07:33,528 INFO [training.train] step=5000 valid[valid1]={'mse': 0.8062296065073165, 'nmse': 0.8062296065073165, 'mae': 0.6554538787357391, 'nmae': 0.6554538787357391, 'relative_mse': 112.02694827286655}
2026-08-06 21:07:39,436 INFO [training.train] step=6000 train_batch={'nmse': 0.9554569428861142}
2026-08-06 21:07:39,467 INFO [training.train] step=6000 valid[valid1]={'mse': 0.7924902376043733, 'nmse': 0.7924902376043733, 'mae': 0.6488982306586372, 'nmae': 0.6488982306586372, 'relative_mse': 124.46497160290915}
2026-08-06 21:07:45,340 INFO [training.train] step=7000 train_batch={'nmse': 1.1114093484580516}
2026-08-06 21:07:45,372 INFO [training.train] step=7000 valid[valid1]={'mse': 0.7918100104760871, 'nmse': 0.7918100104760871, 'mae': 0.646475837344215, 'nmae': 0.646475837344215, 'relative_mse': 124.25464224436926}
2026-08-06 21:07:51,246 INFO [training.train] step=8000 train_batch={'nmse': 1.0096881777234374}
2026-08-06 21:07:51,406 INFO [training.train] step=8000 valid[valid1]={'mse': 0.7815045149868758, 'nmse': 0.7815045149868758, 'mae': 0.6380163122106481, 'nmae': 0.6380163122106481, 'relative_mse': 143.81579779569435}
2026-08-06 21:07:57,309 INFO [training.train] step=9000 train_batch={'nmse': 0.9748129773363471}
2026-08-06 21:07:57,341 INFO [training.train] step=9000 valid[valid1]={'mse': 0.7705337685882729, 'nmse': 0.7705337685882729, 'mae': 0.6357848757789248, 'nmae': 0.6357848757789248, 'relative_mse': 109.0914355283061}
2026-08-06 21:08:03,246 INFO [training.train] step=10000 train_batch={'nmse': 1.0784243485480547}
2026-08-06 21:08:03,277 INFO [training.train] step=10000 valid[valid1]={'mse': 0.784973386734251, 'nmse': 0.784973386734251, 'mae': 0.6424076140873016, 'nmae': 0.6424076140873016, 'relative_mse': 133.77918471482695}
2026-08-06 21:08:03,278 INFO [training.train] training_done steps=10000 seconds=60.11
2026-08-06 21:08:03,411 INFO [__main__] saved criterion_loss=criterion_loss.pdf
2026-08-06 21:08:03,411 INFO [__main__] training done
2026-08-06 21:08:03,411 INFO [__main__] evaluation start
2026-08-06 21:08:03,625 INFO [__main__] evaluation done
2026-08-06 21:08:03,625 INFO [__main__] experiment done seconds=71.41
2026-08-06 21:08:03,625 INFO [__main__] ========================================================================
2026-08-06 21:08:03,627 INFO [__main__] ========================================================================
2026-08-06 21:08:03,627 INFO [__main__] experiment model=patchtst out=/home/h61084/codes/timetensors/outputs/constants/ETTh1/336_48/patchtst_remove_train_windows/seed_3 rebuild_dataset=False evaluate=True
2026-08-06 21:08:03,627 INFO [__main__] stats recompute=True
2026-08-06 21:08:03,627 INFO [__main__] dataset rebuild skipped
2026-08-06 21:08:03,627 INFO [__main__] training start
2026-08-06 21:08:14,464 INFO [training.train] device requested=gpu resolved=cuda:0 cuda=True
2026-08-06 21:08:14,465 INFO [training.train] data_shape=[336, 1, 48]
2026-08-06 21:08:14,465 INFO [training.train] Splits:
train	idx_mode=random	{'values': (7, 1, 17420), 'individual_context': None, 'global_context': None, 'sampled_individuals': 7, 'sampled_dates': 10069, 'samples': 1}
valid1	idx_mode=all	{'values': (7, 1, 17420), 'individual_context': None, 'global_context': None, 'sampled_individuals': 7, 'sampled_dates': 72, 'samples': 504}
test1	idx_mode=all	{'values': (7, 1, 17420), 'individual_context': None, 'global_context': None, 'sampled_individuals': 7, 'sampled_dates': 72, 'samples': 504}
2026-08-06 21:08:14,465 INFO [training.train] Batch:
 batches=train=1, valid1=2, test1=2
 inputs=[1, 1, 336]
 targets=[1, 1, 48]
 individual_context=None
 global_context=None
2026-08-06 21:08:14,465 INFO [training.train] training epochs=10000 steps_per_epoch=1 total_steps=10000 valid_eval_freq=1000 logging_eval_freq=1000
2026-08-06 21:08:20,367 INFO [training.train] step=1000 train_batch={'nmse': 1.437511344730854}
2026-08-06 21:08:20,400 INFO [training.train] step=1000 valid[valid1]={'mse': 0.9238191231217965, 'nmse': 0.9238191231217965, 'mae': 0.7095476988131407, 'nmae': 0.7095476988131407, 'relative_mse': 101.61887862190368}
2026-08-06 21:08:26,295 INFO [training.train] step=2000 train_batch={'nmse': 1.0490985938161612}
2026-08-06 21:08:26,327 INFO [training.train] step=2000 valid[valid1]={'mse': 0.8448492383200025, 'nmse': 0.8448492383200025, 'mae': 0.6692106458875868, 'nmae': 0.6692106458875868, 'relative_mse': 143.9497072633612}
2026-08-06 21:08:32,216 INFO [training.train] step=3000 train_batch={'nmse': 1.070624733388424}
2026-08-06 21:08:32,247 INFO [training.train] step=3000 valid[valid1]={'mse': 0.8243539396417204, 'nmse': 0.8243539396417204, 'mae': 0.6649097866482205, 'nmae': 0.6649097866482205, 'relative_mse': 106.16174926959648}
2026-08-06 21:08:38,155 INFO [training.train] step=4000 train_batch={'nmse': 0.9737693225741386}
2026-08-06 21:08:38,185 INFO [training.train] step=4000 valid[valid1]={'mse': 0.816043389537347, 'nmse': 0.816043389537347, 'mae': 0.6572991628495474, 'nmae': 0.6572991628495474, 'relative_mse': 119.97435395175187}
2026-08-06 21:08:44,104 INFO [training.train] step=5000 train_batch={'nmse': 1.0791939576119185}
2026-08-06 21:08:44,136 INFO [training.train] step=5000 valid[valid1]={'mse': 0.807341560484871, 'nmse': 0.807341560484871, 'mae': 0.6566123155059007, 'nmae': 0.6566123155059007, 'relative_mse': 113.36571825622882}
2026-08-06 21:08:50,043 INFO [training.train] step=6000 train_batch={'nmse': 1.0929421970769764}
2026-08-06 21:08:50,074 INFO [training.train] step=6000 valid[valid1]={'mse': 0.8020878544560185, 'nmse': 0.8020878544560185, 'mae': 0.6491561163039434, 'nmae': 0.6491561163039434, 'relative_mse': 131.5857041979593}
2026-08-06 21:08:55,977 INFO [training.train] step=7000 train_batch={'nmse': 0.9871906373724342}
2026-08-06 21:08:56,008 INFO [training.train] step=7000 valid[valid1]={'mse': 0.8057863346483342, 'nmse': 0.8057863346483342, 'mae': 0.6555118863544767, 'nmae': 0.6555118863544767, 'relative_mse': 131.26644667368086}
2026-08-06 21:09:01,911 INFO [training.train] step=8000 train_batch={'nmse': 1.0489219721630216}
2026-08-06 21:09:01,943 INFO [training.train] step=8000 valid[valid1]={'mse': 0.8154047809580647, 'nmse': 0.8154047809580647, 'mae': 0.6616359690509775, 'nmae': 0.6616359690509775, 'relative_mse': 131.43624093797473}
2026-08-06 21:09:07,844 INFO [training.train] step=9000 train_batch={'nmse': 0.91402613825351}
2026-08-06 21:09:07,876 INFO [training.train] step=9000 valid[valid1]={'mse': 0.7717053448712384, 'nmse': 0.7717053448712384, 'mae': 0.6356849064902653, 'nmae': 0.6356849064902653, 'relative_mse': 107.90554603697761}
2026-08-06 21:09:13,767 INFO [training.train] step=10000 train_batch={'nmse': 0.9224789748340845}
2026-08-06 21:09:13,798 INFO [training.train] step=10000 valid[valid1]={'mse': 0.765097562598173, 'nmse': 0.765097562598173, 'mae': 0.6310217317449983, 'nmae': 0.6310217317449983, 'relative_mse': 120.29418614301731}
2026-08-06 21:09:13,798 INFO [training.train] training_done steps=10000 seconds=59.33
2026-08-06 21:09:13,931 INFO [__main__] saved criterion_loss=criterion_loss.pdf
2026-08-06 21:09:13,931 INFO [__main__] training done
2026-08-06 21:09:13,931 INFO [__main__] evaluation start
2026-08-06 21:09:14,146 INFO [__main__] evaluation done
2026-08-06 21:09:14,147 INFO [__main__] experiment done seconds=70.52
2026-08-06 21:09:14,147 INFO [__main__] ========================================================================

2026-08-06T21:09:15+02:00 configuration dataset=ETTh1 lags=336 horizon=48 method=patchtst_remove_eval_windows module=scripts.experiment requested_seeds=1,2,3 run_seeds=1,2,3 data_root=/home/h61084/codes/timetensors/../datasets train_sampling=random train_stride=1 eval_sampling=all eval_stride=48 batch_size=256 learning_rate=1e-5 epochs=10000 rebuild_dataset=false rebuild_reason=not_needed overrides=+model.name=patchtst +model.path=patchtst +normalization.name=instance +data.sampling.remove_train_cte=false +data.sampling.remove_eval_cte=true ++data.sampling.drop_train_constant_individuals=false ++data.sampling.drop_eval_constant_individuals=false
2026-08-06 21:09:19,468 INFO [__main__] ========================================================================
2026-08-06 21:09:19,468 INFO [__main__] experiment model=patchtst out=/home/h61084/codes/timetensors/outputs/constants/ETTh1/336_48/patchtst_remove_eval_windows/seed_1 rebuild_dataset=False evaluate=True
2026-08-06 21:09:19,468 INFO [__main__] stats recompute=True
2026-08-06 21:09:19,468 INFO [__main__] dataset rebuild skipped
2026-08-06 21:09:19,468 INFO [__main__] training start
2026-08-06 21:09:24,385 INFO [training.train] device requested=gpu resolved=cuda:0 cuda=True
2026-08-06 21:09:24,386 INFO [training.train] data_shape=[336, 1, 48]
2026-08-06 21:09:24,386 INFO [training.train] Splits:
train	idx_mode=random	{'values': (7, 1, 17420), 'individual_context': None, 'global_context': None, 'sampled_individuals': 7, 'sampled_dates': 10069, 'samples': 1}
valid1	idx_mode=all	{'values': (7, 1, 17420), 'individual_context': None, 'global_context': None, 'sampled_individuals': 7, 'sampled_dates': 72, 'samples': 504}
test1	idx_mode=all	{'values': (7, 1, 17420), 'individual_context': None, 'global_context': None, 'sampled_individuals': 7, 'sampled_dates': 72, 'samples': 504}
2026-08-06 21:09:24,386 INFO [training.train] Batch:
 batches=train=1, valid1=2, test1=2
 inputs=[1, 1, 336]
 targets=[1, 1, 48]
 individual_context=None
 global_context=None
2026-08-06 21:09:24,388 INFO [training.train] training epochs=10000 steps_per_epoch=1 total_steps=10000 valid_eval_freq=1000 logging_eval_freq=1000
2026-08-06 21:09:31,810 INFO [training.train] step=1000 train_batch={'nmse': 1.2479032477587462}
2026-08-06 21:09:31,865 INFO [training.train] step=1000 valid[valid1]={'mse': 0.9278021111059441, 'nmse': 0.9278021111059441, 'mae': 0.7014889187282987, 'nmae': 0.7014889187282987, 'relative_mse': 125.22134300514504}
2026-08-06 21:09:37,375 INFO [training.train] step=2000 train_batch={'nmse': 1.080289300903678}
2026-08-06 21:09:37,422 INFO [training.train] step=2000 valid[valid1]={'mse': 0.8582653873181217, 'nmse': 0.8582653873181217, 'mae': 0.6734437084702588, 'nmae': 0.6734437084702588, 'relative_mse': 116.91637375241234}
2026-08-06 21:09:42,941 INFO [training.train] step=3000 train_batch={'nmse': 0.9955985734760762}
2026-08-06 21:09:42,987 INFO [training.train] step=3000 valid[valid1]={'mse': 0.8370695568266369, 'nmse': 0.8370695568266369, 'mae': 0.6658649545497995, 'nmae': 0.6658649545497995, 'relative_mse': 106.92909531366257}
2026-08-06 21:09:48,499 INFO [training.train] step=4000 train_batch={'nmse': 0.9310080765411258}
2026-08-06 21:09:48,663 INFO [training.train] step=4000 valid[valid1]={'mse': 0.8197188604445684, 'nmse': 0.8197188604445684, 'mae': 0.654898830191799, 'nmae': 0.654898830191799, 'relative_mse': 146.7589503495151}
2026-08-06 21:09:54,211 INFO [training.train] step=5000 train_batch={'nmse': 0.9514027243256569}
2026-08-06 21:09:54,257 INFO [training.train] step=5000 valid[valid1]={'mse': 0.7943277914057333, 'nmse': 0.7943277914057333, 'mae': 0.6433530736852575, 'nmae': 0.6433530736852575, 'relative_mse': 132.40524984289098}
2026-08-06 21:09:59,755 INFO [training.train] step=6000 train_batch={'nmse': 0.987254350244999}
2026-08-06 21:09:59,800 INFO [training.train] step=6000 valid[valid1]={'mse': 0.786666991218688, 'nmse': 0.786666991218688, 'mae': 0.6399002277031147, 'nmae': 0.6399002277031147, 'relative_mse': 127.3777427471504}
2026-08-06 21:10:05,301 INFO [training.train] step=7000 train_batch={'nmse': 0.9618102626055479}
2026-08-06 21:10:05,347 INFO [training.train] step=7000 valid[valid1]={'mse': 0.7794818373584242, 'nmse': 0.7794818373584242, 'mae': 0.6374794288917824, 'nmae': 0.6374794288917824, 'relative_mse': 126.61393414855634}
2026-08-06 21:10:10,858 INFO [training.train] step=8000 train_batch={'nmse': 1.0080347660779954}
2026-08-06 21:10:10,905 INFO [training.train] step=8000 valid[valid1]={'mse': 0.7737395271422371, 'nmse': 0.7737395271422371, 'mae': 0.6303466312468998, 'nmae': 0.6303466312468998, 'relative_mse': 132.47318235528533}
2026-08-06 21:10:16,415 INFO [training.train] step=9000 train_batch={'nmse': 0.9530404430478812}
2026-08-06 21:10:16,461 INFO [training.train] step=9000 valid[valid1]={'mse': 0.7662899279720569, 'nmse': 0.7662899279720569, 'mae': 0.6291146858659371, 'nmae': 0.6291146858659371, 'relative_mse': 113.14937300909133}
2026-08-06 21:10:21,975 INFO [training.train] step=10000 train_batch={'nmse': 0.90919515465945}
2026-08-06 21:10:22,021 INFO [training.train] step=10000 valid[valid1]={'mse': 0.7678490694237765, 'nmse': 0.7678490694237765, 'mae': 0.6330186753045945, 'nmae': 0.6330186753045945, 'relative_mse': 147.4839593897421}
2026-08-06 21:10:22,021 INFO [training.train] training_done steps=10000 seconds=57.63
2026-08-06 21:10:22,401 INFO [__main__] saved criterion_loss=criterion_loss.pdf
2026-08-06 21:10:22,402 INFO [__main__] training done
2026-08-06 21:10:22,402 INFO [__main__] evaluation start
2026-08-06 21:10:22,686 INFO [__main__] evaluation done
2026-08-06 21:10:22,686 INFO [__main__] experiment done seconds=63.22
2026-08-06 21:10:22,687 INFO [__main__] ========================================================================
2026-08-06 21:10:22,688 INFO [__main__] ========================================================================
2026-08-06 21:10:22,688 INFO [__main__] experiment model=patchtst out=/home/h61084/codes/timetensors/outputs/constants/ETTh1/336_48/patchtst_remove_eval_windows/seed_2 rebuild_dataset=False evaluate=True
2026-08-06 21:10:22,688 INFO [__main__] stats recompute=True
2026-08-06 21:10:22,688 INFO [__main__] dataset rebuild skipped
2026-08-06 21:10:22,689 INFO [__main__] training start
2026-08-06 21:10:27,018 INFO [training.train] device requested=gpu resolved=cuda:0 cuda=True
2026-08-06 21:10:27,019 INFO [training.train] data_shape=[336, 1, 48]
2026-08-06 21:10:27,019 INFO [training.train] Splits:
train	idx_mode=random	{'values': (7, 1, 17420), 'individual_context': None, 'global_context': None, 'sampled_individuals': 7, 'sampled_dates': 10069, 'samples': 1}
valid1	idx_mode=all	{'values': (7, 1, 17420), 'individual_context': None, 'global_context': None, 'sampled_individuals': 7, 'sampled_dates': 72, 'samples': 504}
test1	idx_mode=all	{'values': (7, 1, 17420), 'individual_context': None, 'global_context': None, 'sampled_individuals': 7, 'sampled_dates': 72, 'samples': 504}
2026-08-06 21:10:27,019 INFO [training.train] Batch:
 batches=train=1, valid1=2, test1=2
 inputs=[1, 1, 336]
 targets=[1, 1, 48]
 individual_context=None
 global_context=None
2026-08-06 21:10:27,023 INFO [training.train] training epochs=10000 steps_per_epoch=1 total_steps=10000 valid_eval_freq=1000 logging_eval_freq=1000
2026-08-06 21:10:32,582 INFO [training.train] step=1000 train_batch={'nmse': 1.4492373648136854}
2026-08-06 21:10:32,629 INFO [training.train] step=1000 valid[valid1]={'mse': 0.9265089489164806, 'nmse': 0.9265089489164806, 'mae': 0.7077725122845362, 'nmae': 0.7077725122845362, 'relative_mse': 123.05016320849222}
2026-08-06 21:10:38,171 INFO [training.train] step=2000 train_batch={'nmse': 1.211474870570004}
2026-08-06 21:10:38,218 INFO [training.train] step=2000 valid[valid1]={'mse': 0.8675342539630869, 'nmse': 0.8675342539630869, 'mae': 0.685650457150091, 'nmae': 0.685650457150091, 'relative_mse': 135.8867702181377}
2026-08-06 21:10:43,763 INFO [training.train] step=3000 train_batch={'nmse': 1.0378344011828304}
2026-08-06 21:10:43,809 INFO [training.train] step=3000 valid[valid1]={'mse': 0.8356182764446924, 'nmse': 0.8356182764446924, 'mae': 0.6694745866079179, 'nmae': 0.6694745866079179, 'relative_mse': 117.41169709503335}
2026-08-06 21:10:49,347 INFO [training.train] step=4000 train_batch={'nmse': 0.9691490918919444}
2026-08-06 21:10:49,392 INFO [training.train] step=4000 valid[valid1]={'mse': 0.8281020714492394, 'nmse': 0.8281020714492394, 'mae': 0.6637425902028563, 'nmae': 0.6637425902028563, 'relative_mse': 142.12611225673132}
2026-08-06 21:10:54,931 INFO [training.train] step=5000 train_batch={'nmse': 1.0000549691095948}
2026-08-06 21:10:54,978 INFO [training.train] step=5000 valid[valid1]={'mse': 0.8062296065073165, 'nmse': 0.8062296065073165, 'mae': 0.6554538787357391, 'nmae': 0.6554538787357391, 'relative_mse': 112.02694827286655}
2026-08-06 21:11:00,536 INFO [training.train] step=6000 train_batch={'nmse': 0.9554569428861142}
2026-08-06 21:11:00,583 INFO [training.train] step=6000 valid[valid1]={'mse': 0.7924902376043733, 'nmse': 0.7924902376043733, 'mae': 0.6488982306586372, 'nmae': 0.6488982306586372, 'relative_mse': 124.46497160290915}
2026-08-06 21:11:06,125 INFO [training.train] step=7000 train_batch={'nmse': 1.1114093484580516}
2026-08-06 21:11:06,172 INFO [training.train] step=7000 valid[valid1]={'mse': 0.7918100104760871, 'nmse': 0.7918100104760871, 'mae': 0.646475837344215, 'nmae': 0.646475837344215, 'relative_mse': 124.25464224436926}
2026-08-06 21:11:11,712 INFO [training.train] step=8000 train_batch={'nmse': 1.0096881777234374}
2026-08-06 21:11:11,934 INFO [training.train] step=8000 valid[valid1]={'mse': 0.7815045149868758, 'nmse': 0.7815045149868758, 'mae': 0.6380163122106481, 'nmae': 0.6380163122106481, 'relative_mse': 143.81579779569435}
2026-08-06 21:11:17,521 INFO [training.train] step=9000 train_batch={'nmse': 0.9748129773363471}
2026-08-06 21:11:17,571 INFO [training.train] step=9000 valid[valid1]={'mse': 0.7705337685882729, 'nmse': 0.7705337685882729, 'mae': 0.6357848757789248, 'nmae': 0.6357848757789248, 'relative_mse': 109.0914355283061}
2026-08-06 21:11:23,168 INFO [training.train] step=10000 train_batch={'nmse': 1.0784243485480547}
2026-08-06 21:11:23,215 INFO [training.train] step=10000 valid[valid1]={'mse': 0.784973386734251, 'nmse': 0.784973386734251, 'mae': 0.6424076140873016, 'nmae': 0.6424076140873016, 'relative_mse': 133.77918471482695}
2026-08-06 21:11:23,215 INFO [training.train] training_done steps=10000 seconds=56.19
2026-08-06 21:11:23,346 INFO [__main__] saved criterion_loss=criterion_loss.pdf
2026-08-06 21:11:23,346 INFO [__main__] training done
2026-08-06 21:11:23,346 INFO [__main__] evaluation start
2026-08-06 21:11:23,619 INFO [__main__] evaluation done
2026-08-06 21:11:23,619 INFO [__main__] experiment done seconds=60.93
2026-08-06 21:11:23,619 INFO [__main__] ========================================================================
2026-08-06 21:11:23,635 INFO [__main__] ========================================================================
2026-08-06 21:11:23,635 INFO [__main__] experiment model=patchtst out=/home/h61084/codes/timetensors/outputs/constants/ETTh1/336_48/patchtst_remove_eval_windows/seed_3 rebuild_dataset=False evaluate=True
2026-08-06 21:11:23,635 INFO [__main__] stats recompute=True
2026-08-06 21:11:23,635 INFO [__main__] dataset rebuild skipped
2026-08-06 21:11:23,635 INFO [__main__] training start
2026-08-06 21:11:27,985 INFO [training.train] device requested=gpu resolved=cuda:0 cuda=True
2026-08-06 21:11:27,986 INFO [training.train] data_shape=[336, 1, 48]
2026-08-06 21:11:27,986 INFO [training.train] Splits:
train	idx_mode=random	{'values': (7, 1, 17420), 'individual_context': None, 'global_context': None, 'sampled_individuals': 7, 'sampled_dates': 10069, 'samples': 1}
valid1	idx_mode=all	{'values': (7, 1, 17420), 'individual_context': None, 'global_context': None, 'sampled_individuals': 7, 'sampled_dates': 72, 'samples': 504}
test1	idx_mode=all	{'values': (7, 1, 17420), 'individual_context': None, 'global_context': None, 'sampled_individuals': 7, 'sampled_dates': 72, 'samples': 504}
2026-08-06 21:11:27,986 INFO [training.train] Batch:
 batches=train=1, valid1=2, test1=2
 inputs=[1, 1, 336]
 targets=[1, 1, 48]
 individual_context=None
 global_context=None
2026-08-06 21:11:27,990 INFO [training.train] training epochs=10000 steps_per_epoch=1 total_steps=10000 valid_eval_freq=1000 logging_eval_freq=1000
2026-08-06 21:11:33,581 INFO [training.train] step=1000 train_batch={'nmse': 1.437511344730854}
2026-08-06 21:11:33,629 INFO [training.train] step=1000 valid[valid1]={'mse': 0.9238191231217965, 'nmse': 0.9238191231217965, 'mae': 0.7095476988131407, 'nmae': 0.7095476988131407, 'relative_mse': 101.61887862190368}
2026-08-06 21:11:39,216 INFO [training.train] step=2000 train_batch={'nmse': 1.0490985938161612}
2026-08-06 21:11:39,262 INFO [training.train] step=2000 valid[valid1]={'mse': 0.8448492383200025, 'nmse': 0.8448492383200025, 'mae': 0.6692106458875868, 'nmae': 0.6692106458875868, 'relative_mse': 143.9497072633612}
2026-08-06 21:11:44,839 INFO [training.train] step=3000 train_batch={'nmse': 1.070624733388424}
2026-08-06 21:11:44,888 INFO [training.train] step=3000 valid[valid1]={'mse': 0.8243539396417204, 'nmse': 0.8243539396417204, 'mae': 0.6649097866482205, 'nmae': 0.6649097866482205, 'relative_mse': 106.16174926959648}
2026-08-06 21:11:50,469 INFO [training.train] step=4000 train_batch={'nmse': 0.9737693225741386}
2026-08-06 21:11:50,515 INFO [training.train] step=4000 valid[valid1]={'mse': 0.816043389537347, 'nmse': 0.816043389537347, 'mae': 0.6572991628495474, 'nmae': 0.6572991628495474, 'relative_mse': 119.97435395175187}
2026-08-06 21:11:56,106 INFO [training.train] step=5000 train_batch={'nmse': 1.0791939576119185}
2026-08-06 21:11:56,153 INFO [training.train] step=5000 valid[valid1]={'mse': 0.807341560484871, 'nmse': 0.807341560484871, 'mae': 0.6566123155059007, 'nmae': 0.6566123155059007, 'relative_mse': 113.36571825622882}
2026-08-06 21:12:01,751 INFO [training.train] step=6000 train_batch={'nmse': 1.0929421970769764}
2026-08-06 21:12:01,798 INFO [training.train] step=6000 valid[valid1]={'mse': 0.8020878544560185, 'nmse': 0.8020878544560185, 'mae': 0.6491561163039434, 'nmae': 0.6491561163039434, 'relative_mse': 131.5857041979593}
2026-08-06 21:12:07,383 INFO [training.train] step=7000 train_batch={'nmse': 0.9871906373724342}
2026-08-06 21:12:07,429 INFO [training.train] step=7000 valid[valid1]={'mse': 0.8057863346483342, 'nmse': 0.8057863346483342, 'mae': 0.6555118863544767, 'nmae': 0.6555118863544767, 'relative_mse': 131.26644667368086}
2026-08-06 21:12:13,026 INFO [training.train] step=8000 train_batch={'nmse': 1.0489219721630216}
2026-08-06 21:12:13,072 INFO [training.train] step=8000 valid[valid1]={'mse': 0.8154047809580647, 'nmse': 0.8154047809580647, 'mae': 0.6616359690509775, 'nmae': 0.6616359690509775, 'relative_mse': 131.43624093797473}
2026-08-06 21:12:18,660 INFO [training.train] step=9000 train_batch={'nmse': 0.91402613825351}
2026-08-06 21:12:18,706 INFO [training.train] step=9000 valid[valid1]={'mse': 0.7717053448712384, 'nmse': 0.7717053448712384, 'mae': 0.6356849064902653, 'nmae': 0.6356849064902653, 'relative_mse': 107.90554603697761}
2026-08-06 21:12:24,286 INFO [training.train] step=10000 train_batch={'nmse': 0.9224789748340845}
2026-08-06 21:12:24,332 INFO [training.train] step=10000 valid[valid1]={'mse': 0.765097562598173, 'nmse': 0.765097562598173, 'mae': 0.6310217317449983, 'nmae': 0.6310217317449983, 'relative_mse': 120.29418614301731}
2026-08-06 21:12:24,333 INFO [training.train] training_done steps=10000 seconds=56.34
2026-08-06 21:12:24,467 INFO [__main__] saved criterion_loss=criterion_loss.pdf
2026-08-06 21:12:24,467 INFO [__main__] training done
2026-08-06 21:12:24,467 INFO [__main__] evaluation start
2026-08-06 21:12:24,885 INFO [__main__] evaluation done
2026-08-06 21:12:24,885 INFO [__main__] experiment done seconds=61.27
2026-08-06 21:12:24,885 INFO [__main__] ========================================================================

2026-08-06T21:12:25+02:00 configuration dataset=ETTh1 lags=336 horizon=48 method=patchtst_remove_all_windows module=scripts.experiment requested_seeds=1,2,3 run_seeds=1,2,3 data_root=/home/h61084/codes/timetensors/../datasets train_sampling=random train_stride=1 eval_sampling=all eval_stride=48 batch_size=256 learning_rate=1e-5 epochs=10000 rebuild_dataset=false rebuild_reason=not_needed overrides=+model.name=patchtst +model.path=patchtst +normalization.name=instance +data.sampling.remove_train_cte=true +data.sampling.remove_eval_cte=true ++data.sampling.drop_train_constant_individuals=false ++data.sampling.drop_eval_constant_individuals=false
2026-08-06 21:12:30,061 INFO [__main__] ========================================================================
2026-08-06 21:12:30,062 INFO [__main__] experiment model=patchtst out=/home/h61084/codes/timetensors/outputs/constants/ETTh1/336_48/patchtst_remove_all_windows/seed_1 rebuild_dataset=False evaluate=True
2026-08-06 21:12:30,062 INFO [__main__] stats recompute=True
2026-08-06 21:12:30,062 INFO [__main__] dataset rebuild skipped
2026-08-06 21:12:30,062 INFO [__main__] training start
2026-08-06 21:12:41,478 INFO [training.train] device requested=gpu resolved=cuda:0 cuda=True
2026-08-06 21:12:41,479 INFO [training.train] data_shape=[336, 1, 48]
2026-08-06 21:12:41,479 INFO [training.train] Splits:
train	idx_mode=random	{'values': (7, 1, 17420), 'individual_context': None, 'global_context': None, 'sampled_individuals': 7, 'sampled_dates': 10069, 'samples': 1}
valid1	idx_mode=all	{'values': (7, 1, 17420), 'individual_context': None, 'global_context': None, 'sampled_individuals': 7, 'sampled_dates': 72, 'samples': 504}
test1	idx_mode=all	{'values': (7, 1, 17420), 'individual_context': None, 'global_context': None, 'sampled_individuals': 7, 'sampled_dates': 72, 'samples': 504}
2026-08-06 21:12:41,479 INFO [training.train] Batch:
 batches=train=1, valid1=2, test1=2
 inputs=[1, 1, 336]
 targets=[1, 1, 48]
 individual_context=None
 global_context=None
2026-08-06 21:12:41,481 INFO [training.train] training epochs=10000 steps_per_epoch=1 total_steps=10000 valid_eval_freq=1000 logging_eval_freq=1000
2026-08-06 21:12:49,197 INFO [training.train] step=1000 train_batch={'nmse': 1.2479032477587462}
2026-08-06 21:12:49,250 INFO [training.train] step=1000 valid[valid1]={'mse': 0.9278021111059441, 'nmse': 0.9278021111059441, 'mae': 0.7014889187282987, 'nmae': 0.7014889187282987, 'relative_mse': 125.22134300514504}
2026-08-06 21:12:55,107 INFO [training.train] step=2000 train_batch={'nmse': 1.080289300903678}
2026-08-06 21:12:55,153 INFO [training.train] step=2000 valid[valid1]={'mse': 0.8582653873181217, 'nmse': 0.8582653873181217, 'mae': 0.6734437084702588, 'nmae': 0.6734437084702588, 'relative_mse': 116.91637375241234}
2026-08-06 21:13:00,995 INFO [training.train] step=3000 train_batch={'nmse': 0.9955985734760762}
2026-08-06 21:13:01,043 INFO [training.train] step=3000 valid[valid1]={'mse': 0.8370695568266369, 'nmse': 0.8370695568266369, 'mae': 0.6658649545497995, 'nmae': 0.6658649545497995, 'relative_mse': 106.92909531366257}
2026-08-06 21:13:06,906 INFO [training.train] step=4000 train_batch={'nmse': 0.9310080765411258}
2026-08-06 21:13:07,082 INFO [training.train] step=4000 valid[valid1]={'mse': 0.8197188604445684, 'nmse': 0.8197188604445684, 'mae': 0.654898830191799, 'nmae': 0.654898830191799, 'relative_mse': 146.7589503495151}
2026-08-06 21:13:12,916 INFO [training.train] step=5000 train_batch={'nmse': 0.9514027243256569}
2026-08-06 21:13:12,961 INFO [training.train] step=5000 valid[valid1]={'mse': 0.7943277914057333, 'nmse': 0.7943277914057333, 'mae': 0.6433530736852575, 'nmae': 0.6433530736852575, 'relative_mse': 132.40524984289098}
2026-08-06 21:13:18,797 INFO [training.train] step=6000 train_batch={'nmse': 0.987254350244999}
2026-08-06 21:13:18,842 INFO [training.train] step=6000 valid[valid1]={'mse': 0.786666991218688, 'nmse': 0.786666991218688, 'mae': 0.6399002277031147, 'nmae': 0.6399002277031147, 'relative_mse': 127.3777427471504}
2026-08-06 21:13:24,691 INFO [training.train] step=7000 train_batch={'nmse': 0.9618102626055479}
2026-08-06 21:13:24,737 INFO [training.train] step=7000 valid[valid1]={'mse': 0.7794818373584242, 'nmse': 0.7794818373584242, 'mae': 0.6374794288917824, 'nmae': 0.6374794288917824, 'relative_mse': 126.61393414855634}
2026-08-06 21:13:30,585 INFO [training.train] step=8000 train_batch={'nmse': 1.0080347660779954}
2026-08-06 21:13:30,631 INFO [training.train] step=8000 valid[valid1]={'mse': 0.7737395271422371, 'nmse': 0.7737395271422371, 'mae': 0.6303466312468998, 'nmae': 0.6303466312468998, 'relative_mse': 132.47318235528533}
2026-08-06 21:13:36,479 INFO [training.train] step=9000 train_batch={'nmse': 0.9530404430478812}
2026-08-06 21:13:36,525 INFO [training.train] step=9000 valid[valid1]={'mse': 0.7662899279720569, 'nmse': 0.7662899279720569, 'mae': 0.6291146858659371, 'nmae': 0.6291146858659371, 'relative_mse': 113.14937300909133}
2026-08-06 21:13:42,386 INFO [training.train] step=10000 train_batch={'nmse': 0.90919515465945}
2026-08-06 21:13:42,433 INFO [training.train] step=10000 valid[valid1]={'mse': 0.7678490694237765, 'nmse': 0.7678490694237765, 'mae': 0.6330186753045945, 'nmae': 0.6330186753045945, 'relative_mse': 147.4839593897421}
2026-08-06 21:13:42,433 INFO [training.train] training_done steps=10000 seconds=60.95
2026-08-06 21:13:42,846 INFO [__main__] saved criterion_loss=criterion_loss.pdf
2026-08-06 21:13:42,846 INFO [__main__] training done
2026-08-06 21:13:42,847 INFO [__main__] evaluation start
2026-08-06 21:13:43,125 INFO [__main__] evaluation done
2026-08-06 21:13:43,125 INFO [__main__] experiment done seconds=73.07
2026-08-06 21:13:43,125 INFO [__main__] ========================================================================
2026-08-06 21:13:43,153 INFO [__main__] ========================================================================
2026-08-06 21:13:43,153 INFO [__main__] experiment model=patchtst out=/home/h61084/codes/timetensors/outputs/constants/ETTh1/336_48/patchtst_remove_all_windows/seed_2 rebuild_dataset=False evaluate=True
2026-08-06 21:13:43,153 INFO [__main__] stats recompute=True
2026-08-06 21:13:43,153 INFO [__main__] dataset rebuild skipped
2026-08-06 21:13:43,154 INFO [__main__] training start
2026-08-06 21:13:54,104 INFO [training.train] device requested=gpu resolved=cuda:0 cuda=True
2026-08-06 21:13:54,106 INFO [training.train] data_shape=[336, 1, 48]
2026-08-06 21:13:54,106 INFO [training.train] Splits:
train	idx_mode=random	{'values': (7, 1, 17420), 'individual_context': None, 'global_context': None, 'sampled_individuals': 7, 'sampled_dates': 10069, 'samples': 1}
valid1	idx_mode=all	{'values': (7, 1, 17420), 'individual_context': None, 'global_context': None, 'sampled_individuals': 7, 'sampled_dates': 72, 'samples': 504}
test1	idx_mode=all	{'values': (7, 1, 17420), 'individual_context': None, 'global_context': None, 'sampled_individuals': 7, 'sampled_dates': 72, 'samples': 504}
2026-08-06 21:13:54,106 INFO [training.train] Batch:
 batches=train=1, valid1=2, test1=2
 inputs=[1, 1, 336]
 targets=[1, 1, 48]
 individual_context=None
 global_context=None
2026-08-06 21:13:54,109 INFO [training.train] training epochs=10000 steps_per_epoch=1 total_steps=10000 valid_eval_freq=1000 logging_eval_freq=1000
2026-08-06 21:13:59,987 INFO [training.train] step=1000 train_batch={'nmse': 1.4492373648136854}
2026-08-06 21:14:00,034 INFO [training.train] step=1000 valid[valid1]={'mse': 0.9265089489164806, 'nmse': 0.9265089489164806, 'mae': 0.7077725122845362, 'nmae': 0.7077725122845362, 'relative_mse': 123.05016320849222}
2026-08-06 21:14:05,902 INFO [training.train] step=2000 train_batch={'nmse': 1.211474870570004}
2026-08-06 21:14:05,951 INFO [training.train] step=2000 valid[valid1]={'mse': 0.8675342539630869, 'nmse': 0.8675342539630869, 'mae': 0.685650457150091, 'nmae': 0.685650457150091, 'relative_mse': 135.8867702181377}
2026-08-06 21:14:11,817 INFO [training.train] step=3000 train_batch={'nmse': 1.0378344011828304}
2026-08-06 21:14:11,862 INFO [training.train] step=3000 valid[valid1]={'mse': 0.8356182764446924, 'nmse': 0.8356182764446924, 'mae': 0.6694745866079179, 'nmae': 0.6694745866079179, 'relative_mse': 117.41169709503335}
2026-08-06 21:14:17,739 INFO [training.train] step=4000 train_batch={'nmse': 0.9691490918919444}
2026-08-06 21:14:17,784 INFO [training.train] step=4000 valid[valid1]={'mse': 0.8281020714492394, 'nmse': 0.8281020714492394, 'mae': 0.6637425902028563, 'nmae': 0.6637425902028563, 'relative_mse': 142.12611225673132}
2026-08-06 21:14:23,654 INFO [training.train] step=5000 train_batch={'nmse': 1.0000549691095948}
2026-08-06 21:14:23,699 INFO [training.train] step=5000 valid[valid1]={'mse': 0.8062296065073165, 'nmse': 0.8062296065073165, 'mae': 0.6554538787357391, 'nmae': 0.6554538787357391, 'relative_mse': 112.02694827286655}
2026-08-06 21:14:29,579 INFO [training.train] step=6000 train_batch={'nmse': 0.9554569428861142}
2026-08-06 21:14:29,625 INFO [training.train] step=6000 valid[valid1]={'mse': 0.7924902376043733, 'nmse': 0.7924902376043733, 'mae': 0.6488982306586372, 'nmae': 0.6488982306586372, 'relative_mse': 124.46497160290915}
2026-08-06 21:14:35,494 INFO [training.train] step=7000 train_batch={'nmse': 1.1114093484580516}
2026-08-06 21:14:35,539 INFO [training.train] step=7000 valid[valid1]={'mse': 0.7918100104760871, 'nmse': 0.7918100104760871, 'mae': 0.646475837344215, 'nmae': 0.646475837344215, 'relative_mse': 124.25464224436926}
2026-08-06 21:14:41,432 INFO [training.train] step=8000 train_batch={'nmse': 1.0096881777234374}
2026-08-06 21:14:41,638 INFO [training.train] step=8000 valid[valid1]={'mse': 0.7815045149868758, 'nmse': 0.7815045149868758, 'mae': 0.6380163122106481, 'nmae': 0.6380163122106481, 'relative_mse': 143.81579779569435}
2026-08-06 21:14:47,567 INFO [training.train] step=9000 train_batch={'nmse': 0.9748129773363471}
2026-08-06 21:14:47,613 INFO [training.train] step=9000 valid[valid1]={'mse': 0.7705337685882729, 'nmse': 0.7705337685882729, 'mae': 0.6357848757789248, 'nmae': 0.6357848757789248, 'relative_mse': 109.0914355283061}
2026-08-06 21:14:53,523 INFO [training.train] step=10000 train_batch={'nmse': 1.0784243485480547}
2026-08-06 21:14:53,569 INFO [training.train] step=10000 valid[valid1]={'mse': 0.784973386734251, 'nmse': 0.784973386734251, 'mae': 0.6424076140873016, 'nmae': 0.6424076140873016, 'relative_mse': 133.77918471482695}
2026-08-06 21:14:53,569 INFO [training.train] training_done steps=10000 seconds=59.46
2026-08-06 21:14:53,702 INFO [__main__] saved criterion_loss=criterion_loss.pdf
2026-08-06 21:14:53,702 INFO [__main__] training done
2026-08-06 21:14:53,702 INFO [__main__] evaluation start
2026-08-06 21:14:53,981 INFO [__main__] evaluation done
2026-08-06 21:14:53,981 INFO [__main__] experiment done seconds=70.86
2026-08-06 21:14:53,981 INFO [__main__] ========================================================================
2026-08-06 21:14:53,983 INFO [__main__] ========================================================================
2026-08-06 21:14:53,983 INFO [__main__] experiment model=patchtst out=/home/h61084/codes/timetensors/outputs/constants/ETTh1/336_48/patchtst_remove_all_windows/seed_3 rebuild_dataset=False evaluate=True
2026-08-06 21:14:53,983 INFO [__main__] stats recompute=True
2026-08-06 21:14:53,983 INFO [__main__] dataset rebuild skipped
2026-08-06 21:14:53,983 INFO [__main__] training start
2026-08-06 21:15:04,966 INFO [training.train] device requested=gpu resolved=cuda:0 cuda=True
2026-08-06 21:15:04,967 INFO [training.train] data_shape=[336, 1, 48]
2026-08-06 21:15:04,967 INFO [training.train] Splits:
train	idx_mode=random	{'values': (7, 1, 17420), 'individual_context': None, 'global_context': None, 'sampled_individuals': 7, 'sampled_dates': 10069, 'samples': 1}
valid1	idx_mode=all	{'values': (7, 1, 17420), 'individual_context': None, 'global_context': None, 'sampled_individuals': 7, 'sampled_dates': 72, 'samples': 504}
test1	idx_mode=all	{'values': (7, 1, 17420), 'individual_context': None, 'global_context': None, 'sampled_individuals': 7, 'sampled_dates': 72, 'samples': 504}
2026-08-06 21:15:04,967 INFO [training.train] Batch:
 batches=train=1, valid1=2, test1=2
 inputs=[1, 1, 336]
 targets=[1, 1, 48]
 individual_context=None
 global_context=None
2026-08-06 21:15:04,970 INFO [training.train] training epochs=10000 steps_per_epoch=1 total_steps=10000 valid_eval_freq=1000 logging_eval_freq=1000
2026-08-06 21:15:10,877 INFO [training.train] step=1000 train_batch={'nmse': 1.437511344730854}
2026-08-06 21:15:10,925 INFO [training.train] step=1000 valid[valid1]={'mse': 0.9238191231217965, 'nmse': 0.9238191231217965, 'mae': 0.7095476988131407, 'nmae': 0.7095476988131407, 'relative_mse': 101.61887862190368}
2026-08-06 21:15:16,852 INFO [training.train] step=2000 train_batch={'nmse': 1.0490985938161612}
2026-08-06 21:15:16,898 INFO [training.train] step=2000 valid[valid1]={'mse': 0.8448492383200025, 'nmse': 0.8448492383200025, 'mae': 0.6692106458875868, 'nmae': 0.6692106458875868, 'relative_mse': 143.9497072633612}
2026-08-06 21:15:23,255 INFO [training.train] step=3000 train_batch={'nmse': 1.070624733388424}
2026-08-06 21:15:23,304 INFO [training.train] step=3000 valid[valid1]={'mse': 0.8243539396417204, 'nmse': 0.8243539396417204, 'mae': 0.6649097866482205, 'nmae': 0.6649097866482205, 'relative_mse': 106.16174926959648}
2026-08-06 21:15:29,700 INFO [training.train] step=4000 train_batch={'nmse': 0.9737693225741386}
2026-08-06 21:15:29,745 INFO [training.train] step=4000 valid[valid1]={'mse': 0.816043389537347, 'nmse': 0.816043389537347, 'mae': 0.6572991628495474, 'nmae': 0.6572991628495474, 'relative_mse': 119.97435395175187}
2026-08-06 21:15:35,660 INFO [training.train] step=5000 train_batch={'nmse': 1.0791939576119185}
2026-08-06 21:15:35,705 INFO [training.train] step=5000 valid[valid1]={'mse': 0.807341560484871, 'nmse': 0.807341560484871, 'mae': 0.6566123155059007, 'nmae': 0.6566123155059007, 'relative_mse': 113.36571825622882}
2026-08-06 21:15:41,623 INFO [training.train] step=6000 train_batch={'nmse': 1.0929421970769764}
2026-08-06 21:15:41,670 INFO [training.train] step=6000 valid[valid1]={'mse': 0.8020878544560185, 'nmse': 0.8020878544560185, 'mae': 0.6491561163039434, 'nmae': 0.6491561163039434, 'relative_mse': 131.5857041979593}
2026-08-06 21:15:47,586 INFO [training.train] step=7000 train_batch={'nmse': 0.9871906373724342}
2026-08-06 21:15:47,634 INFO [training.train] step=7000 valid[valid1]={'mse': 0.8057863346483342, 'nmse': 0.8057863346483342, 'mae': 0.6555118863544767, 'nmae': 0.6555118863544767, 'relative_mse': 131.26644667368086}
2026-08-06 21:15:53,541 INFO [training.train] step=8000 train_batch={'nmse': 1.0489219721630216}
2026-08-06 21:15:53,586 INFO [training.train] step=8000 valid[valid1]={'mse': 0.8154047809580647, 'nmse': 0.8154047809580647, 'mae': 0.6616359690509775, 'nmae': 0.6616359690509775, 'relative_mse': 131.43624093797473}
2026-08-06 21:15:59,500 INFO [training.train] step=9000 train_batch={'nmse': 0.91402613825351}
2026-08-06 21:15:59,545 INFO [training.train] step=9000 valid[valid1]={'mse': 0.7717053448712384, 'nmse': 0.7717053448712384, 'mae': 0.6356849064902653, 'nmae': 0.6356849064902653, 'relative_mse': 107.90554603697761}
2026-08-06 21:16:05,456 INFO [training.train] step=10000 train_batch={'nmse': 0.9224789748340845}
2026-08-06 21:16:05,502 INFO [training.train] step=10000 valid[valid1]={'mse': 0.765097562598173, 'nmse': 0.765097562598173, 'mae': 0.6310217317449983, 'nmae': 0.6310217317449983, 'relative_mse': 120.29418614301731}
2026-08-06 21:16:05,503 INFO [training.train] training_done steps=10000 seconds=60.53
2026-08-06 21:16:05,637 INFO [__main__] saved criterion_loss=criterion_loss.pdf
2026-08-06 21:16:05,637 INFO [__main__] training done
2026-08-06 21:16:05,637 INFO [__main__] evaluation start
2026-08-06 21:16:06,049 INFO [__main__] evaluation done
2026-08-06 21:16:06,050 INFO [__main__] experiment done seconds=72.07
2026-08-06 21:16:06,050 INFO [__main__] ========================================================================

2026-08-06T21:16:06+02:00 configuration dataset=ETTh1 lags=336 horizon=48 method=patchtst_drop_all_users module=scripts.experiment requested_seeds=1,2,3 run_seeds=1,2,3 data_root=/home/h61084/codes/timetensors/../datasets train_sampling=random train_stride=1 eval_sampling=all eval_stride=48 batch_size=256 learning_rate=1e-5 epochs=10000 rebuild_dataset=false rebuild_reason=not_needed overrides=+model.name=patchtst +model.path=patchtst +normalization.name=instance +data.sampling.remove_train_cte=false +data.sampling.remove_eval_cte=false ++data.sampling.drop_train_constant_individuals=true ++data.sampling.drop_eval_constant_individuals=true
2026-08-06 21:16:11,573 INFO [__main__] ========================================================================
2026-08-06 21:16:11,574 INFO [__main__] experiment model=patchtst out=/home/h61084/codes/timetensors/outputs/constants/ETTh1/336_48/patchtst_drop_all_users/seed_1 rebuild_dataset=False evaluate=True
2026-08-06 21:16:11,574 INFO [__main__] stats recompute=True
2026-08-06 21:16:11,574 INFO [__main__] dataset rebuild skipped
2026-08-06 21:16:11,574 INFO [__main__] training start
2026-08-06 21:16:16,409 INFO [training.train] device requested=gpu resolved=cuda:0 cuda=True
2026-08-06 21:16:16,411 INFO [training.train] data_shape=[336, 1, 48]
2026-08-06 21:16:16,411 INFO [training.train] Splits:
train	idx_mode=random	{'values': (7, 1, 17420), 'individual_context': None, 'global_context': None, 'sampled_individuals': 7, 'sampled_dates': 10069, 'samples': 1}
valid1	idx_mode=all	{'values': (7, 1, 17420), 'individual_context': None, 'global_context': None, 'sampled_individuals': 7, 'sampled_dates': 72, 'samples': 504}
test1	idx_mode=all	{'values': (7, 1, 17420), 'individual_context': None, 'global_context': None, 'sampled_individuals': 7, 'sampled_dates': 72, 'samples': 504}
2026-08-06 21:16:16,411 INFO [training.train] Batch:
 batches=train=1, valid1=2, test1=2
 inputs=[1, 1, 336]
 targets=[1, 1, 48]
 individual_context=None
 global_context=None
2026-08-06 21:16:16,412 INFO [training.train] training epochs=10000 steps_per_epoch=1 total_steps=10000 valid_eval_freq=1000 logging_eval_freq=1000
2026-08-06 21:16:23,855 INFO [training.train] step=1000 train_batch={'nmse': 1.2479032477587462}
2026-08-06 21:16:23,893 INFO [training.train] step=1000 valid[valid1]={'mse': 0.9278021111059441, 'nmse': 0.9278021111059441, 'mae': 0.7014889187282987, 'nmae': 0.7014889187282987, 'relative_mse': 125.22134300514504}
2026-08-06 21:16:29,438 INFO [training.train] step=2000 train_batch={'nmse': 1.080289300903678}
2026-08-06 21:16:29,582 INFO [training.train] step=2000 valid[valid1]={'mse': 0.8582653873181217, 'nmse': 0.8582653873181217, 'mae': 0.6734437084702588, 'nmae': 0.6734437084702588, 'relative_mse': 116.91637375241234}
2026-08-06 21:16:35,124 INFO [training.train] step=3000 train_batch={'nmse': 0.9955985734760762}
2026-08-06 21:16:35,155 INFO [training.train] step=3000 valid[valid1]={'mse': 0.8370695568266369, 'nmse': 0.8370695568266369, 'mae': 0.6658649545497995, 'nmae': 0.6658649545497995, 'relative_mse': 106.92909531366257}
2026-08-06 21:16:40,705 INFO [training.train] step=4000 train_batch={'nmse': 0.9310080765411258}
2026-08-06 21:16:40,736 INFO [training.train] step=4000 valid[valid1]={'mse': 0.8197188604445684, 'nmse': 0.8197188604445684, 'mae': 0.654898830191799, 'nmae': 0.654898830191799, 'relative_mse': 146.7589503495151}
2026-08-06 21:16:46,275 INFO [training.train] step=5000 train_batch={'nmse': 0.9514027243256569}
2026-08-06 21:16:46,307 INFO [training.train] step=5000 valid[valid1]={'mse': 0.7943277914057333, 'nmse': 0.7943277914057333, 'mae': 0.6433530736852575, 'nmae': 0.6433530736852575, 'relative_mse': 132.40524984289098}
2026-08-06 21:16:51,829 INFO [training.train] step=6000 train_batch={'nmse': 0.987254350244999}
2026-08-06 21:16:51,860 INFO [training.train] step=6000 valid[valid1]={'mse': 0.786666991218688, 'nmse': 0.786666991218688, 'mae': 0.6399002277031147, 'nmae': 0.6399002277031147, 'relative_mse': 127.3777427471504}
2026-08-06 21:16:57,396 INFO [training.train] step=7000 train_batch={'nmse': 0.9618102626055479}
2026-08-06 21:16:57,427 INFO [training.train] step=7000 valid[valid1]={'mse': 0.7794818373584242, 'nmse': 0.7794818373584242, 'mae': 0.6374794288917824, 'nmae': 0.6374794288917824, 'relative_mse': 126.61393414855634}
2026-08-06 21:17:02,957 INFO [training.train] step=8000 train_batch={'nmse': 1.0080347660779954}
2026-08-06 21:17:02,988 INFO [training.train] step=8000 valid[valid1]={'mse': 0.7737395271422371, 'nmse': 0.7737395271422371, 'mae': 0.6303466312468998, 'nmae': 0.6303466312468998, 'relative_mse': 132.47318235528533}
2026-08-06 21:17:08,531 INFO [training.train] step=9000 train_batch={'nmse': 0.9530404430478812}
2026-08-06 21:17:08,563 INFO [training.train] step=9000 valid[valid1]={'mse': 0.7662899279720569, 'nmse': 0.7662899279720569, 'mae': 0.6291146858659371, 'nmae': 0.6291146858659371, 'relative_mse': 113.14937300909133}
2026-08-06 21:17:14,095 INFO [training.train] step=10000 train_batch={'nmse': 0.90919515465945}
2026-08-06 21:17:14,128 INFO [training.train] step=10000 valid[valid1]={'mse': 0.7678490694237765, 'nmse': 0.7678490694237765, 'mae': 0.6330186753045945, 'nmae': 0.6330186753045945, 'relative_mse': 147.4839593897421}
2026-08-06 21:17:14,128 INFO [training.train] training_done steps=10000 seconds=57.72
2026-08-06 21:17:14,514 INFO [__main__] saved criterion_loss=criterion_loss.pdf
2026-08-06 21:17:14,514 INFO [__main__] training done
2026-08-06 21:17:14,514 INFO [__main__] evaluation start
2026-08-06 21:17:14,735 INFO [__main__] evaluation done
2026-08-06 21:17:14,735 INFO [__main__] experiment done seconds=63.18
2026-08-06 21:17:14,736 INFO [__main__] ========================================================================
2026-08-06 21:17:14,737 INFO [__main__] ========================================================================
2026-08-06 21:17:14,738 INFO [__main__] experiment model=patchtst out=/home/h61084/codes/timetensors/outputs/constants/ETTh1/336_48/patchtst_drop_all_users/seed_2 rebuild_dataset=False evaluate=True
2026-08-06 21:17:14,738 INFO [__main__] stats recompute=True
2026-08-06 21:17:14,738 INFO [__main__] dataset rebuild skipped
2026-08-06 21:17:14,738 INFO [__main__] training start
2026-08-06 21:17:19,096 INFO [training.train] device requested=gpu resolved=cuda:0 cuda=True
2026-08-06 21:17:19,097 INFO [training.train] data_shape=[336, 1, 48]
2026-08-06 21:17:19,097 INFO [training.train] Splits:
train	idx_mode=random	{'values': (7, 1, 17420), 'individual_context': None, 'global_context': None, 'sampled_individuals': 7, 'sampled_dates': 10069, 'samples': 1}
valid1	idx_mode=all	{'values': (7, 1, 17420), 'individual_context': None, 'global_context': None, 'sampled_individuals': 7, 'sampled_dates': 72, 'samples': 504}
test1	idx_mode=all	{'values': (7, 1, 17420), 'individual_context': None, 'global_context': None, 'sampled_individuals': 7, 'sampled_dates': 72, 'samples': 504}
2026-08-06 21:17:19,097 INFO [training.train] Batch:
 batches=train=1, valid1=2, test1=2
 inputs=[1, 1, 336]
 targets=[1, 1, 48]
 individual_context=None
 global_context=None
2026-08-06 21:17:19,100 INFO [training.train] training epochs=10000 steps_per_epoch=1 total_steps=10000 valid_eval_freq=1000 logging_eval_freq=1000
2026-08-06 21:17:24,661 INFO [training.train] step=1000 train_batch={'nmse': 1.4492373648136854}
2026-08-06 21:17:24,694 INFO [training.train] step=1000 valid[valid1]={'mse': 0.9265089489164806, 'nmse': 0.9265089489164806, 'mae': 0.7077725122845362, 'nmae': 0.7077725122845362, 'relative_mse': 123.05016320849222}
2026-08-06 21:17:30,245 INFO [training.train] step=2000 train_batch={'nmse': 1.211474870570004}
2026-08-06 21:17:30,278 INFO [training.train] step=2000 valid[valid1]={'mse': 0.8675342539630869, 'nmse': 0.8675342539630869, 'mae': 0.685650457150091, 'nmae': 0.685650457150091, 'relative_mse': 135.8867702181377}
2026-08-06 21:17:35,819 INFO [training.train] step=3000 train_batch={'nmse': 1.0378344011828304}
2026-08-06 21:17:35,851 INFO [training.train] step=3000 valid[valid1]={'mse': 0.8356182764446924, 'nmse': 0.8356182764446924, 'mae': 0.6694745866079179, 'nmae': 0.6694745866079179, 'relative_mse': 117.41169709503335}
2026-08-06 21:17:41,399 INFO [training.train] step=4000 train_batch={'nmse': 0.9691490918919444}
2026-08-06 21:17:41,431 INFO [training.train] step=4000 valid[valid1]={'mse': 0.8281020714492394, 'nmse': 0.8281020714492394, 'mae': 0.6637425902028563, 'nmae': 0.6637425902028563, 'relative_mse': 142.12611225673132}
2026-08-06 21:17:46,967 INFO [training.train] step=5000 train_batch={'nmse': 1.0000549691095948}
2026-08-06 21:17:46,998 INFO [training.train] step=5000 valid[valid1]={'mse': 0.8062296065073165, 'nmse': 0.8062296065073165, 'mae': 0.6554538787357391, 'nmae': 0.6554538787357391, 'relative_mse': 112.02694827286655}
2026-08-06 21:17:52,547 INFO [training.train] step=6000 train_batch={'nmse': 0.9554569428861142}
2026-08-06 21:17:52,578 INFO [training.train] step=6000 valid[valid1]={'mse': 0.7924902376043733, 'nmse': 0.7924902376043733, 'mae': 0.6488982306586372, 'nmae': 0.6488982306586372, 'relative_mse': 124.46497160290915}
2026-08-06 21:17:58,161 INFO [training.train] step=7000 train_batch={'nmse': 1.1114093484580516}
2026-08-06 21:17:58,192 INFO [training.train] step=7000 valid[valid1]={'mse': 0.7918100104760871, 'nmse': 0.7918100104760871, 'mae': 0.646475837344215, 'nmae': 0.646475837344215, 'relative_mse': 124.25464224436926}
2026-08-06 21:18:03,745 INFO [training.train] step=8000 train_batch={'nmse': 1.0096881777234374}
2026-08-06 21:18:03,777 INFO [training.train] step=8000 valid[valid1]={'mse': 0.7815045149868758, 'nmse': 0.7815045149868758, 'mae': 0.6380163122106481, 'nmae': 0.6380163122106481, 'relative_mse': 143.81579779569435}
2026-08-06 21:18:09,330 INFO [training.train] step=9000 train_batch={'nmse': 0.9748129773363471}
2026-08-06 21:18:09,362 INFO [training.train] step=9000 valid[valid1]={'mse': 0.7705337685882729, 'nmse': 0.7705337685882729, 'mae': 0.6357848757789248, 'nmae': 0.6357848757789248, 'relative_mse': 109.0914355283061}
2026-08-06 21:18:14,906 INFO [training.train] step=10000 train_batch={'nmse': 1.0784243485480547}
2026-08-06 21:18:14,937 INFO [training.train] step=10000 valid[valid1]={'mse': 0.784973386734251, 'nmse': 0.784973386734251, 'mae': 0.6424076140873016, 'nmae': 0.6424076140873016, 'relative_mse': 133.77918471482695}
2026-08-06 21:18:14,937 INFO [training.train] training_done steps=10000 seconds=55.84
2026-08-06 21:18:15,071 INFO [__main__] saved criterion_loss=criterion_loss.pdf
2026-08-06 21:18:15,071 INFO [__main__] training done
2026-08-06 21:18:15,071 INFO [__main__] evaluation start
2026-08-06 21:18:15,295 INFO [__main__] evaluation done
2026-08-06 21:18:15,295 INFO [__main__] experiment done seconds=60.56
2026-08-06 21:18:15,295 INFO [__main__] ========================================================================
2026-08-06 21:18:15,297 INFO [__main__] ========================================================================
2026-08-06 21:18:15,297 INFO [__main__] experiment model=patchtst out=/home/h61084/codes/timetensors/outputs/constants/ETTh1/336_48/patchtst_drop_all_users/seed_3 rebuild_dataset=False evaluate=True
2026-08-06 21:18:15,297 INFO [__main__] stats recompute=True
2026-08-06 21:18:15,297 INFO [__main__] dataset rebuild skipped
2026-08-06 21:18:15,297 INFO [__main__] training start
2026-08-06 21:18:19,476 INFO [training.train] device requested=gpu resolved=cuda:0 cuda=True
2026-08-06 21:18:19,477 INFO [training.train] data_shape=[336, 1, 48]
2026-08-06 21:18:19,477 INFO [training.train] Splits:
train	idx_mode=random	{'values': (7, 1, 17420), 'individual_context': None, 'global_context': None, 'sampled_individuals': 7, 'sampled_dates': 10069, 'samples': 1}
valid1	idx_mode=all	{'values': (7, 1, 17420), 'individual_context': None, 'global_context': None, 'sampled_individuals': 7, 'sampled_dates': 72, 'samples': 504}
test1	idx_mode=all	{'values': (7, 1, 17420), 'individual_context': None, 'global_context': None, 'sampled_individuals': 7, 'sampled_dates': 72, 'samples': 504}
2026-08-06 21:18:19,477 INFO [training.train] Batch:
 batches=train=1, valid1=2, test1=2
 inputs=[1, 1, 336]
 targets=[1, 1, 48]
 individual_context=None
 global_context=None
2026-08-06 21:18:19,480 INFO [training.train] training epochs=10000 steps_per_epoch=1 total_steps=10000 valid_eval_freq=1000 logging_eval_freq=1000
2026-08-06 21:18:25,053 INFO [training.train] step=1000 train_batch={'nmse': 1.437511344730854}
2026-08-06 21:18:25,085 INFO [training.train] step=1000 valid[valid1]={'mse': 0.9238191231217965, 'nmse': 0.9238191231217965, 'mae': 0.7095476988131407, 'nmae': 0.7095476988131407, 'relative_mse': 101.61887862190368}
2026-08-06 21:18:30,676 INFO [training.train] step=2000 train_batch={'nmse': 1.0490985938161612}
2026-08-06 21:18:30,708 INFO [training.train] step=2000 valid[valid1]={'mse': 0.8448492383200025, 'nmse': 0.8448492383200025, 'mae': 0.6692106458875868, 'nmae': 0.6692106458875868, 'relative_mse': 143.9497072633612}
2026-08-06 21:18:36,314 INFO [training.train] step=3000 train_batch={'nmse': 1.070624733388424}
2026-08-06 21:18:36,346 INFO [training.train] step=3000 valid[valid1]={'mse': 0.8243539396417204, 'nmse': 0.8243539396417204, 'mae': 0.6649097866482205, 'nmae': 0.6649097866482205, 'relative_mse': 106.16174926959648}
2026-08-06 21:18:41,932 INFO [training.train] step=4000 train_batch={'nmse': 0.9737693225741386}
2026-08-06 21:18:41,963 INFO [training.train] step=4000 valid[valid1]={'mse': 0.816043389537347, 'nmse': 0.816043389537347, 'mae': 0.6572991628495474, 'nmae': 0.6572991628495474, 'relative_mse': 119.97435395175187}
2026-08-06 21:18:47,548 INFO [training.train] step=5000 train_batch={'nmse': 1.0791939576119185}
2026-08-06 21:18:47,579 INFO [training.train] step=5000 valid[valid1]={'mse': 0.807341560484871, 'nmse': 0.807341560484871, 'mae': 0.6566123155059007, 'nmae': 0.6566123155059007, 'relative_mse': 113.36571825622882}
2026-08-06 21:18:53,158 INFO [training.train] step=6000 train_batch={'nmse': 1.0929421970769764}
2026-08-06 21:18:53,189 INFO [training.train] step=6000 valid[valid1]={'mse': 0.8020878544560185, 'nmse': 0.8020878544560185, 'mae': 0.6491561163039434, 'nmae': 0.6491561163039434, 'relative_mse': 131.5857041979593}
2026-08-06 21:18:58,770 INFO [training.train] step=7000 train_batch={'nmse': 0.9871906373724342}
2026-08-06 21:18:58,801 INFO [training.train] step=7000 valid[valid1]={'mse': 0.8057863346483342, 'nmse': 0.8057863346483342, 'mae': 0.6555118863544767, 'nmae': 0.6555118863544767, 'relative_mse': 131.26644667368086}
2026-08-06 21:19:04,381 INFO [training.train] step=8000 train_batch={'nmse': 1.0489219721630216}
2026-08-06 21:19:04,413 INFO [training.train] step=8000 valid[valid1]={'mse': 0.8154047809580647, 'nmse': 0.8154047809580647, 'mae': 0.6616359690509775, 'nmae': 0.6616359690509775, 'relative_mse': 131.43624093797473}
2026-08-06 21:19:09,994 INFO [training.train] step=9000 train_batch={'nmse': 0.91402613825351}
2026-08-06 21:19:10,025 INFO [training.train] step=9000 valid[valid1]={'mse': 0.7717053448712384, 'nmse': 0.7717053448712384, 'mae': 0.6356849064902653, 'nmae': 0.6356849064902653, 'relative_mse': 107.90554603697761}
2026-08-06 21:19:15,612 INFO [training.train] step=10000 train_batch={'nmse': 0.9224789748340845}
2026-08-06 21:19:15,645 INFO [training.train] step=10000 valid[valid1]={'mse': 0.765097562598173, 'nmse': 0.765097562598173, 'mae': 0.6310217317449983, 'nmae': 0.6310217317449983, 'relative_mse': 120.29418614301731}
2026-08-06 21:19:15,645 INFO [training.train] training_done steps=10000 seconds=56.16
2026-08-06 21:19:15,912 INFO [__main__] saved criterion_loss=criterion_loss.pdf
2026-08-06 21:19:15,912 INFO [__main__] training done
2026-08-06 21:19:15,912 INFO [__main__] evaluation start
2026-08-06 21:19:16,126 INFO [__main__] evaluation done
2026-08-06 21:19:16,126 INFO [__main__] experiment done seconds=60.83
2026-08-06 21:19:16,126 INFO [__main__] ========================================================================

2026-08-06T21:19:16+02:00 configuration dataset=ETTh1 lags=504 horizon=168 method=patchtst_keep module=scripts.experiment requested_seeds=1,2,3 run_seeds=1,2,3 data_root=/home/h61084/codes/timetensors/../datasets train_sampling=random train_stride=1 eval_sampling=all eval_stride=168 batch_size=256 learning_rate=1e-5 epochs=10000 rebuild_dataset=false rebuild_reason=not_needed overrides=+model.name=patchtst +model.path=patchtst +normalization.name=instance +data.sampling.remove_train_cte=false +data.sampling.remove_eval_cte=false ++data.sampling.drop_train_constant_individuals=false ++data.sampling.drop_eval_constant_individuals=false
2026-08-06 21:19:21,296 INFO [__main__] ========================================================================
2026-08-06 21:19:21,296 INFO [__main__] experiment model=patchtst out=/home/h61084/codes/timetensors/outputs/constants/ETTh1/504_168/patchtst_keep/seed_1 rebuild_dataset=False evaluate=True
2026-08-06 21:19:21,296 INFO [__main__] stats recompute=True
2026-08-06 21:19:21,296 INFO [__main__] dataset rebuild skipped
2026-08-06 21:19:21,296 INFO [__main__] training start
2026-08-06 21:19:25,936 INFO [training.train] device requested=gpu resolved=cuda:0 cuda=True
2026-08-06 21:19:25,937 INFO [training.train] data_shape=[504, 1, 168]
2026-08-06 21:19:25,937 INFO [training.train] Splits:
train	idx_mode=random	{'values': (7, 1, 17420), 'individual_context': None, 'global_context': None, 'sampled_individuals': 7, 'sampled_dates': 9781, 'samples': 1}
valid1	idx_mode=all	{'values': (7, 1, 17420), 'individual_context': None, 'global_context': None, 'sampled_individuals': 7, 'sampled_dates': 20, 'samples': 140}
test1	idx_mode=all	{'values': (7, 1, 17420), 'individual_context': None, 'global_context': None, 'sampled_individuals': 7, 'sampled_dates': 20, 'samples': 140}
2026-08-06 21:19:25,937 INFO [training.train] Batch:
 batches=train=1, valid1=1, test1=1
 inputs=[1, 1, 504]
 targets=[1, 1, 168]
 individual_context=None
 global_context=None
2026-08-06 21:19:25,939 INFO [training.train] training epochs=10000 steps_per_epoch=1 total_steps=10000 valid_eval_freq=1000 logging_eval_freq=1000
2026-08-06 21:19:33,422 INFO [training.train] step=1000 train_batch={'nmse': 1.6729893310964108}
2026-08-06 21:19:33,438 INFO [training.train] step=1000 valid[valid1]={'mse': 1.2062607953337585, 'nmse': 1.2062607953337585, 'mae': 0.7343403718909439, 'nmae': 0.7343403718909439, 'relative_mse': 2.59208220397534}
2026-08-06 21:19:38,977 INFO [training.train] step=2000 train_batch={'nmse': 1.408676740899682}
2026-08-06 21:19:38,988 INFO [training.train] step=2000 valid[valid1]={'mse': 1.159148630155187, 'nmse': 1.159148630155187, 'mae': 0.7100404908056973, 'nmae': 0.7100404908056973, 'relative_mse': 2.129844613626701}
2026-08-06 21:19:44,533 INFO [training.train] step=3000 train_batch={'nmse': 1.3459898204505443}
2026-08-06 21:19:44,543 INFO [training.train] step=3000 valid[valid1]={'mse': 1.1303741662680697, 'nmse': 1.1303741662680697, 'mae': 0.7002145780187075, 'nmae': 0.7002145780187075, 'relative_mse': 1.8877715441645408}
2026-08-06 21:19:50,060 INFO [training.train] step=4000 train_batch={'nmse': 1.500617527589202}
2026-08-06 21:19:50,070 INFO [training.train] step=4000 valid[valid1]={'mse': 1.1179024832589286, 'nmse': 1.1179024832589286, 'mae': 0.6920649314413265, 'nmae': 0.6920649314413265, 'relative_mse': 1.847183912627551}
2026-08-06 21:19:55,591 INFO [training.train] step=5000 train_batch={'nmse': 1.1792713735103608}
2026-08-06 21:19:55,602 INFO [training.train] step=5000 valid[valid1]={'mse': 1.1280050887542517, 'nmse': 1.1280050887542517, 'mae': 0.6994119034332483, 'nmae': 0.6994119034332483, 'relative_mse': 2.001933195153061}
2026-08-06 21:20:01,121 INFO [training.train] step=6000 train_batch={'nmse': 1.2869328159540891}
2026-08-06 21:20:01,131 INFO [training.train] step=6000 valid[valid1]={'mse': 1.124642259247449, 'nmse': 1.124642259247449, 'mae': 0.6956993051126701, 'nmae': 0.6956993051126701, 'relative_mse': 1.9672868170705782}
2026-08-06 21:20:06,655 INFO [training.train] step=7000 train_batch={'nmse': 1.3114717907905578}
2026-08-06 21:20:06,666 INFO [training.train] step=7000 valid[valid1]={'mse': 1.1060825892857142, 'nmse': 1.1060825892857142, 'mae': 0.6903682371386054, 'nmae': 0.6903682371386054, 'relative_mse': 1.8523899208120749}
2026-08-06 21:20:12,190 INFO [training.train] step=8000 train_batch={'nmse': 1.3141194324567913}
2026-08-06 21:20:12,201 INFO [training.train] step=8000 valid[valid1]={'mse': 1.1103972350659013, 'nmse': 1.1103972350659013, 'mae': 0.6905491835406038, 'nmae': 0.6905491835406038, 'relative_mse': 2.0953369140625}
2026-08-06 21:20:17,738 INFO [training.train] step=9000 train_batch={'nmse': 1.4292960014343261}
2026-08-06 21:20:17,748 INFO [training.train] step=9000 valid[valid1]={'mse': 1.1193089491656036, 'nmse': 1.1193089491656036, 'mae': 0.6910823484667304, 'nmae': 0.6910823484667304, 'relative_mse': 2.072904376594388}
2026-08-06 21:20:23,272 INFO [training.train] step=10000 train_batch={'nmse': 1.2618281623572112}
2026-08-06 21:20:23,282 INFO [training.train] step=10000 valid[valid1]={'mse': 1.127906103847789, 'nmse': 1.127906103847789, 'mae': 0.6920004085618623, 'nmae': 0.6920004085618623, 'relative_mse': 1.9586065383184523}
2026-08-06 21:20:23,282 INFO [training.train] training_done steps=10000 seconds=57.34
2026-08-06 21:20:23,886 INFO [__main__] saved criterion_loss=criterion_loss.pdf
2026-08-06 21:20:23,886 INFO [__main__] training done
2026-08-06 21:20:23,886 INFO [__main__] evaluation start
2026-08-06 21:20:23,993 INFO [__main__] evaluation done
2026-08-06 21:20:23,993 INFO [__main__] experiment done seconds=62.70
2026-08-06 21:20:23,993 INFO [__main__] ========================================================================
2026-08-06 21:20:23,995 INFO [__main__] ========================================================================
2026-08-06 21:20:23,995 INFO [__main__] experiment model=patchtst out=/home/h61084/codes/timetensors/outputs/constants/ETTh1/504_168/patchtst_keep/seed_2 rebuild_dataset=False evaluate=True
2026-08-06 21:20:23,995 INFO [__main__] stats recompute=True
2026-08-06 21:20:23,995 INFO [__main__] dataset rebuild skipped
2026-08-06 21:20:23,995 INFO [__main__] training start
2026-08-06 21:20:28,063 INFO [training.train] device requested=gpu resolved=cuda:0 cuda=True
2026-08-06 21:20:28,064 INFO [training.train] data_shape=[504, 1, 168]
2026-08-06 21:20:28,064 INFO [training.train] Splits:
train	idx_mode=random	{'values': (7, 1, 17420), 'individual_context': None, 'global_context': None, 'sampled_individuals': 7, 'sampled_dates': 9781, 'samples': 1}
valid1	idx_mode=all	{'values': (7, 1, 17420), 'individual_context': None, 'global_context': None, 'sampled_individuals': 7, 'sampled_dates': 20, 'samples': 140}
test1	idx_mode=all	{'values': (7, 1, 17420), 'individual_context': None, 'global_context': None, 'sampled_individuals': 7, 'sampled_dates': 20, 'samples': 140}
2026-08-06 21:20:28,064 INFO [training.train] Batch:
 batches=train=1, valid1=1, test1=1
 inputs=[1, 1, 504]
 targets=[1, 1, 168]
 individual_context=None
 global_context=None
2026-08-06 21:20:28,067 INFO [training.train] training epochs=10000 steps_per_epoch=1 total_steps=10000 valid_eval_freq=1000 logging_eval_freq=1000
2026-08-06 21:20:33,609 INFO [training.train] step=1000 train_batch={'nmse': 1.731056927293539}
2026-08-06 21:20:33,620 INFO [training.train] step=1000 valid[valid1]={'mse': 1.2056690449617347, 'nmse': 1.2056690449617347, 'mae': 0.7364575029230442, 'nmae': 0.7364575029230442, 'relative_mse': 2.4635702327806124}
2026-08-06 21:20:39,148 INFO [training.train] step=2000 train_batch={'nmse': 1.4382245898544788}
2026-08-06 21:20:39,159 INFO [training.train] step=2000 valid[valid1]={'mse': 1.1773129417782737, 'nmse': 1.1773129417782737, 'mae': 0.7202016402264031, 'nmae': 0.7202016402264031, 'relative_mse': 2.2182603900935374}
2026-08-06 21:20:44,702 INFO [training.train] step=3000 train_batch={'nmse': 1.2617571146190167}
2026-08-06 21:20:44,714 INFO [training.train] step=3000 valid[valid1]={'mse': 1.1480174784757653, 'nmse': 1.1480174784757653, 'mae': 0.7040070618090987, 'nmae': 0.7040070618090987, 'relative_mse': 2.0942113759566325}
2026-08-06 21:20:50,246 INFO [training.train] step=4000 train_batch={'nmse': 1.2087192778587341}
2026-08-06 21:20:50,256 INFO [training.train] step=4000 valid[valid1]={'mse': 1.1335751488095238, 'nmse': 1.1335751488095238, 'mae': 0.7013010868409864, 'nmae': 0.7013010868409864, 'relative_mse': 2.1024796051232992}
2026-08-06 21:20:55,802 INFO [training.train] step=5000 train_batch={'nmse': 1.4144506364166736}
2026-08-06 21:20:55,813 INFO [training.train] step=5000 valid[valid1]={'mse': 1.1243800987191752, 'nmse': 1.1243800987191752, 'mae': 0.7016831586150085, 'nmae': 0.7016831586150085, 'relative_mse': 1.9182779947916666}
2026-08-06 21:21:01,350 INFO [training.train] step=6000 train_batch={'nmse': 1.3534515813589096}
2026-08-06 21:21:01,361 INFO [training.train] step=6000 valid[valid1]={'mse': 1.1155756736288265, 'nmse': 1.1155756736288265, 'mae': 0.6926490420386905, 'nmae': 0.6926490420386905, 'relative_mse': 1.9575459382971938}
2026-08-06 21:21:06,893 INFO [training.train] step=7000 train_batch={'nmse': 1.2873257697373628}
2026-08-06 21:21:06,904 INFO [training.train] step=7000 valid[valid1]={'mse': 1.136810842501063, 'nmse': 1.136810842501063, 'mae': 0.6987357003348215, 'nmae': 0.6987357003348215, 'relative_mse': 1.8726250265731292}
2026-08-06 21:21:12,438 INFO [training.train] step=8000 train_batch={'nmse': 1.3823394938260316}
2026-08-06 21:21:12,449 INFO [training.train] step=8000 valid[valid1]={'mse': 1.0990878773384354, 'nmse': 1.0990878773384354, 'mae': 0.6819970370960884, 'nmae': 0.6819970370960884, 'relative_mse': 1.8588010204081633}
2026-08-06 21:21:17,987 INFO [training.train] step=9000 train_batch={'nmse': 1.3468144030272962}
2026-08-06 21:21:17,997 INFO [training.train] step=9000 valid[valid1]={'mse': 1.1008633775775936, 'nmse': 1.1008633775775936, 'mae': 0.6811235285129676, 'nmae': 0.6811235285129676, 'relative_mse': 1.8607396962691327}
2026-08-06 21:21:23,531 INFO [training.train] step=10000 train_batch={'nmse': 1.3931509356573224}
2026-08-06 21:21:23,541 INFO [training.train] step=10000 valid[valid1]={'mse': 1.111620097257653, 'nmse': 1.111620097257653, 'mae': 0.6850231352306547, 'nmae': 0.6850231352306547, 'relative_mse': 1.9589685972045068}
2026-08-06 21:21:23,541 INFO [training.train] training_done steps=10000 seconds=55.47
2026-08-06 21:21:23,719 INFO [__main__] saved criterion_loss=criterion_loss.pdf
2026-08-06 21:21:23,719 INFO [__main__] training done
2026-08-06 21:21:23,719 INFO [__main__] evaluation start
2026-08-06 21:21:23,816 INFO [__main__] evaluation done
2026-08-06 21:21:23,816 INFO [__main__] experiment done seconds=59.82
2026-08-06 21:21:23,816 INFO [__main__] ========================================================================
2026-08-06 21:21:23,818 INFO [__main__] ========================================================================
2026-08-06 21:21:23,818 INFO [__main__] experiment model=patchtst out=/home/h61084/codes/timetensors/outputs/constants/ETTh1/504_168/patchtst_keep/seed_3 rebuild_dataset=False evaluate=True
2026-08-06 21:21:23,818 INFO [__main__] stats recompute=True
2026-08-06 21:21:23,818 INFO [__main__] dataset rebuild skipped
2026-08-06 21:21:23,818 INFO [__main__] training start
2026-08-06 21:21:27,837 INFO [training.train] device requested=gpu resolved=cuda:0 cuda=True
2026-08-06 21:21:27,838 INFO [training.train] data_shape=[504, 1, 168]
2026-08-06 21:21:27,838 INFO [training.train] Splits:
train	idx_mode=random	{'values': (7, 1, 17420), 'individual_context': None, 'global_context': None, 'sampled_individuals': 7, 'sampled_dates': 9781, 'samples': 1}
valid1	idx_mode=all	{'values': (7, 1, 17420), 'individual_context': None, 'global_context': None, 'sampled_individuals': 7, 'sampled_dates': 20, 'samples': 140}
test1	idx_mode=all	{'values': (7, 1, 17420), 'individual_context': None, 'global_context': None, 'sampled_individuals': 7, 'sampled_dates': 20, 'samples': 140}
2026-08-06 21:21:27,838 INFO [training.train] Batch:
 batches=train=1, valid1=1, test1=1
 inputs=[1, 1, 504]
 targets=[1, 1, 168]
 individual_context=None
 global_context=None
2026-08-06 21:21:27,843 INFO [training.train] training epochs=10000 steps_per_epoch=1 total_steps=10000 valid_eval_freq=1000 logging_eval_freq=1000
2026-08-06 21:21:33,391 INFO [training.train] step=1000 train_batch={'nmse': 1.6277328380644323}
2026-08-06 21:21:33,404 INFO [training.train] step=1000 valid[valid1]={'mse': 1.2169128002763605, 'nmse': 1.2169128002763605, 'mae': 0.7374804853582058, 'nmae': 0.7374804853582058, 'relative_mse': 2.4498355787627553}
2026-08-06 21:21:38,956 INFO [training.train] step=2000 train_batch={'nmse': 1.434998510107398}
2026-08-06 21:21:38,966 INFO [training.train] step=2000 valid[valid1]={'mse': 1.158615257626488, 'nmse': 1.158615257626488, 'mae': 0.7162582708864796, 'nmae': 0.7162582708864796, 'relative_mse': 2.164260801977041}
2026-08-06 21:21:44,509 INFO [training.train] step=3000 train_batch={'nmse': 1.3114342900663614}
2026-08-06 21:21:44,520 INFO [training.train] step=3000 valid[valid1]={'mse': 1.1457658209768282, 'nmse': 1.1457658209768282, 'mae': 0.7099625152795493, 'nmae': 0.7099625152795493, 'relative_mse': 2.021067342952806}
2026-08-06 21:21:50,068 INFO [training.train] step=4000 train_batch={'nmse': 1.2651805317997933}
2026-08-06 21:21:50,079 INFO [training.train] step=4000 valid[valid1]={'mse': 1.123956672512755, 'nmse': 1.123956672512755, 'mae': 0.6998989390678146, 'nmae': 0.6998989390678146, 'relative_mse': 1.9712455490008503}
2026-08-06 21:21:55,633 INFO [training.train] step=5000 train_batch={'nmse': 1.2839474983066321}
2026-08-06 21:21:55,645 INFO [training.train] step=5000 valid[valid1]={'mse': 1.1421212332589286, 'nmse': 1.1421212332589286, 'mae': 0.7003574916294643, 'nmae': 0.7003574916294643, 'relative_mse': 2.1642910289115647}
2026-08-06 21:22:01,188 INFO [training.train] step=6000 train_batch={'nmse': 1.243509323656559}
2026-08-06 21:22:01,198 INFO [training.train] step=6000 valid[valid1]={'mse': 1.1306336694834183, 'nmse': 1.1306336694834183, 'mae': 0.694832688934949, 'nmae': 0.694832688934949, 'relative_mse': 1.9859585924213434}
2026-08-06 21:22:06,743 INFO [training.train] step=7000 train_batch={'nmse': 1.2201351831555367}
2026-08-06 21:22:06,753 INFO [training.train] step=7000 valid[valid1]={'mse': 1.1196743296928147, 'nmse': 1.1196743296928147, 'mae': 0.6915906010841837, 'nmae': 0.6915906010841837, 'relative_mse': 2.1019348559736395}
2026-08-06 21:22:12,305 INFO [training.train] step=8000 train_batch={'nmse': 1.2219665132239461}
2026-08-06 21:22:12,316 INFO [training.train] step=8000 valid[valid1]={'mse': 1.1304267312393708, 'nmse': 1.1304267312393708, 'mae': 0.688217391448767, 'nmae': 0.688217391448767, 'relative_mse': 2.014201842846514}
2026-08-06 21:22:17,858 INFO [training.train] step=9000 train_batch={'nmse': 1.1257673888653517}
2026-08-06 21:22:17,869 INFO [training.train] step=9000 valid[valid1]={'mse': 1.1239477040816326, 'nmse': 1.1239477040816326, 'mae': 0.6865921954719387, 'nmae': 0.6865921954719387, 'relative_mse': 2.0044636213860545}
2026-08-06 21:22:23,421 INFO [training.train] step=10000 train_batch={'nmse': 1.235277031727135}
2026-08-06 21:22:23,433 INFO [training.train] step=10000 valid[valid1]={'mse': 1.1308501574457908, 'nmse': 1.1308501574457908, 'mae': 0.6992585266528486, 'nmae': 0.6992585266528486, 'relative_mse': 2.042462531887755}
2026-08-06 21:22:23,433 INFO [training.train] training_done steps=10000 seconds=55.59
2026-08-06 21:22:23,761 INFO [__main__] saved criterion_loss=criterion_loss.pdf
2026-08-06 21:22:23,761 INFO [__main__] training done
2026-08-06 21:22:23,762 INFO [__main__] evaluation start
2026-08-06 21:22:23,861 INFO [__main__] evaluation done
2026-08-06 21:22:23,861 INFO [__main__] experiment done seconds=60.04
2026-08-06 21:22:23,861 INFO [__main__] ========================================================================

2026-08-06T21:22:24+02:00 configuration dataset=ETTh1 lags=504 horizon=168 method=patchtst_remove_train_windows module=scripts.experiment requested_seeds=1,2,3 run_seeds=1,2,3 data_root=/home/h61084/codes/timetensors/../datasets train_sampling=random train_stride=1 eval_sampling=all eval_stride=168 batch_size=256 learning_rate=1e-5 epochs=10000 rebuild_dataset=false rebuild_reason=not_needed overrides=+model.name=patchtst +model.path=patchtst +normalization.name=instance +data.sampling.remove_train_cte=true +data.sampling.remove_eval_cte=false ++data.sampling.drop_train_constant_individuals=false ++data.sampling.drop_eval_constant_individuals=false
2026-08-06 21:22:29,049 INFO [__main__] ========================================================================
2026-08-06 21:22:29,049 INFO [__main__] experiment model=patchtst out=/home/h61084/codes/timetensors/outputs/constants/ETTh1/504_168/patchtst_remove_train_windows/seed_1 rebuild_dataset=False evaluate=True
2026-08-06 21:22:29,049 INFO [__main__] stats recompute=True
2026-08-06 21:22:29,049 INFO [__main__] dataset rebuild skipped
2026-08-06 21:22:29,049 INFO [__main__] training start
2026-08-06 21:22:40,325 INFO [training.train] device requested=gpu resolved=cuda:0 cuda=True
2026-08-06 21:22:40,327 INFO [training.train] data_shape=[504, 1, 168]
2026-08-06 21:22:40,327 INFO [training.train] Splits:
train	idx_mode=random	{'values': (7, 1, 17420), 'individual_context': None, 'global_context': None, 'sampled_individuals': 7, 'sampled_dates': 9781, 'samples': 1}
valid1	idx_mode=all	{'values': (7, 1, 17420), 'individual_context': None, 'global_context': None, 'sampled_individuals': 7, 'sampled_dates': 20, 'samples': 140}
test1	idx_mode=all	{'values': (7, 1, 17420), 'individual_context': None, 'global_context': None, 'sampled_individuals': 7, 'sampled_dates': 20, 'samples': 140}
2026-08-06 21:22:40,327 INFO [training.train] Batch:
 batches=train=1, valid1=1, test1=1
 inputs=[1, 1, 504]
 targets=[1, 1, 168]
 individual_context=None
 global_context=None
2026-08-06 21:22:40,328 INFO [training.train] training epochs=10000 steps_per_epoch=1 total_steps=10000 valid_eval_freq=1000 logging_eval_freq=1000
2026-08-06 21:22:48,099 INFO [training.train] step=1000 train_batch={'nmse': 1.6729893310964108}
2026-08-06 21:22:48,115 INFO [training.train] step=1000 valid[valid1]={'mse': 1.2062607953337585, 'nmse': 1.2062607953337585, 'mae': 0.7343403718909439, 'nmae': 0.7343403718909439, 'relative_mse': 2.59208220397534}
2026-08-06 21:22:53,964 INFO [training.train] step=2000 train_batch={'nmse': 1.408676740899682}
2026-08-06 21:22:53,974 INFO [training.train] step=2000 valid[valid1]={'mse': 1.159148630155187, 'nmse': 1.159148630155187, 'mae': 0.7100404908056973, 'nmae': 0.7100404908056973, 'relative_mse': 2.129844613626701}
2026-08-06 21:22:59,826 INFO [training.train] step=3000 train_batch={'nmse': 1.3459898204505443}
2026-08-06 21:22:59,837 INFO [training.train] step=3000 valid[valid1]={'mse': 1.1303741662680697, 'nmse': 1.1303741662680697, 'mae': 0.7002145780187075, 'nmae': 0.7002145780187075, 'relative_mse': 1.8877715441645408}
2026-08-06 21:23:05,768 INFO [training.train] step=4000 train_batch={'nmse': 1.500617527589202}
2026-08-06 21:23:05,778 INFO [training.train] step=4000 valid[valid1]={'mse': 1.1179024832589286, 'nmse': 1.1179024832589286, 'mae': 0.6920649314413265, 'nmae': 0.6920649314413265, 'relative_mse': 1.847183912627551}
2026-08-06 21:23:11,824 INFO [training.train] step=5000 train_batch={'nmse': 1.1792713735103608}
2026-08-06 21:23:11,835 INFO [training.train] step=5000 valid[valid1]={'mse': 1.1280050887542517, 'nmse': 1.1280050887542517, 'mae': 0.6994119034332483, 'nmae': 0.6994119034332483, 'relative_mse': 2.001933195153061}
2026-08-06 21:23:18,292 INFO [training.train] step=6000 train_batch={'nmse': 1.2869328159540891}
2026-08-06 21:23:18,304 INFO [training.train] step=6000 valid[valid1]={'mse': 1.124642259247449, 'nmse': 1.124642259247449, 'mae': 0.6956993051126701, 'nmae': 0.6956993051126701, 'relative_mse': 1.9672868170705782}
2026-08-06 21:23:24,134 INFO [training.train] step=7000 train_batch={'nmse': 1.3114717907905578}
2026-08-06 21:23:24,144 INFO [training.train] step=7000 valid[valid1]={'mse': 1.1060825892857142, 'nmse': 1.1060825892857142, 'mae': 0.6903682371386054, 'nmae': 0.6903682371386054, 'relative_mse': 1.8523899208120749}
2026-08-06 21:23:29,976 INFO [training.train] step=8000 train_batch={'nmse': 1.3141194324567913}
2026-08-06 21:23:29,986 INFO [training.train] step=8000 valid[valid1]={'mse': 1.1103972350659013, 'nmse': 1.1103972350659013, 'mae': 0.6905491835406038, 'nmae': 0.6905491835406038, 'relative_mse': 2.0953369140625}
2026-08-06 21:23:35,848 INFO [training.train] step=9000 train_batch={'nmse': 1.4292960014343261}
2026-08-06 21:23:35,858 INFO [training.train] step=9000 valid[valid1]={'mse': 1.1193089491656036, 'nmse': 1.1193089491656036, 'mae': 0.6910823484667304, 'nmae': 0.6910823484667304, 'relative_mse': 2.072904376594388}
2026-08-06 21:23:41,681 INFO [training.train] step=10000 train_batch={'nmse': 1.2618281623572112}
2026-08-06 21:23:41,692 INFO [training.train] step=10000 valid[valid1]={'mse': 1.127906103847789, 'nmse': 1.127906103847789, 'mae': 0.6920004085618623, 'nmae': 0.6920004085618623, 'relative_mse': 1.9586065383184523}
2026-08-06 21:23:41,692 INFO [training.train] training_done steps=10000 seconds=61.36
2026-08-06 21:23:42,230 INFO [__main__] saved criterion_loss=criterion_loss.pdf
2026-08-06 21:23:42,230 INFO [__main__] training done
2026-08-06 21:23:42,230 INFO [__main__] evaluation start
2026-08-06 21:23:42,338 INFO [__main__] evaluation done
2026-08-06 21:23:42,338 INFO [__main__] experiment done seconds=73.29
2026-08-06 21:23:42,338 INFO [__main__] ========================================================================
2026-08-06 21:23:42,339 INFO [__main__] ========================================================================
2026-08-06 21:23:42,339 INFO [__main__] experiment model=patchtst out=/home/h61084/codes/timetensors/outputs/constants/ETTh1/504_168/patchtst_remove_train_windows/seed_2 rebuild_dataset=False evaluate=True
2026-08-06 21:23:42,339 INFO [__main__] stats recompute=True
2026-08-06 21:23:42,339 INFO [__main__] dataset rebuild skipped
2026-08-06 21:23:42,339 INFO [__main__] training start
2026-08-06 21:23:53,050 INFO [training.train] device requested=gpu resolved=cuda:0 cuda=True
2026-08-06 21:23:53,051 INFO [training.train] data_shape=[504, 1, 168]
2026-08-06 21:23:53,051 INFO [training.train] Splits:
train	idx_mode=random	{'values': (7, 1, 17420), 'individual_context': None, 'global_context': None, 'sampled_individuals': 7, 'sampled_dates': 9781, 'samples': 1}
valid1	idx_mode=all	{'values': (7, 1, 17420), 'individual_context': None, 'global_context': None, 'sampled_individuals': 7, 'sampled_dates': 20, 'samples': 140}
test1	idx_mode=all	{'values': (7, 1, 17420), 'individual_context': None, 'global_context': None, 'sampled_individuals': 7, 'sampled_dates': 20, 'samples': 140}
2026-08-06 21:23:53,051 INFO [training.train] Batch:
 batches=train=1, valid1=1, test1=1
 inputs=[1, 1, 504]
 targets=[1, 1, 168]
 individual_context=None
 global_context=None
2026-08-06 21:23:53,052 INFO [training.train] training epochs=10000 steps_per_epoch=1 total_steps=10000 valid_eval_freq=1000 logging_eval_freq=1000
2026-08-06 21:23:58,893 INFO [training.train] step=1000 train_batch={'nmse': 1.731056927293539}
2026-08-06 21:23:58,904 INFO [training.train] step=1000 valid[valid1]={'mse': 1.2056690449617347, 'nmse': 1.2056690449617347, 'mae': 0.7364575029230442, 'nmae': 0.7364575029230442, 'relative_mse': 2.4635702327806124}
2026-08-06 21:24:04,737 INFO [training.train] step=2000 train_batch={'nmse': 1.4382245898544788}
2026-08-06 21:24:04,747 INFO [training.train] step=2000 valid[valid1]={'mse': 1.1773129417782737, 'nmse': 1.1773129417782737, 'mae': 0.7202016402264031, 'nmae': 0.7202016402264031, 'relative_mse': 2.2182603900935374}
2026-08-06 21:24:10,586 INFO [training.train] step=3000 train_batch={'nmse': 1.2617571146190167}
2026-08-06 21:24:10,597 INFO [training.train] step=3000 valid[valid1]={'mse': 1.1480174784757653, 'nmse': 1.1480174784757653, 'mae': 0.7040070618090987, 'nmae': 0.7040070618090987, 'relative_mse': 2.0942113759566325}
2026-08-06 21:24:16,438 INFO [training.train] step=4000 train_batch={'nmse': 1.2087192778587341}
2026-08-06 21:24:16,448 INFO [training.train] step=4000 valid[valid1]={'mse': 1.1335751488095238, 'nmse': 1.1335751488095238, 'mae': 0.7013010868409864, 'nmae': 0.7013010868409864, 'relative_mse': 2.1024796051232992}
2026-08-06 21:24:22,291 INFO [training.train] step=5000 train_batch={'nmse': 1.4144506364166736}
2026-08-06 21:24:22,302 INFO [training.train] step=5000 valid[valid1]={'mse': 1.1243800987191752, 'nmse': 1.1243800987191752, 'mae': 0.7016831586150085, 'nmae': 0.7016831586150085, 'relative_mse': 1.9182779947916666}
2026-08-06 21:24:28,134 INFO [training.train] step=6000 train_batch={'nmse': 1.3534515813589096}
2026-08-06 21:24:28,145 INFO [training.train] step=6000 valid[valid1]={'mse': 1.1155756736288265, 'nmse': 1.1155756736288265, 'mae': 0.6926490420386905, 'nmae': 0.6926490420386905, 'relative_mse': 1.9575459382971938}
2026-08-06 21:24:33,977 INFO [training.train] step=7000 train_batch={'nmse': 1.2873257697373628}
2026-08-06 21:24:33,988 INFO [training.train] step=7000 valid[valid1]={'mse': 1.136810842501063, 'nmse': 1.136810842501063, 'mae': 0.6987357003348215, 'nmae': 0.6987357003348215, 'relative_mse': 1.8726250265731292}
2026-08-06 21:24:39,825 INFO [training.train] step=8000 train_batch={'nmse': 1.3823394938260316}
2026-08-06 21:24:39,836 INFO [training.train] step=8000 valid[valid1]={'mse': 1.0990878773384354, 'nmse': 1.0990878773384354, 'mae': 0.6819970370960884, 'nmae': 0.6819970370960884, 'relative_mse': 1.8588010204081633}
2026-08-06 21:24:45,676 INFO [training.train] step=9000 train_batch={'nmse': 1.3468144030272962}
2026-08-06 21:24:45,688 INFO [training.train] step=9000 valid[valid1]={'mse': 1.1008633775775936, 'nmse': 1.1008633775775936, 'mae': 0.6811235285129676, 'nmae': 0.6811235285129676, 'relative_mse': 1.8607396962691327}
2026-08-06 21:24:51,526 INFO [training.train] step=10000 train_batch={'nmse': 1.3931509356573224}
2026-08-06 21:24:51,537 INFO [training.train] step=10000 valid[valid1]={'mse': 1.111620097257653, 'nmse': 1.111620097257653, 'mae': 0.6850231352306547, 'nmae': 0.6850231352306547, 'relative_mse': 1.9589685972045068}
2026-08-06 21:24:51,537 INFO [training.train] training_done steps=10000 seconds=58.48
2026-08-06 21:24:51,718 INFO [__main__] saved criterion_loss=criterion_loss.pdf
2026-08-06 21:24:51,718 INFO [__main__] training done
2026-08-06 21:24:51,718 INFO [__main__] evaluation start
2026-08-06 21:24:51,825 INFO [__main__] evaluation done
2026-08-06 21:24:51,825 INFO [__main__] experiment done seconds=69.49
2026-08-06 21:24:51,825 INFO [__main__] ========================================================================
2026-08-06 21:24:51,827 INFO [__main__] ========================================================================
2026-08-06 21:24:51,827 INFO [__main__] experiment model=patchtst out=/home/h61084/codes/timetensors/outputs/constants/ETTh1/504_168/patchtst_remove_train_windows/seed_3 rebuild_dataset=False evaluate=True
2026-08-06 21:24:51,827 INFO [__main__] stats recompute=True
2026-08-06 21:24:51,827 INFO [__main__] dataset rebuild skipped
2026-08-06 21:24:51,827 INFO [__main__] training start
2026-08-06 21:25:02,610 INFO [training.train] device requested=gpu resolved=cuda:0 cuda=True
2026-08-06 21:25:02,611 INFO [training.train] data_shape=[504, 1, 168]
2026-08-06 21:25:02,612 INFO [training.train] Splits:
train	idx_mode=random	{'values': (7, 1, 17420), 'individual_context': None, 'global_context': None, 'sampled_individuals': 7, 'sampled_dates': 9781, 'samples': 1}
valid1	idx_mode=all	{'values': (7, 1, 17420), 'individual_context': None, 'global_context': None, 'sampled_individuals': 7, 'sampled_dates': 20, 'samples': 140}
test1	idx_mode=all	{'values': (7, 1, 17420), 'individual_context': None, 'global_context': None, 'sampled_individuals': 7, 'sampled_dates': 20, 'samples': 140}
2026-08-06 21:25:02,612 INFO [training.train] Batch:
 batches=train=1, valid1=1, test1=1
 inputs=[1, 1, 504]
 targets=[1, 1, 168]
 individual_context=None
 global_context=None
2026-08-06 21:25:02,612 INFO [training.train] training epochs=10000 steps_per_epoch=1 total_steps=10000 valid_eval_freq=1000 logging_eval_freq=1000
2026-08-06 21:25:08,470 INFO [training.train] step=1000 train_batch={'nmse': 1.6277328380644323}
2026-08-06 21:25:08,482 INFO [training.train] step=1000 valid[valid1]={'mse': 1.2169128002763605, 'nmse': 1.2169128002763605, 'mae': 0.7374804853582058, 'nmae': 0.7374804853582058, 'relative_mse': 2.4498355787627553}
2026-08-06 21:25:14,337 INFO [training.train] step=2000 train_batch={'nmse': 1.434998510107398}
2026-08-06 21:25:14,348 INFO [training.train] step=2000 valid[valid1]={'mse': 1.158615257626488, 'nmse': 1.158615257626488, 'mae': 0.7162582708864796, 'nmae': 0.7162582708864796, 'relative_mse': 2.164260801977041}
2026-08-06 21:25:20,197 INFO [training.train] step=3000 train_batch={'nmse': 1.3114342900663614}
2026-08-06 21:25:20,207 INFO [training.train] step=3000 valid[valid1]={'mse': 1.1457658209768282, 'nmse': 1.1457658209768282, 'mae': 0.7099625152795493, 'nmae': 0.7099625152795493, 'relative_mse': 2.021067342952806}
2026-08-06 21:25:26,068 INFO [training.train] step=4000 train_batch={'nmse': 1.2651805317997933}
2026-08-06 21:25:26,079 INFO [training.train] step=4000 valid[valid1]={'mse': 1.123956672512755, 'nmse': 1.123956672512755, 'mae': 0.6998989390678146, 'nmae': 0.6998989390678146, 'relative_mse': 1.9712455490008503}
2026-08-06 21:25:31,935 INFO [training.train] step=5000 train_batch={'nmse': 1.2839474983066321}
2026-08-06 21:25:31,947 INFO [training.train] step=5000 valid[valid1]={'mse': 1.1421212332589286, 'nmse': 1.1421212332589286, 'mae': 0.7003574916294643, 'nmae': 0.7003574916294643, 'relative_mse': 2.1642910289115647}
2026-08-06 21:25:37,794 INFO [training.train] step=6000 train_batch={'nmse': 1.243509323656559}
2026-08-06 21:25:37,805 INFO [training.train] step=6000 valid[valid1]={'mse': 1.1306336694834183, 'nmse': 1.1306336694834183, 'mae': 0.694832688934949, 'nmae': 0.694832688934949, 'relative_mse': 1.9859585924213434}
2026-08-06 21:25:43,665 INFO [training.train] step=7000 train_batch={'nmse': 1.2201351831555367}
2026-08-06 21:25:43,676 INFO [training.train] step=7000 valid[valid1]={'mse': 1.1196743296928147, 'nmse': 1.1196743296928147, 'mae': 0.6915906010841837, 'nmae': 0.6915906010841837, 'relative_mse': 2.1019348559736395}
2026-08-06 21:25:49,546 INFO [training.train] step=8000 train_batch={'nmse': 1.2219665132239461}
2026-08-06 21:25:49,557 INFO [training.train] step=8000 valid[valid1]={'mse': 1.1304267312393708, 'nmse': 1.1304267312393708, 'mae': 0.688217391448767, 'nmae': 0.688217391448767, 'relative_mse': 2.014201842846514}
2026-08-06 21:25:55,423 INFO [training.train] step=9000 train_batch={'nmse': 1.1257673888653517}
2026-08-06 21:25:55,434 INFO [training.train] step=9000 valid[valid1]={'mse': 1.1239477040816326, 'nmse': 1.1239477040816326, 'mae': 0.6865921954719387, 'nmae': 0.6865921954719387, 'relative_mse': 2.0044636213860545}
2026-08-06 21:26:01,271 INFO [training.train] step=10000 train_batch={'nmse': 1.235277031727135}
2026-08-06 21:26:01,282 INFO [training.train] step=10000 valid[valid1]={'mse': 1.1308501574457908, 'nmse': 1.1308501574457908, 'mae': 0.6992585266528486, 'nmae': 0.6992585266528486, 'relative_mse': 2.042462531887755}
2026-08-06 21:26:01,282 INFO [training.train] training_done steps=10000 seconds=58.67
2026-08-06 21:26:01,594 INFO [__main__] saved criterion_loss=criterion_loss.pdf
2026-08-06 21:26:01,594 INFO [__main__] training done
2026-08-06 21:26:01,594 INFO [__main__] evaluation start
2026-08-06 21:26:01,697 INFO [__main__] evaluation done
2026-08-06 21:26:01,698 INFO [__main__] experiment done seconds=69.87
2026-08-06 21:26:01,698 INFO [__main__] ========================================================================

2026-08-06T21:26:02+02:00 configuration dataset=ETTh1 lags=504 horizon=168 method=patchtst_remove_eval_windows module=scripts.experiment requested_seeds=1,2,3 run_seeds=1,2,3 data_root=/home/h61084/codes/timetensors/../datasets train_sampling=random train_stride=1 eval_sampling=all eval_stride=168 batch_size=256 learning_rate=1e-5 epochs=10000 rebuild_dataset=false rebuild_reason=not_needed overrides=+model.name=patchtst +model.path=patchtst +normalization.name=instance +data.sampling.remove_train_cte=false +data.sampling.remove_eval_cte=true ++data.sampling.drop_train_constant_individuals=false ++data.sampling.drop_eval_constant_individuals=false
2026-08-06 21:26:06,972 INFO [__main__] ========================================================================
2026-08-06 21:26:06,972 INFO [__main__] experiment model=patchtst out=/home/h61084/codes/timetensors/outputs/constants/ETTh1/504_168/patchtst_remove_eval_windows/seed_1 rebuild_dataset=False evaluate=True
2026-08-06 21:26:06,972 INFO [__main__] stats recompute=True
2026-08-06 21:26:06,972 INFO [__main__] dataset rebuild skipped
2026-08-06 21:26:06,972 INFO [__main__] training start
2026-08-06 21:26:11,608 INFO [training.train] device requested=gpu resolved=cuda:0 cuda=True
2026-08-06 21:26:11,609 INFO [training.train] data_shape=[504, 1, 168]
2026-08-06 21:26:11,609 INFO [training.train] Splits:
train	idx_mode=random	{'values': (7, 1, 17420), 'individual_context': None, 'global_context': None, 'sampled_individuals': 7, 'sampled_dates': 9781, 'samples': 1}
valid1	idx_mode=all	{'values': (7, 1, 17420), 'individual_context': None, 'global_context': None, 'sampled_individuals': 7, 'sampled_dates': 20, 'samples': 140}
test1	idx_mode=all	{'values': (7, 1, 17420), 'individual_context': None, 'global_context': None, 'sampled_individuals': 7, 'sampled_dates': 20, 'samples': 140}
2026-08-06 21:26:11,609 INFO [training.train] Batch:
 batches=train=1, valid1=1, test1=1
 inputs=[1, 1, 504]
 targets=[1, 1, 168]
 individual_context=None
 global_context=None
2026-08-06 21:26:11,611 INFO [training.train] training epochs=10000 steps_per_epoch=1 total_steps=10000 valid_eval_freq=1000 logging_eval_freq=1000
2026-08-06 21:26:19,009 INFO [training.train] step=1000 train_batch={'nmse': 1.6729893310964108}
2026-08-06 21:26:19,030 INFO [training.train] step=1000 valid[valid1]={'mse': 1.2062607953337585, 'nmse': 1.2062607953337585, 'mae': 0.7343403718909439, 'nmae': 0.7343403718909439, 'relative_mse': 2.59208220397534}
2026-08-06 21:26:24,540 INFO [training.train] step=2000 train_batch={'nmse': 1.408676740899682}
2026-08-06 21:26:24,555 INFO [training.train] step=2000 valid[valid1]={'mse': 1.159148630155187, 'nmse': 1.159148630155187, 'mae': 0.7100404908056973, 'nmae': 0.7100404908056973, 'relative_mse': 2.129844613626701}
2026-08-06 21:26:30,072 INFO [training.train] step=3000 train_batch={'nmse': 1.3459898204505443}
2026-08-06 21:26:30,087 INFO [training.train] step=3000 valid[valid1]={'mse': 1.1303741662680697, 'nmse': 1.1303741662680697, 'mae': 0.7002145780187075, 'nmae': 0.7002145780187075, 'relative_mse': 1.8877715441645408}
2026-08-06 21:26:35,607 INFO [training.train] step=4000 train_batch={'nmse': 1.500617527589202}
2026-08-06 21:26:35,622 INFO [training.train] step=4000 valid[valid1]={'mse': 1.1179024832589286, 'nmse': 1.1179024832589286, 'mae': 0.6920649314413265, 'nmae': 0.6920649314413265, 'relative_mse': 1.847183912627551}
2026-08-06 21:26:41,128 INFO [training.train] step=5000 train_batch={'nmse': 1.1792713735103608}
2026-08-06 21:26:41,143 INFO [training.train] step=5000 valid[valid1]={'mse': 1.1280050887542517, 'nmse': 1.1280050887542517, 'mae': 0.6994119034332483, 'nmae': 0.6994119034332483, 'relative_mse': 2.001933195153061}
2026-08-06 21:26:46,667 INFO [training.train] step=6000 train_batch={'nmse': 1.2869328159540891}
2026-08-06 21:26:46,681 INFO [training.train] step=6000 valid[valid1]={'mse': 1.124642259247449, 'nmse': 1.124642259247449, 'mae': 0.6956993051126701, 'nmae': 0.6956993051126701, 'relative_mse': 1.9672868170705782}
2026-08-06 21:26:52,204 INFO [training.train] step=7000 train_batch={'nmse': 1.3114717907905578}
2026-08-06 21:26:52,219 INFO [training.train] step=7000 valid[valid1]={'mse': 1.1060825892857142, 'nmse': 1.1060825892857142, 'mae': 0.6903682371386054, 'nmae': 0.6903682371386054, 'relative_mse': 1.8523899208120749}
2026-08-06 21:26:57,736 INFO [training.train] step=8000 train_batch={'nmse': 1.3141194324567913}
2026-08-06 21:26:57,751 INFO [training.train] step=8000 valid[valid1]={'mse': 1.1103972350659013, 'nmse': 1.1103972350659013, 'mae': 0.6905491835406038, 'nmae': 0.6905491835406038, 'relative_mse': 2.0953369140625}
2026-08-06 21:27:03,263 INFO [training.train] step=9000 train_batch={'nmse': 1.4292960014343261}
2026-08-06 21:27:03,278 INFO [training.train] step=9000 valid[valid1]={'mse': 1.1193089491656036, 'nmse': 1.1193089491656036, 'mae': 0.6910823484667304, 'nmae': 0.6910823484667304, 'relative_mse': 2.072904376594388}
2026-08-06 21:27:08,788 INFO [training.train] step=10000 train_batch={'nmse': 1.2618281623572112}
2026-08-06 21:27:08,803 INFO [training.train] step=10000 valid[valid1]={'mse': 1.127906103847789, 'nmse': 1.127906103847789, 'mae': 0.6920004085618623, 'nmae': 0.6920004085618623, 'relative_mse': 1.9586065383184523}
2026-08-06 21:27:08,803 INFO [training.train] training_done steps=10000 seconds=57.19
2026-08-06 21:27:09,371 INFO [__main__] saved criterion_loss=criterion_loss.pdf
2026-08-06 21:27:09,371 INFO [__main__] training done
2026-08-06 21:27:09,371 INFO [__main__] evaluation start
2026-08-06 21:27:09,493 INFO [__main__] evaluation done
2026-08-06 21:27:09,493 INFO [__main__] experiment done seconds=62.52
2026-08-06 21:27:09,493 INFO [__main__] ========================================================================
2026-08-06 21:27:09,513 INFO [__main__] ========================================================================
2026-08-06 21:27:09,513 INFO [__main__] experiment model=patchtst out=/home/h61084/codes/timetensors/outputs/constants/ETTh1/504_168/patchtst_remove_eval_windows/seed_2 rebuild_dataset=False evaluate=True
2026-08-06 21:27:09,513 INFO [__main__] stats recompute=True
2026-08-06 21:27:09,513 INFO [__main__] dataset rebuild skipped
2026-08-06 21:27:09,513 INFO [__main__] training start
2026-08-06 21:27:13,526 INFO [training.train] device requested=gpu resolved=cuda:0 cuda=True
2026-08-06 21:27:13,527 INFO [training.train] data_shape=[504, 1, 168]
2026-08-06 21:27:13,527 INFO [training.train] Splits:
train	idx_mode=random	{'values': (7, 1, 17420), 'individual_context': None, 'global_context': None, 'sampled_individuals': 7, 'sampled_dates': 9781, 'samples': 1}
valid1	idx_mode=all	{'values': (7, 1, 17420), 'individual_context': None, 'global_context': None, 'sampled_individuals': 7, 'sampled_dates': 20, 'samples': 140}
test1	idx_mode=all	{'values': (7, 1, 17420), 'individual_context': None, 'global_context': None, 'sampled_individuals': 7, 'sampled_dates': 20, 'samples': 140}
2026-08-06 21:27:13,527 INFO [training.train] Batch:
 batches=train=1, valid1=1, test1=1
 inputs=[1, 1, 504]
 targets=[1, 1, 168]
 individual_context=None
 global_context=None
2026-08-06 21:27:13,530 INFO [training.train] training epochs=10000 steps_per_epoch=1 total_steps=10000 valid_eval_freq=1000 logging_eval_freq=1000
2026-08-06 21:27:19,053 INFO [training.train] step=1000 train_batch={'nmse': 1.731056927293539}
2026-08-06 21:27:19,068 INFO [training.train] step=1000 valid[valid1]={'mse': 1.2056690449617347, 'nmse': 1.2056690449617347, 'mae': 0.7364575029230442, 'nmae': 0.7364575029230442, 'relative_mse': 2.4635702327806124}
2026-08-06 21:27:24,588 INFO [training.train] step=2000 train_batch={'nmse': 1.4382245898544788}
2026-08-06 21:27:24,604 INFO [training.train] step=2000 valid[valid1]={'mse': 1.1773129417782737, 'nmse': 1.1773129417782737, 'mae': 0.7202016402264031, 'nmae': 0.7202016402264031, 'relative_mse': 2.2182603900935374}
2026-08-06 21:27:30,140 INFO [training.train] step=3000 train_batch={'nmse': 1.2617571146190167}
2026-08-06 21:27:30,155 INFO [training.train] step=3000 valid[valid1]={'mse': 1.1480174784757653, 'nmse': 1.1480174784757653, 'mae': 0.7040070618090987, 'nmae': 0.7040070618090987, 'relative_mse': 2.0942113759566325}
2026-08-06 21:27:35,678 INFO [training.train] step=4000 train_batch={'nmse': 1.2087192778587341}
2026-08-06 21:27:35,694 INFO [training.train] step=4000 valid[valid1]={'mse': 1.1335751488095238, 'nmse': 1.1335751488095238, 'mae': 0.7013010868409864, 'nmae': 0.7013010868409864, 'relative_mse': 2.1024796051232992}
2026-08-06 21:27:41,229 INFO [training.train] step=5000 train_batch={'nmse': 1.4144506364166736}
2026-08-06 21:27:41,244 INFO [training.train] step=5000 valid[valid1]={'mse': 1.1243800987191752, 'nmse': 1.1243800987191752, 'mae': 0.7016831586150085, 'nmae': 0.7016831586150085, 'relative_mse': 1.9182779947916666}
2026-08-06 21:27:46,776 INFO [training.train] step=6000 train_batch={'nmse': 1.3534515813589096}
2026-08-06 21:27:46,792 INFO [training.train] step=6000 valid[valid1]={'mse': 1.1155756736288265, 'nmse': 1.1155756736288265, 'mae': 0.6926490420386905, 'nmae': 0.6926490420386905, 'relative_mse': 1.9575459382971938}
2026-08-06 21:27:52,312 INFO [training.train] step=7000 train_batch={'nmse': 1.2873257697373628}
2026-08-06 21:27:52,327 INFO [training.train] step=7000 valid[valid1]={'mse': 1.136810842501063, 'nmse': 1.136810842501063, 'mae': 0.6987357003348215, 'nmae': 0.6987357003348215, 'relative_mse': 1.8726250265731292}
2026-08-06 21:27:57,847 INFO [training.train] step=8000 train_batch={'nmse': 1.3823394938260316}
2026-08-06 21:27:57,862 INFO [training.train] step=8000 valid[valid1]={'mse': 1.0990878773384354, 'nmse': 1.0990878773384354, 'mae': 0.6819970370960884, 'nmae': 0.6819970370960884, 'relative_mse': 1.8588010204081633}
2026-08-06 21:28:03,380 INFO [training.train] step=9000 train_batch={'nmse': 1.3468144030272962}
2026-08-06 21:28:03,394 INFO [training.train] step=9000 valid[valid1]={'mse': 1.1008633775775936, 'nmse': 1.1008633775775936, 'mae': 0.6811235285129676, 'nmae': 0.6811235285129676, 'relative_mse': 1.8607396962691327}
2026-08-06 21:28:08,920 INFO [training.train] step=10000 train_batch={'nmse': 1.3931509356573224}
2026-08-06 21:28:08,935 INFO [training.train] step=10000 valid[valid1]={'mse': 1.111620097257653, 'nmse': 1.111620097257653, 'mae': 0.6850231352306547, 'nmae': 0.6850231352306547, 'relative_mse': 1.9589685972045068}
2026-08-06 21:28:08,935 INFO [training.train] training_done steps=10000 seconds=55.41
2026-08-06 21:28:09,114 INFO [__main__] saved criterion_loss=criterion_loss.pdf
2026-08-06 21:28:09,114 INFO [__main__] training done
2026-08-06 21:28:09,114 INFO [__main__] evaluation start
2026-08-06 21:28:09,228 INFO [__main__] evaluation done
2026-08-06 21:28:09,228 INFO [__main__] experiment done seconds=59.73
2026-08-06 21:28:09,228 INFO [__main__] ========================================================================
2026-08-06 21:28:09,230 INFO [__main__] ========================================================================
2026-08-06 21:28:09,230 INFO [__main__] experiment model=patchtst out=/home/h61084/codes/timetensors/outputs/constants/ETTh1/504_168/patchtst_remove_eval_windows/seed_3 rebuild_dataset=False evaluate=True
2026-08-06 21:28:09,230 INFO [__main__] stats recompute=True
2026-08-06 21:28:09,230 INFO [__main__] dataset rebuild skipped
2026-08-06 21:28:09,230 INFO [__main__] training start
2026-08-06 21:28:13,271 INFO [training.train] device requested=gpu resolved=cuda:0 cuda=True
2026-08-06 21:28:13,272 INFO [training.train] data_shape=[504, 1, 168]
2026-08-06 21:28:13,272 INFO [training.train] Splits:
train	idx_mode=random	{'values': (7, 1, 17420), 'individual_context': None, 'global_context': None, 'sampled_individuals': 7, 'sampled_dates': 9781, 'samples': 1}
valid1	idx_mode=all	{'values': (7, 1, 17420), 'individual_context': None, 'global_context': None, 'sampled_individuals': 7, 'sampled_dates': 20, 'samples': 140}
test1	idx_mode=all	{'values': (7, 1, 17420), 'individual_context': None, 'global_context': None, 'sampled_individuals': 7, 'sampled_dates': 20, 'samples': 140}
2026-08-06 21:28:13,272 INFO [training.train] Batch:
 batches=train=1, valid1=1, test1=1
 inputs=[1, 1, 504]
 targets=[1, 1, 168]
 individual_context=None
 global_context=None
2026-08-06 21:28:13,277 INFO [training.train] training epochs=10000 steps_per_epoch=1 total_steps=10000 valid_eval_freq=1000 logging_eval_freq=1000
2026-08-06 21:28:18,835 INFO [training.train] step=1000 train_batch={'nmse': 1.6277328380644323}
2026-08-06 21:28:18,868 INFO [training.train] step=1000 valid[valid1]={'mse': 1.2169128002763605, 'nmse': 1.2169128002763605, 'mae': 0.7374804853582058, 'nmae': 0.7374804853582058, 'relative_mse': 2.4498355787627553}
2026-08-06 21:28:24,422 INFO [training.train] step=2000 train_batch={'nmse': 1.434998510107398}
2026-08-06 21:28:24,436 INFO [training.train] step=2000 valid[valid1]={'mse': 1.158615257626488, 'nmse': 1.158615257626488, 'mae': 0.7162582708864796, 'nmae': 0.7162582708864796, 'relative_mse': 2.164260801977041}
2026-08-06 21:28:29,997 INFO [training.train] step=3000 train_batch={'nmse': 1.3114342900663614}
2026-08-06 21:28:30,012 INFO [training.train] step=3000 valid[valid1]={'mse': 1.1457658209768282, 'nmse': 1.1457658209768282, 'mae': 0.7099625152795493, 'nmae': 0.7099625152795493, 'relative_mse': 2.021067342952806}
2026-08-06 21:28:35,561 INFO [training.train] step=4000 train_batch={'nmse': 1.2651805317997933}
2026-08-06 21:28:35,576 INFO [training.train] step=4000 valid[valid1]={'mse': 1.123956672512755, 'nmse': 1.123956672512755, 'mae': 0.6998989390678146, 'nmae': 0.6998989390678146, 'relative_mse': 1.9712455490008503}
2026-08-06 21:28:41,135 INFO [training.train] step=5000 train_batch={'nmse': 1.2839474983066321}
2026-08-06 21:28:41,150 INFO [training.train] step=5000 valid[valid1]={'mse': 1.1421212332589286, 'nmse': 1.1421212332589286, 'mae': 0.7003574916294643, 'nmae': 0.7003574916294643, 'relative_mse': 2.1642910289115647}
2026-08-06 21:28:46,705 INFO [training.train] step=6000 train_batch={'nmse': 1.243509323656559}
2026-08-06 21:28:46,720 INFO [training.train] step=6000 valid[valid1]={'mse': 1.1306336694834183, 'nmse': 1.1306336694834183, 'mae': 0.694832688934949, 'nmae': 0.694832688934949, 'relative_mse': 1.9859585924213434}
2026-08-06 21:28:52,266 INFO [training.train] step=7000 train_batch={'nmse': 1.2201351831555367}
2026-08-06 21:28:52,282 INFO [training.train] step=7000 valid[valid1]={'mse': 1.1196743296928147, 'nmse': 1.1196743296928147, 'mae': 0.6915906010841837, 'nmae': 0.6915906010841837, 'relative_mse': 2.1019348559736395}
2026-08-06 21:28:57,829 INFO [training.train] step=8000 train_batch={'nmse': 1.2219665132239461}
2026-08-06 21:28:57,844 INFO [training.train] step=8000 valid[valid1]={'mse': 1.1304267312393708, 'nmse': 1.1304267312393708, 'mae': 0.688217391448767, 'nmae': 0.688217391448767, 'relative_mse': 2.014201842846514}
2026-08-06 21:29:03,400 INFO [training.train] step=9000 train_batch={'nmse': 1.1257673888653517}
2026-08-06 21:29:03,415 INFO [training.train] step=9000 valid[valid1]={'mse': 1.1239477040816326, 'nmse': 1.1239477040816326, 'mae': 0.6865921954719387, 'nmae': 0.6865921954719387, 'relative_mse': 2.0044636213860545}
2026-08-06 21:29:08,972 INFO [training.train] step=10000 train_batch={'nmse': 1.235277031727135}
2026-08-06 21:29:08,988 INFO [training.train] step=10000 valid[valid1]={'mse': 1.1308501574457908, 'nmse': 1.1308501574457908, 'mae': 0.6992585266528486, 'nmae': 0.6992585266528486, 'relative_mse': 2.042462531887755}
2026-08-06 21:29:08,988 INFO [training.train] training_done steps=10000 seconds=55.71
2026-08-06 21:29:09,160 INFO [__main__] saved criterion_loss=criterion_loss.pdf
2026-08-06 21:29:09,160 INFO [__main__] training done
2026-08-06 21:29:09,160 INFO [__main__] evaluation start
2026-08-06 21:29:09,422 INFO [__main__] evaluation done
2026-08-06 21:29:09,422 INFO [__main__] experiment done seconds=60.19
2026-08-06 21:29:09,422 INFO [__main__] ========================================================================

2026-08-06T21:29:10+02:00 configuration dataset=ETTh1 lags=504 horizon=168 method=patchtst_remove_all_windows module=scripts.experiment requested_seeds=1,2,3 run_seeds=1,2,3 data_root=/home/h61084/codes/timetensors/../datasets train_sampling=random train_stride=1 eval_sampling=all eval_stride=168 batch_size=256 learning_rate=1e-5 epochs=10000 rebuild_dataset=false rebuild_reason=not_needed overrides=+model.name=patchtst +model.path=patchtst +normalization.name=instance +data.sampling.remove_train_cte=true +data.sampling.remove_eval_cte=true ++data.sampling.drop_train_constant_individuals=false ++data.sampling.drop_eval_constant_individuals=false
2026-08-06 21:29:14,602 INFO [__main__] ========================================================================
2026-08-06 21:29:14,602 INFO [__main__] experiment model=patchtst out=/home/h61084/codes/timetensors/outputs/constants/ETTh1/504_168/patchtst_remove_all_windows/seed_1 rebuild_dataset=False evaluate=True
2026-08-06 21:29:14,602 INFO [__main__] stats recompute=True
2026-08-06 21:29:14,602 INFO [__main__] dataset rebuild skipped
2026-08-06 21:29:14,602 INFO [__main__] training start
2026-08-06 21:29:26,009 INFO [training.train] device requested=gpu resolved=cuda:0 cuda=True
2026-08-06 21:29:26,010 INFO [training.train] data_shape=[504, 1, 168]
2026-08-06 21:29:26,010 INFO [training.train] Splits:
train	idx_mode=random	{'values': (7, 1, 17420), 'individual_context': None, 'global_context': None, 'sampled_individuals': 7, 'sampled_dates': 9781, 'samples': 1}
valid1	idx_mode=all	{'values': (7, 1, 17420), 'individual_context': None, 'global_context': None, 'sampled_individuals': 7, 'sampled_dates': 20, 'samples': 140}
test1	idx_mode=all	{'values': (7, 1, 17420), 'individual_context': None, 'global_context': None, 'sampled_individuals': 7, 'sampled_dates': 20, 'samples': 140}
2026-08-06 21:29:26,010 INFO [training.train] Batch:
 batches=train=1, valid1=1, test1=1
 inputs=[1, 1, 504]
 targets=[1, 1, 168]
 individual_context=None
 global_context=None
2026-08-06 21:29:26,012 INFO [training.train] training epochs=10000 steps_per_epoch=1 total_steps=10000 valid_eval_freq=1000 logging_eval_freq=1000
2026-08-06 21:29:33,834 INFO [training.train] step=1000 train_batch={'nmse': 1.6729893310964108}
2026-08-06 21:29:33,854 INFO [training.train] step=1000 valid[valid1]={'mse': 1.2062607953337585, 'nmse': 1.2062607953337585, 'mae': 0.7343403718909439, 'nmae': 0.7343403718909439, 'relative_mse': 2.59208220397534}
2026-08-06 21:29:39,706 INFO [training.train] step=2000 train_batch={'nmse': 1.408676740899682}
2026-08-06 21:29:39,722 INFO [training.train] step=2000 valid[valid1]={'mse': 1.159148630155187, 'nmse': 1.159148630155187, 'mae': 0.7100404908056973, 'nmae': 0.7100404908056973, 'relative_mse': 2.129844613626701}
2026-08-06 21:29:45,579 INFO [training.train] step=3000 train_batch={'nmse': 1.3459898204505443}
2026-08-06 21:29:45,594 INFO [training.train] step=3000 valid[valid1]={'mse': 1.1303741662680697, 'nmse': 1.1303741662680697, 'mae': 0.7002145780187075, 'nmae': 0.7002145780187075, 'relative_mse': 1.8877715441645408}
2026-08-06 21:29:51,447 INFO [training.train] step=4000 train_batch={'nmse': 1.500617527589202}
2026-08-06 21:29:51,462 INFO [training.train] step=4000 valid[valid1]={'mse': 1.1179024832589286, 'nmse': 1.1179024832589286, 'mae': 0.6920649314413265, 'nmae': 0.6920649314413265, 'relative_mse': 1.847183912627551}
2026-08-06 21:29:57,301 INFO [training.train] step=5000 train_batch={'nmse': 1.1792713735103608}
2026-08-06 21:29:57,317 INFO [training.train] step=5000 valid[valid1]={'mse': 1.1280050887542517, 'nmse': 1.1280050887542517, 'mae': 0.6994119034332483, 'nmae': 0.6994119034332483, 'relative_mse': 2.001933195153061}
2026-08-06 21:30:03,165 INFO [training.train] step=6000 train_batch={'nmse': 1.2869328159540891}
2026-08-06 21:30:03,180 INFO [training.train] step=6000 valid[valid1]={'mse': 1.124642259247449, 'nmse': 1.124642259247449, 'mae': 0.6956993051126701, 'nmae': 0.6956993051126701, 'relative_mse': 1.9672868170705782}
2026-08-06 21:30:09,031 INFO [training.train] step=7000 train_batch={'nmse': 1.3114717907905578}
2026-08-06 21:30:09,046 INFO [training.train] step=7000 valid[valid1]={'mse': 1.1060825892857142, 'nmse': 1.1060825892857142, 'mae': 0.6903682371386054, 'nmae': 0.6903682371386054, 'relative_mse': 1.8523899208120749}
2026-08-06 21:30:14,898 INFO [training.train] step=8000 train_batch={'nmse': 1.3141194324567913}
2026-08-06 21:30:14,913 INFO [training.train] step=8000 valid[valid1]={'mse': 1.1103972350659013, 'nmse': 1.1103972350659013, 'mae': 0.6905491835406038, 'nmae': 0.6905491835406038, 'relative_mse': 2.0953369140625}
2026-08-06 21:30:20,792 INFO [training.train] step=9000 train_batch={'nmse': 1.4292960014343261}
2026-08-06 21:30:20,807 INFO [training.train] step=9000 valid[valid1]={'mse': 1.1193089491656036, 'nmse': 1.1193089491656036, 'mae': 0.6910823484667304, 'nmae': 0.6910823484667304, 'relative_mse': 2.072904376594388}
2026-08-06 21:30:26,689 INFO [training.train] step=10000 train_batch={'nmse': 1.2618281623572112}
2026-08-06 21:30:26,704 INFO [training.train] step=10000 valid[valid1]={'mse': 1.127906103847789, 'nmse': 1.127906103847789, 'mae': 0.6920004085618623, 'nmae': 0.6920004085618623, 'relative_mse': 1.9586065383184523}
2026-08-06 21:30:26,704 INFO [training.train] training_done steps=10000 seconds=60.69
2026-08-06 21:30:27,261 INFO [__main__] saved criterion_loss=criterion_loss.pdf
2026-08-06 21:30:27,261 INFO [__main__] training done
2026-08-06 21:30:27,261 INFO [__main__] evaluation start
2026-08-06 21:30:27,385 INFO [__main__] evaluation done
2026-08-06 21:30:27,386 INFO [__main__] experiment done seconds=72.79
2026-08-06 21:30:27,386 INFO [__main__] ========================================================================
2026-08-06 21:30:27,387 INFO [__main__] ========================================================================
2026-08-06 21:30:27,387 INFO [__main__] experiment model=patchtst out=/home/h61084/codes/timetensors/outputs/constants/ETTh1/504_168/patchtst_remove_all_windows/seed_2 rebuild_dataset=False evaluate=True
2026-08-06 21:30:27,387 INFO [__main__] stats recompute=True
2026-08-06 21:30:27,387 INFO [__main__] dataset rebuild skipped
2026-08-06 21:30:27,388 INFO [__main__] training start
2026-08-06 21:30:38,291 INFO [training.train] device requested=gpu resolved=cuda:0 cuda=True
2026-08-06 21:30:38,292 INFO [training.train] data_shape=[504, 1, 168]
2026-08-06 21:30:38,292 INFO [training.train] Splits:
train	idx_mode=random	{'values': (7, 1, 17420), 'individual_context': None, 'global_context': None, 'sampled_individuals': 7, 'sampled_dates': 9781, 'samples': 1}
valid1	idx_mode=all	{'values': (7, 1, 17420), 'individual_context': None, 'global_context': None, 'sampled_individuals': 7, 'sampled_dates': 20, 'samples': 140}
test1	idx_mode=all	{'values': (7, 1, 17420), 'individual_context': None, 'global_context': None, 'sampled_individuals': 7, 'sampled_dates': 20, 'samples': 140}
2026-08-06 21:30:38,292 INFO [training.train] Batch:
 batches=train=1, valid1=1, test1=1
 inputs=[1, 1, 504]
 targets=[1, 1, 168]
 individual_context=None
 global_context=None
2026-08-06 21:30:38,295 INFO [training.train] training epochs=10000 steps_per_epoch=1 total_steps=10000 valid_eval_freq=1000 logging_eval_freq=1000
2026-08-06 21:30:44,173 INFO [training.train] step=1000 train_batch={'nmse': 1.731056927293539}
2026-08-06 21:30:44,190 INFO [training.train] step=1000 valid[valid1]={'mse': 1.2056690449617347, 'nmse': 1.2056690449617347, 'mae': 0.7364575029230442, 'nmae': 0.7364575029230442, 'relative_mse': 2.4635702327806124}
2026-08-06 21:30:50,094 INFO [training.train] step=2000 train_batch={'nmse': 1.4382245898544788}
2026-08-06 21:30:50,109 INFO [training.train] step=2000 valid[valid1]={'mse': 1.1773129417782737, 'nmse': 1.1773129417782737, 'mae': 0.7202016402264031, 'nmae': 0.7202016402264031, 'relative_mse': 2.2182603900935374}
2026-08-06 21:30:56,005 INFO [training.train] step=3000 train_batch={'nmse': 1.2617571146190167}
2026-08-06 21:30:56,020 INFO [training.train] step=3000 valid[valid1]={'mse': 1.1480174784757653, 'nmse': 1.1480174784757653, 'mae': 0.7040070618090987, 'nmae': 0.7040070618090987, 'relative_mse': 2.0942113759566325}
2026-08-06 21:31:02,111 INFO [training.train] step=4000 train_batch={'nmse': 1.2087192778587341}
2026-08-06 21:31:02,127 INFO [training.train] step=4000 valid[valid1]={'mse': 1.1335751488095238, 'nmse': 1.1335751488095238, 'mae': 0.7013010868409864, 'nmae': 0.7013010868409864, 'relative_mse': 2.1024796051232992}
2026-08-06 21:31:08,386 INFO [training.train] step=5000 train_batch={'nmse': 1.4144506364166736}
2026-08-06 21:31:08,402 INFO [training.train] step=5000 valid[valid1]={'mse': 1.1243800987191752, 'nmse': 1.1243800987191752, 'mae': 0.7016831586150085, 'nmae': 0.7016831586150085, 'relative_mse': 1.9182779947916666}
2026-08-06 21:31:14,268 INFO [training.train] step=6000 train_batch={'nmse': 1.3534515813589096}
2026-08-06 21:31:14,283 INFO [training.train] step=6000 valid[valid1]={'mse': 1.1155756736288265, 'nmse': 1.1155756736288265, 'mae': 0.6926490420386905, 'nmae': 0.6926490420386905, 'relative_mse': 1.9575459382971938}
2026-08-06 21:31:20,172 INFO [training.train] step=7000 train_batch={'nmse': 1.2873257697373628}
2026-08-06 21:31:20,187 INFO [training.train] step=7000 valid[valid1]={'mse': 1.136810842501063, 'nmse': 1.136810842501063, 'mae': 0.6987357003348215, 'nmae': 0.6987357003348215, 'relative_mse': 1.8726250265731292}
2026-08-06 21:31:26,066 INFO [training.train] step=8000 train_batch={'nmse': 1.3823394938260316}
2026-08-06 21:31:26,081 INFO [training.train] step=8000 valid[valid1]={'mse': 1.0990878773384354, 'nmse': 1.0990878773384354, 'mae': 0.6819970370960884, 'nmae': 0.6819970370960884, 'relative_mse': 1.8588010204081633}
2026-08-06 21:31:31,951 INFO [training.train] step=9000 train_batch={'nmse': 1.3468144030272962}
2026-08-06 21:31:31,966 INFO [training.train] step=9000 valid[valid1]={'mse': 1.1008633775775936, 'nmse': 1.1008633775775936, 'mae': 0.6811235285129676, 'nmae': 0.6811235285129676, 'relative_mse': 1.8607396962691327}
2026-08-06 21:31:37,841 INFO [training.train] step=10000 train_batch={'nmse': 1.3931509356573224}
2026-08-06 21:31:37,856 INFO [training.train] step=10000 valid[valid1]={'mse': 1.111620097257653, 'nmse': 1.111620097257653, 'mae': 0.6850231352306547, 'nmae': 0.6850231352306547, 'relative_mse': 1.9589685972045068}
2026-08-06 21:31:37,856 INFO [training.train] training_done steps=10000 seconds=59.56
2026-08-06 21:31:38,038 INFO [__main__] saved criterion_loss=criterion_loss.pdf
2026-08-06 21:31:38,038 INFO [__main__] training done
2026-08-06 21:31:38,038 INFO [__main__] evaluation start
2026-08-06 21:31:38,162 INFO [__main__] evaluation done
2026-08-06 21:31:38,162 INFO [__main__] experiment done seconds=70.78
2026-08-06 21:31:38,162 INFO [__main__] ========================================================================
2026-08-06 21:31:38,165 INFO [__main__] ========================================================================
2026-08-06 21:31:38,165 INFO [__main__] experiment model=patchtst out=/home/h61084/codes/timetensors/outputs/constants/ETTh1/504_168/patchtst_remove_all_windows/seed_3 rebuild_dataset=False evaluate=True
2026-08-06 21:31:38,165 INFO [__main__] stats recompute=True
2026-08-06 21:31:38,165 INFO [__main__] dataset rebuild skipped
2026-08-06 21:31:38,165 INFO [__main__] training start
2026-08-06 21:31:49,038 INFO [training.train] device requested=gpu resolved=cuda:0 cuda=True
2026-08-06 21:31:49,040 INFO [training.train] data_shape=[504, 1, 168]
2026-08-06 21:31:49,040 INFO [training.train] Splits:
train	idx_mode=random	{'values': (7, 1, 17420), 'individual_context': None, 'global_context': None, 'sampled_individuals': 7, 'sampled_dates': 9781, 'samples': 1}
valid1	idx_mode=all	{'values': (7, 1, 17420), 'individual_context': None, 'global_context': None, 'sampled_individuals': 7, 'sampled_dates': 20, 'samples': 140}
test1	idx_mode=all	{'values': (7, 1, 17420), 'individual_context': None, 'global_context': None, 'sampled_individuals': 7, 'sampled_dates': 20, 'samples': 140}
2026-08-06 21:31:49,040 INFO [training.train] Batch:
 batches=train=1, valid1=1, test1=1
 inputs=[1, 1, 504]
 targets=[1, 1, 168]
 individual_context=None
 global_context=None
2026-08-06 21:31:49,042 INFO [training.train] training epochs=10000 steps_per_epoch=1 total_steps=10000 valid_eval_freq=1000 logging_eval_freq=1000
2026-08-06 21:31:54,930 INFO [training.train] step=1000 train_batch={'nmse': 1.6277328380644323}
2026-08-06 21:31:54,946 INFO [training.train] step=1000 valid[valid1]={'mse': 1.2169128002763605, 'nmse': 1.2169128002763605, 'mae': 0.7374804853582058, 'nmae': 0.7374804853582058, 'relative_mse': 2.4498355787627553}
2026-08-06 21:32:00,827 INFO [training.train] step=2000 train_batch={'nmse': 1.434998510107398}
2026-08-06 21:32:00,842 INFO [training.train] step=2000 valid[valid1]={'mse': 1.158615257626488, 'nmse': 1.158615257626488, 'mae': 0.7162582708864796, 'nmae': 0.7162582708864796, 'relative_mse': 2.164260801977041}
2026-08-06 21:32:06,722 INFO [training.train] step=3000 train_batch={'nmse': 1.3114342900663614}
2026-08-06 21:32:06,737 INFO [training.train] step=3000 valid[valid1]={'mse': 1.1457658209768282, 'nmse': 1.1457658209768282, 'mae': 0.7099625152795493, 'nmae': 0.7099625152795493, 'relative_mse': 2.021067342952806}
2026-08-06 21:32:12,612 INFO [training.train] step=4000 train_batch={'nmse': 1.2651805317997933}
2026-08-06 21:32:12,627 INFO [training.train] step=4000 valid[valid1]={'mse': 1.123956672512755, 'nmse': 1.123956672512755, 'mae': 0.6998989390678146, 'nmae': 0.6998989390678146, 'relative_mse': 1.9712455490008503}
2026-08-06 21:32:18,492 INFO [training.train] step=5000 train_batch={'nmse': 1.2839474983066321}
2026-08-06 21:32:18,507 INFO [training.train] step=5000 valid[valid1]={'mse': 1.1421212332589286, 'nmse': 1.1421212332589286, 'mae': 0.7003574916294643, 'nmae': 0.7003574916294643, 'relative_mse': 2.1642910289115647}
2026-08-06 21:32:24,392 INFO [training.train] step=6000 train_batch={'nmse': 1.243509323656559}
2026-08-06 21:32:24,407 INFO [training.train] step=6000 valid[valid1]={'mse': 1.1306336694834183, 'nmse': 1.1306336694834183, 'mae': 0.694832688934949, 'nmae': 0.694832688934949, 'relative_mse': 1.9859585924213434}
2026-08-06 21:32:30,294 INFO [training.train] step=7000 train_batch={'nmse': 1.2201351831555367}
2026-08-06 21:32:30,309 INFO [training.train] step=7000 valid[valid1]={'mse': 1.1196743296928147, 'nmse': 1.1196743296928147, 'mae': 0.6915906010841837, 'nmae': 0.6915906010841837, 'relative_mse': 2.1019348559736395}
2026-08-06 21:32:36,190 INFO [training.train] step=8000 train_batch={'nmse': 1.2219665132239461}
2026-08-06 21:32:36,205 INFO [training.train] step=8000 valid[valid1]={'mse': 1.1304267312393708, 'nmse': 1.1304267312393708, 'mae': 0.688217391448767, 'nmae': 0.688217391448767, 'relative_mse': 2.014201842846514}
2026-08-06 21:32:42,091 INFO [training.train] step=9000 train_batch={'nmse': 1.1257673888653517}
2026-08-06 21:32:42,106 INFO [training.train] step=9000 valid[valid1]={'mse': 1.1239477040816326, 'nmse': 1.1239477040816326, 'mae': 0.6865921954719387, 'nmae': 0.6865921954719387, 'relative_mse': 2.0044636213860545}
2026-08-06 21:32:47,987 INFO [training.train] step=10000 train_batch={'nmse': 1.235277031727135}
2026-08-06 21:32:48,002 INFO [training.train] step=10000 valid[valid1]={'mse': 1.1308501574457908, 'nmse': 1.1308501574457908, 'mae': 0.6992585266528486, 'nmae': 0.6992585266528486, 'relative_mse': 2.042462531887755}
2026-08-06 21:32:48,002 INFO [training.train] training_done steps=10000 seconds=58.96
2026-08-06 21:32:48,173 INFO [__main__] saved criterion_loss=criterion_loss.pdf
2026-08-06 21:32:48,173 INFO [__main__] training done
2026-08-06 21:32:48,173 INFO [__main__] evaluation start
2026-08-06 21:32:48,435 INFO [__main__] evaluation done
2026-08-06 21:32:48,435 INFO [__main__] experiment done seconds=70.27
2026-08-06 21:32:48,435 INFO [__main__] ========================================================================

2026-08-06T21:32:49+02:00 configuration dataset=ETTh1 lags=504 horizon=168 method=patchtst_drop_all_users module=scripts.experiment requested_seeds=1,2,3 run_seeds=1,2,3 data_root=/home/h61084/codes/timetensors/../datasets train_sampling=random train_stride=1 eval_sampling=all eval_stride=168 batch_size=256 learning_rate=1e-5 epochs=10000 rebuild_dataset=false rebuild_reason=not_needed overrides=+model.name=patchtst +model.path=patchtst +normalization.name=instance +data.sampling.remove_train_cte=false +data.sampling.remove_eval_cte=false ++data.sampling.drop_train_constant_individuals=true ++data.sampling.drop_eval_constant_individuals=true
2026-08-06 21:32:53,625 INFO [__main__] ========================================================================
2026-08-06 21:32:53,625 INFO [__main__] experiment model=patchtst out=/home/h61084/codes/timetensors/outputs/constants/ETTh1/504_168/patchtst_drop_all_users/seed_1 rebuild_dataset=False evaluate=True
2026-08-06 21:32:53,625 INFO [__main__] stats recompute=True
2026-08-06 21:32:53,625 INFO [__main__] dataset rebuild skipped
2026-08-06 21:32:53,625 INFO [__main__] training start
2026-08-06 21:32:58,614 INFO [training.train] device requested=gpu resolved=cuda:0 cuda=True
2026-08-06 21:32:58,615 INFO [training.train] data_shape=[504, 1, 168]
2026-08-06 21:32:58,615 INFO [training.train] Splits:
train	idx_mode=random	{'values': (7, 1, 17420), 'individual_context': None, 'global_context': None, 'sampled_individuals': 7, 'sampled_dates': 9781, 'samples': 1}
valid1	idx_mode=all	{'values': (7, 1, 17420), 'individual_context': None, 'global_context': None, 'sampled_individuals': 7, 'sampled_dates': 20, 'samples': 140}
test1	idx_mode=all	{'values': (7, 1, 17420), 'individual_context': None, 'global_context': None, 'sampled_individuals': 7, 'sampled_dates': 20, 'samples': 140}
2026-08-06 21:32:58,615 INFO [training.train] Batch:
 batches=train=1, valid1=1, test1=1
 inputs=[1, 1, 504]
 targets=[1, 1, 168]
 individual_context=None
 global_context=None
2026-08-06 21:32:58,616 INFO [training.train] training epochs=10000 steps_per_epoch=1 total_steps=10000 valid_eval_freq=1000 logging_eval_freq=1000
2026-08-06 21:33:06,149 INFO [training.train] step=1000 train_batch={'nmse': 1.6729893310964108}
2026-08-06 21:33:06,165 INFO [training.train] step=1000 valid[valid1]={'mse': 1.2062607953337585, 'nmse': 1.2062607953337585, 'mae': 0.7343403718909439, 'nmae': 0.7343403718909439, 'relative_mse': 2.59208220397534}
2026-08-06 21:33:11,729 INFO [training.train] step=2000 train_batch={'nmse': 1.408676740899682}
2026-08-06 21:33:11,740 INFO [training.train] step=2000 valid[valid1]={'mse': 1.159148630155187, 'nmse': 1.159148630155187, 'mae': 0.7100404908056973, 'nmae': 0.7100404908056973, 'relative_mse': 2.129844613626701}
2026-08-06 21:33:17,320 INFO [training.train] step=3000 train_batch={'nmse': 1.3459898204505443}
2026-08-06 21:33:17,331 INFO [training.train] step=3000 valid[valid1]={'mse': 1.1303741662680697, 'nmse': 1.1303741662680697, 'mae': 0.7002145780187075, 'nmae': 0.7002145780187075, 'relative_mse': 1.8877715441645408}
2026-08-06 21:33:22,896 INFO [training.train] step=4000 train_batch={'nmse': 1.500617527589202}
2026-08-06 21:33:22,907 INFO [training.train] step=4000 valid[valid1]={'mse': 1.1179024832589286, 'nmse': 1.1179024832589286, 'mae': 0.6920649314413265, 'nmae': 0.6920649314413265, 'relative_mse': 1.847183912627551}
2026-08-06 21:33:28,473 INFO [training.train] step=5000 train_batch={'nmse': 1.1792713735103608}
2026-08-06 21:33:28,483 INFO [training.train] step=5000 valid[valid1]={'mse': 1.1280050887542517, 'nmse': 1.1280050887542517, 'mae': 0.6994119034332483, 'nmae': 0.6994119034332483, 'relative_mse': 2.001933195153061}
2026-08-06 21:33:34,078 INFO [training.train] step=6000 train_batch={'nmse': 1.2869328159540891}
2026-08-06 21:33:34,089 INFO [training.train] step=6000 valid[valid1]={'mse': 1.124642259247449, 'nmse': 1.124642259247449, 'mae': 0.6956993051126701, 'nmae': 0.6956993051126701, 'relative_mse': 1.9672868170705782}
2026-08-06 21:33:39,658 INFO [training.train] step=7000 train_batch={'nmse': 1.3114717907905578}
2026-08-06 21:33:39,669 INFO [training.train] step=7000 valid[valid1]={'mse': 1.1060825892857142, 'nmse': 1.1060825892857142, 'mae': 0.6903682371386054, 'nmae': 0.6903682371386054, 'relative_mse': 1.8523899208120749}
2026-08-06 21:33:45,249 INFO [training.train] step=8000 train_batch={'nmse': 1.3141194324567913}
2026-08-06 21:33:45,259 INFO [training.train] step=8000 valid[valid1]={'mse': 1.1103972350659013, 'nmse': 1.1103972350659013, 'mae': 0.6905491835406038, 'nmae': 0.6905491835406038, 'relative_mse': 2.0953369140625}
2026-08-06 21:33:50,836 INFO [training.train] step=9000 train_batch={'nmse': 1.4292960014343261}
2026-08-06 21:33:50,961 INFO [training.train] step=9000 valid[valid1]={'mse': 1.1193089491656036, 'nmse': 1.1193089491656036, 'mae': 0.6910823484667304, 'nmae': 0.6910823484667304, 'relative_mse': 2.072904376594388}
2026-08-06 21:33:56,536 INFO [training.train] step=10000 train_batch={'nmse': 1.2618281623572112}
2026-08-06 21:33:56,547 INFO [training.train] step=10000 valid[valid1]={'mse': 1.127906103847789, 'nmse': 1.127906103847789, 'mae': 0.6920004085618623, 'nmae': 0.6920004085618623, 'relative_mse': 1.9586065383184523}
2026-08-06 21:33:56,547 INFO [training.train] training_done steps=10000 seconds=57.93
2026-08-06 21:33:56,966 INFO [__main__] saved criterion_loss=criterion_loss.pdf
2026-08-06 21:33:56,967 INFO [__main__] training done
2026-08-06 21:33:56,967 INFO [__main__] evaluation start
2026-08-06 21:33:57,073 INFO [__main__] evaluation done
2026-08-06 21:33:57,073 INFO [__main__] experiment done seconds=63.45
2026-08-06 21:33:57,073 INFO [__main__] ========================================================================
2026-08-06 21:33:57,075 INFO [__main__] ========================================================================
2026-08-06 21:33:57,075 INFO [__main__] experiment model=patchtst out=/home/h61084/codes/timetensors/outputs/constants/ETTh1/504_168/patchtst_drop_all_users/seed_2 rebuild_dataset=False evaluate=True
2026-08-06 21:33:57,075 INFO [__main__] stats recompute=True
2026-08-06 21:33:57,075 INFO [__main__] dataset rebuild skipped
2026-08-06 21:33:57,075 INFO [__main__] training start
2026-08-06 21:34:01,422 INFO [training.train] device requested=gpu resolved=cuda:0 cuda=True
2026-08-06 21:34:01,422 INFO [training.train] data_shape=[504, 1, 168]
2026-08-06 21:34:01,423 INFO [training.train] Splits:
train	idx_mode=random	{'values': (7, 1, 17420), 'individual_context': None, 'global_context': None, 'sampled_individuals': 7, 'sampled_dates': 9781, 'samples': 1}
valid1	idx_mode=all	{'values': (7, 1, 17420), 'individual_context': None, 'global_context': None, 'sampled_individuals': 7, 'sampled_dates': 20, 'samples': 140}
test1	idx_mode=all	{'values': (7, 1, 17420), 'individual_context': None, 'global_context': None, 'sampled_individuals': 7, 'sampled_dates': 20, 'samples': 140}
2026-08-06 21:34:01,423 INFO [training.train] Batch:
 batches=train=1, valid1=1, test1=1
 inputs=[1, 1, 504]
 targets=[1, 1, 168]
 individual_context=None
 global_context=None
2026-08-06 21:34:01,426 INFO [training.train] training epochs=10000 steps_per_epoch=1 total_steps=10000 valid_eval_freq=1000 logging_eval_freq=1000
2026-08-06 21:34:06,998 INFO [training.train] step=1000 train_batch={'nmse': 1.731056927293539}
2026-08-06 21:34:07,009 INFO [training.train] step=1000 valid[valid1]={'mse': 1.2056690449617347, 'nmse': 1.2056690449617347, 'mae': 0.7364575029230442, 'nmae': 0.7364575029230442, 'relative_mse': 2.4635702327806124}
2026-08-06 21:34:12,580 INFO [training.train] step=2000 train_batch={'nmse': 1.4382245898544788}
2026-08-06 21:34:12,591 INFO [training.train] step=2000 valid[valid1]={'mse': 1.1773129417782737, 'nmse': 1.1773129417782737, 'mae': 0.7202016402264031, 'nmae': 0.7202016402264031, 'relative_mse': 2.2182603900935374}
2026-08-06 21:34:18,156 INFO [training.train] step=3000 train_batch={'nmse': 1.2617571146190167}
2026-08-06 21:34:18,168 INFO [training.train] step=3000 valid[valid1]={'mse': 1.1480174784757653, 'nmse': 1.1480174784757653, 'mae': 0.7040070618090987, 'nmae': 0.7040070618090987, 'relative_mse': 2.0942113759566325}
2026-08-06 21:34:23,740 INFO [training.train] step=4000 train_batch={'nmse': 1.2087192778587341}
2026-08-06 21:34:23,751 INFO [training.train] step=4000 valid[valid1]={'mse': 1.1335751488095238, 'nmse': 1.1335751488095238, 'mae': 0.7013010868409864, 'nmae': 0.7013010868409864, 'relative_mse': 2.1024796051232992}
2026-08-06 21:34:29,321 INFO [training.train] step=5000 train_batch={'nmse': 1.4144506364166736}
2026-08-06 21:34:29,332 INFO [training.train] step=5000 valid[valid1]={'mse': 1.1243800987191752, 'nmse': 1.1243800987191752, 'mae': 0.7016831586150085, 'nmae': 0.7016831586150085, 'relative_mse': 1.9182779947916666}
2026-08-06 21:34:34,899 INFO [training.train] step=6000 train_batch={'nmse': 1.3534515813589096}
2026-08-06 21:34:34,910 INFO [training.train] step=6000 valid[valid1]={'mse': 1.1155756736288265, 'nmse': 1.1155756736288265, 'mae': 0.6926490420386905, 'nmae': 0.6926490420386905, 'relative_mse': 1.9575459382971938}
2026-08-06 21:34:40,479 INFO [training.train] step=7000 train_batch={'nmse': 1.2873257697373628}
2026-08-06 21:34:40,490 INFO [training.train] step=7000 valid[valid1]={'mse': 1.136810842501063, 'nmse': 1.136810842501063, 'mae': 0.6987357003348215, 'nmae': 0.6987357003348215, 'relative_mse': 1.8726250265731292}
2026-08-06 21:34:46,058 INFO [training.train] step=8000 train_batch={'nmse': 1.3823394938260316}
2026-08-06 21:34:46,068 INFO [training.train] step=8000 valid[valid1]={'mse': 1.0990878773384354, 'nmse': 1.0990878773384354, 'mae': 0.6819970370960884, 'nmae': 0.6819970370960884, 'relative_mse': 1.8588010204081633}
2026-08-06 21:34:51,635 INFO [training.train] step=9000 train_batch={'nmse': 1.3468144030272962}
2026-08-06 21:34:51,645 INFO [training.train] step=9000 valid[valid1]={'mse': 1.1008633775775936, 'nmse': 1.1008633775775936, 'mae': 0.6811235285129676, 'nmae': 0.6811235285129676, 'relative_mse': 1.8607396962691327}
2026-08-06 21:34:57,210 INFO [training.train] step=10000 train_batch={'nmse': 1.3931509356573224}
2026-08-06 21:34:57,220 INFO [training.train] step=10000 valid[valid1]={'mse': 1.111620097257653, 'nmse': 1.111620097257653, 'mae': 0.6850231352306547, 'nmae': 0.6850231352306547, 'relative_mse': 1.9589685972045068}
2026-08-06 21:34:57,221 INFO [training.train] training_done steps=10000 seconds=55.79
2026-08-06 21:34:57,401 INFO [__main__] saved criterion_loss=criterion_loss.pdf
2026-08-06 21:34:57,401 INFO [__main__] training done
2026-08-06 21:34:57,401 INFO [__main__] evaluation start
2026-08-06 21:34:57,506 INFO [__main__] evaluation done
2026-08-06 21:34:57,506 INFO [__main__] experiment done seconds=60.43
2026-08-06 21:34:57,506 INFO [__main__] ========================================================================
2026-08-06 21:34:57,508 INFO [__main__] ========================================================================
2026-08-06 21:34:57,508 INFO [__main__] experiment model=patchtst out=/home/h61084/codes/timetensors/outputs/constants/ETTh1/504_168/patchtst_drop_all_users/seed_3 rebuild_dataset=False evaluate=True
2026-08-06 21:34:57,508 INFO [__main__] stats recompute=True
2026-08-06 21:34:57,508 INFO [__main__] dataset rebuild skipped
2026-08-06 21:34:57,508 INFO [__main__] training start
2026-08-06 21:35:02,026 INFO [training.train] device requested=gpu resolved=cuda:0 cuda=True
2026-08-06 21:35:02,027 INFO [training.train] data_shape=[504, 1, 168]
2026-08-06 21:35:02,027 INFO [training.train] Splits:
train	idx_mode=random	{'values': (7, 1, 17420), 'individual_context': None, 'global_context': None, 'sampled_individuals': 7, 'sampled_dates': 9781, 'samples': 1}
valid1	idx_mode=all	{'values': (7, 1, 17420), 'individual_context': None, 'global_context': None, 'sampled_individuals': 7, 'sampled_dates': 20, 'samples': 140}
test1	idx_mode=all	{'values': (7, 1, 17420), 'individual_context': None, 'global_context': None, 'sampled_individuals': 7, 'sampled_dates': 20, 'samples': 140}
2026-08-06 21:35:02,027 INFO [training.train] Batch:
 batches=train=1, valid1=1, test1=1
 inputs=[1, 1, 504]
 targets=[1, 1, 168]
 individual_context=None
 global_context=None
2026-08-06 21:35:02,030 INFO [training.train] training epochs=10000 steps_per_epoch=1 total_steps=10000 valid_eval_freq=1000 logging_eval_freq=1000
2026-08-06 21:35:07,618 INFO [training.train] step=1000 train_batch={'nmse': 1.6277328380644323}
2026-08-06 21:35:07,629 INFO [training.train] step=1000 valid[valid1]={'mse': 1.2169128002763605, 'nmse': 1.2169128002763605, 'mae': 0.7374804853582058, 'nmae': 0.7374804853582058, 'relative_mse': 2.4498355787627553}
2026-08-06 21:35:13,212 INFO [training.train] step=2000 train_batch={'nmse': 1.434998510107398}
2026-08-06 21:35:13,224 INFO [training.train] step=2000 valid[valid1]={'mse': 1.158615257626488, 'nmse': 1.158615257626488, 'mae': 0.7162582708864796, 'nmae': 0.7162582708864796, 'relative_mse': 2.164260801977041}
2026-08-06 21:35:18,811 INFO [training.train] step=3000 train_batch={'nmse': 1.3114342900663614}
2026-08-06 21:35:18,822 INFO [training.train] step=3000 valid[valid1]={'mse': 1.1457658209768282, 'nmse': 1.1457658209768282, 'mae': 0.7099625152795493, 'nmae': 0.7099625152795493, 'relative_mse': 2.021067342952806}
2026-08-06 21:35:24,417 INFO [training.train] step=4000 train_batch={'nmse': 1.2651805317997933}
2026-08-06 21:35:24,428 INFO [training.train] step=4000 valid[valid1]={'mse': 1.123956672512755, 'nmse': 1.123956672512755, 'mae': 0.6998989390678146, 'nmae': 0.6998989390678146, 'relative_mse': 1.9712455490008503}
2026-08-06 21:35:30,013 INFO [training.train] step=5000 train_batch={'nmse': 1.2839474983066321}
2026-08-06 21:35:30,024 INFO [training.train] step=5000 valid[valid1]={'mse': 1.1421212332589286, 'nmse': 1.1421212332589286, 'mae': 0.7003574916294643, 'nmae': 0.7003574916294643, 'relative_mse': 2.1642910289115647}
2026-08-06 21:35:35,612 INFO [training.train] step=6000 train_batch={'nmse': 1.243509323656559}
2026-08-06 21:35:35,623 INFO [training.train] step=6000 valid[valid1]={'mse': 1.1306336694834183, 'nmse': 1.1306336694834183, 'mae': 0.694832688934949, 'nmae': 0.694832688934949, 'relative_mse': 1.9859585924213434}
2026-08-06 21:35:41,214 INFO [training.train] step=7000 train_batch={'nmse': 1.2201351831555367}
2026-08-06 21:35:41,225 INFO [training.train] step=7000 valid[valid1]={'mse': 1.1196743296928147, 'nmse': 1.1196743296928147, 'mae': 0.6915906010841837, 'nmae': 0.6915906010841837, 'relative_mse': 2.1019348559736395}
2026-08-06 21:35:46,813 INFO [training.train] step=8000 train_batch={'nmse': 1.2219665132239461}
2026-08-06 21:35:46,824 INFO [training.train] step=8000 valid[valid1]={'mse': 1.1304267312393708, 'nmse': 1.1304267312393708, 'mae': 0.688217391448767, 'nmae': 0.688217391448767, 'relative_mse': 2.014201842846514}
2026-08-06 21:35:52,419 INFO [training.train] step=9000 train_batch={'nmse': 1.1257673888653517}
2026-08-06 21:35:52,429 INFO [training.train] step=9000 valid[valid1]={'mse': 1.1239477040816326, 'nmse': 1.1239477040816326, 'mae': 0.6865921954719387, 'nmae': 0.6865921954719387, 'relative_mse': 2.0044636213860545}
2026-08-06 21:35:58,017 INFO [training.train] step=10000 train_batch={'nmse': 1.235277031727135}
2026-08-06 21:35:58,028 INFO [training.train] step=10000 valid[valid1]={'mse': 1.1308501574457908, 'nmse': 1.1308501574457908, 'mae': 0.6992585266528486, 'nmae': 0.6992585266528486, 'relative_mse': 2.042462531887755}
2026-08-06 21:35:58,028 INFO [training.train] training_done steps=10000 seconds=56.00
2026-08-06 21:35:58,198 INFO [__main__] saved criterion_loss=criterion_loss.pdf
2026-08-06 21:35:58,198 INFO [__main__] training done
2026-08-06 21:35:58,198 INFO [__main__] evaluation start
2026-08-06 21:35:58,304 INFO [__main__] evaluation done
2026-08-06 21:35:58,304 INFO [__main__] experiment done seconds=60.80
2026-08-06 21:35:58,304 INFO [__main__] ========================================================================

2026-08-06T21:35:59+02:00 configuration dataset=electricity lags=168 horizon=24 method=patchtst_keep module=scripts.experiment requested_seeds=1,2,3 run_seeds=1,2,3 data_root=/home/h61084/codes/timetensors/../datasets train_sampling=random train_stride=1 eval_sampling=all eval_stride=24 batch_size=256 learning_rate=1e-5 epochs=10000 rebuild_dataset=false rebuild_reason=not_needed overrides=+model.name=patchtst +model.path=patchtst +normalization.name=instance +data.sampling.remove_train_cte=false +data.sampling.remove_eval_cte=false ++data.sampling.drop_train_constant_individuals=false ++data.sampling.drop_eval_constant_individuals=false
2026-08-06 21:36:03,569 INFO [__main__] ========================================================================
2026-08-06 21:36:03,569 INFO [__main__] experiment model=patchtst out=/home/h61084/codes/timetensors/outputs/constants/electricity/168_24/patchtst_keep/seed_1 rebuild_dataset=False evaluate=True
2026-08-06 21:36:03,569 INFO [__main__] stats recompute=True
2026-08-06 21:36:03,569 INFO [__main__] dataset rebuild skipped
2026-08-06 21:36:03,569 INFO [__main__] training start
2026-08-06 21:40:41,015 INFO [training.train] device requested=gpu resolved=cuda:0 cuda=True
2026-08-06 21:40:41,017 INFO [training.train] data_shape=[168, 1, 24]
2026-08-06 21:40:41,017 INFO [training.train] Splits:
train	idx_mode=random	{'values': (312, 1, 26304), 'individual_context': None, 'global_context': None, 'sampled_individuals': 312, 'sampled_dates': 15591, 'samples': 1}
valid1	idx_mode=all	{'values': (312, 1, 26304), 'individual_context': None, 'global_context': None, 'sampled_individuals': 312, 'sampled_dates': 219, 'samples': 68328}
test1	idx_mode=all	{'values': (312, 1, 26304), 'individual_context': None, 'global_context': None, 'sampled_individuals': 312, 'sampled_dates': 219, 'samples': 68328}
2026-08-06 21:40:41,017 INFO [training.train] Batch:
 batches=train=1, valid1=267, test1=267
 inputs=[1, 1, 168]
 targets=[1, 1, 24]
 individual_context=None
 global_context=None
2026-08-06 21:40:41,023 INFO [training.train] training epochs=10000 steps_per_epoch=1 total_steps=10000 valid_eval_freq=1000 logging_eval_freq=1000
2026-08-06 21:40:48,815 INFO [training.train] step=1000 train_batch={'nmse': 0.5627178917080164}
2026-08-06 21:40:52,794 INFO [training.train] step=1000 valid[valid1]={'mse': 0.47193070918499563, 'nmse': 0.47193070918499563, 'mae': 0.4204811454540402, 'nmae': 0.4204811454540402, 'relative_mse': 0.07672439004695374}
2026-08-06 21:40:58,423 INFO [training.train] step=2000 train_batch={'nmse': 0.3784543227478862}
2026-08-06 21:41:02,551 INFO [training.train] step=2000 valid[valid1]={'mse': 0.4380137717440513, 'nmse': 0.4380137717440513, 'mae': 0.3983011080845315, 'nmae': 0.3983011080845315, 'relative_mse': 0.06990510371615037}
2026-08-06 21:41:08,198 INFO [training.train] step=3000 train_batch={'nmse': 0.37094319964572786}
2026-08-06 21:41:12,202 INFO [training.train] step=3000 valid[valid1]={'mse': 0.4105424631983234, 'nmse': 0.4105424631983234, 'mae': 0.37741491462681614, 'nmae': 0.37741491462681614, 'relative_mse': 0.06385315756549723}
2026-08-06 21:41:17,834 INFO [training.train] step=4000 train_batch={'nmse': 0.35372008034586905}
2026-08-06 21:41:21,947 INFO [training.train] step=4000 valid[valid1]={'mse': 0.4043384676017206, 'nmse': 0.4043384676017206, 'mae': 0.3755911992453479, 'nmae': 0.3755911992453479, 'relative_mse': 0.06143382480690417}
2026-08-06 21:41:27,574 INFO [training.train] step=5000 train_batch={'nmse': 0.32279424522444605}
2026-08-06 21:41:31,682 INFO [training.train] step=5000 valid[valid1]={'mse': 0.388334894517134, 'nmse': 0.388334894517134, 'mae': 0.3599478638954224, 'nmae': 0.3599478638954224, 'relative_mse': 0.05866041651692532}
2026-08-06 21:41:37,306 INFO [training.train] step=6000 train_batch={'nmse': 0.32625009592622517}
2026-08-06 21:41:41,299 INFO [training.train] step=6000 valid[valid1]={'mse': 0.3926568357167439, 'nmse': 0.3926568357167439, 'mae': 0.3670890947157385, 'nmae': 0.3670890947157385, 'relative_mse': 0.05862300004602916}
2026-08-06 21:41:46,921 INFO [training.train] step=7000 train_batch={'nmse': 0.3386483423039317}
2026-08-06 21:41:51,028 INFO [training.train] step=7000 valid[valid1]={'mse': 0.3777223590832518, 'nmse': 0.3777223590832518, 'mae': 0.34989442041103286, 'nmae': 0.34989442041103286, 'relative_mse': 0.05650538909315705}
2026-08-06 21:41:56,662 INFO [training.train] step=8000 train_batch={'nmse': 0.2954446645528078}
2026-08-06 21:42:00,674 INFO [training.train] step=8000 valid[valid1]={'mse': 0.3724949299319122, 'nmse': 0.3724949299319122, 'mae': 0.3446916579381367, 'nmae': 0.3446916579381367, 'relative_mse': 0.055906285866684995}
2026-08-06 21:42:06,297 INFO [training.train] step=9000 train_batch={'nmse': 0.36038268057629463}
2026-08-06 21:42:10,459 INFO [training.train] step=9000 valid[valid1]={'mse': 0.37687569723816716, 'nmse': 0.37687569723816716, 'mae': 0.34979240870962414, 'nmae': 0.34979240870962414, 'relative_mse': 0.05580892246221624}
2026-08-06 21:42:16,096 INFO [training.train] step=10000 train_batch={'nmse': 0.2727277675122023}
2026-08-06 21:42:20,124 INFO [training.train] step=10000 valid[valid1]={'mse': 0.3694207929119835, 'nmse': 0.3694207929119835, 'mae': 0.34271089569986257, 'nmae': 0.34271089569986257, 'relative_mse': 0.054788893486117936}
2026-08-06 21:42:20,124 INFO [training.train] training_done steps=10000 seconds=99.10
2026-08-06 21:42:20,626 INFO [__main__] saved criterion_loss=criterion_loss.pdf
2026-08-06 21:42:20,626 INFO [__main__] training done
2026-08-06 21:42:20,626 INFO [__main__] evaluation start
2026-08-06 21:42:39,453 INFO [__main__] evaluation done
2026-08-06 21:42:39,454 INFO [__main__] experiment done seconds=395.89
2026-08-06 21:42:39,454 INFO [__main__] ========================================================================
2026-08-06 21:42:39,484 INFO [__main__] ========================================================================
2026-08-06 21:42:39,484 INFO [__main__] experiment model=patchtst out=/home/h61084/codes/timetensors/outputs/constants/electricity/168_24/patchtst_keep/seed_2 rebuild_dataset=False evaluate=True
2026-08-06 21:42:39,484 INFO [__main__] stats recompute=True
2026-08-06 21:42:39,484 INFO [__main__] dataset rebuild skipped
2026-08-06 21:42:39,484 INFO [__main__] training start
2026-08-06 21:47:14,765 INFO [training.train] device requested=gpu resolved=cuda:0 cuda=True
2026-08-06 21:47:14,767 INFO [training.train] data_shape=[168, 1, 24]
2026-08-06 21:47:14,767 INFO [training.train] Splits:
train	idx_mode=random	{'values': (312, 1, 26304), 'individual_context': None, 'global_context': None, 'sampled_individuals': 312, 'sampled_dates': 15591, 'samples': 1}
valid1	idx_mode=all	{'values': (312, 1, 26304), 'individual_context': None, 'global_context': None, 'sampled_individuals': 312, 'sampled_dates': 219, 'samples': 68328}
test1	idx_mode=all	{'values': (312, 1, 26304), 'individual_context': None, 'global_context': None, 'sampled_individuals': 312, 'sampled_dates': 219, 'samples': 68328}
2026-08-06 21:47:14,767 INFO [training.train] Batch:
 batches=train=1, valid1=267, test1=267
 inputs=[1, 1, 168]
 targets=[1, 1, 24]
 individual_context=None
 global_context=None
2026-08-06 21:47:14,774 INFO [training.train] training epochs=10000 steps_per_epoch=1 total_steps=10000 valid_eval_freq=1000 logging_eval_freq=1000
2026-08-06 21:47:20,433 INFO [training.train] step=1000 train_batch={'nmse': 0.5911283786669373}
2026-08-06 21:47:24,608 INFO [training.train] step=1000 valid[valid1]={'mse': 0.4770819354298308, 'nmse': 0.4770819354298308, 'mae': 0.4238444017413926, 'nmae': 0.4238444017413926, 'relative_mse': 0.07839671045882554}
2026-08-06 21:47:30,281 INFO [training.train] step=2000 train_batch={'nmse': 0.477607865229249}
2026-08-06 21:47:34,282 INFO [training.train] step=2000 valid[valid1]={'mse': 0.44692965859863987, 'nmse': 0.44692965859863987, 'mae': 0.405193631600539, 'nmae': 0.405193631600539, 'relative_mse': 0.07172326050099466}
2026-08-06 21:47:39,939 INFO [training.train] step=3000 train_batch={'nmse': 0.38523165150731803}
2026-08-06 21:47:44,084 INFO [training.train] step=3000 valid[valid1]={'mse': 0.4215623725099381, 'nmse': 0.4215623725099381, 'mae': 0.3883255394049524, 'nmae': 0.3883255394049524, 'relative_mse': 0.06537810200267405}
2026-08-06 21:47:49,753 INFO [training.train] step=4000 train_batch={'nmse': 0.33224458922445776}
2026-08-06 21:47:53,793 INFO [training.train] step=4000 valid[valid1]={'mse': 0.4098629819534052, 'nmse': 0.4098629819534052, 'mae': 0.3781358553394335, 'nmae': 0.3781358553394335, 'relative_mse': 0.06314969977473495}
2026-08-06 21:47:59,456 INFO [training.train] step=5000 train_batch={'nmse': 6.667918632332236}
2026-08-06 21:48:03,639 INFO [training.train] step=5000 valid[valid1]={'mse': 0.40210860643594154, 'nmse': 0.40210860643594154, 'mae': 0.37225303289617934, 'nmae': 0.37225303289617934, 'relative_mse': 0.06135086760524471}
2026-08-06 21:48:09,294 INFO [training.train] step=6000 train_batch={'nmse': 0.33490378851071}
2026-08-06 21:48:13,358 INFO [training.train] step=6000 valid[valid1]={'mse': 0.3919436492699583, 'nmse': 0.3919436492699583, 'mae': 0.3658644271967902, 'nmae': 0.3658644271967902, 'relative_mse': 0.05907295826135268}
2026-08-06 21:48:19,023 INFO [training.train] step=7000 train_batch={'nmse': 0.3014649526067078}
2026-08-06 21:48:23,154 INFO [training.train] step=7000 valid[valid1]={'mse': 0.3913336424341303, 'nmse': 0.3913336424341303, 'mae': 0.3657350432596883, 'nmae': 0.3657350432596883, 'relative_mse': 0.05848833772368767}
2026-08-06 21:48:28,830 INFO [training.train] step=8000 train_batch={'nmse': 0.32730646831542254}
2026-08-06 21:48:32,834 INFO [training.train] step=8000 valid[valid1]={'mse': 0.38015296539871185, 'nmse': 0.38015296539871185, 'mae': 0.35427378331526693, 'nmae': 0.35427378331526693, 'relative_mse': 0.05635557201015388}
2026-08-06 21:48:38,502 INFO [training.train] step=9000 train_batch={'nmse': 0.3467875261493027}
2026-08-06 21:48:42,669 INFO [training.train] step=9000 valid[valid1]={'mse': 0.3731412104847922, 'nmse': 0.3731412104847922, 'mae': 0.34799521167491465, 'nmae': 0.34799521167491465, 'relative_mse': 0.05519236021808963}
2026-08-06 21:48:48,325 INFO [training.train] step=10000 train_batch={'nmse': 0.3099357414916158}
2026-08-06 21:48:52,377 INFO [training.train] step=10000 valid[valid1]={'mse': 0.37912407266783343, 'nmse': 0.37912407266783343, 'mae': 0.35576234434963233, 'nmae': 0.35576234434963233, 'relative_mse': 0.05621629951290805}
2026-08-06 21:48:52,377 INFO [training.train] training_done steps=10000 seconds=97.60
2026-08-06 21:48:52,560 INFO [__main__] saved criterion_loss=criterion_loss.pdf
2026-08-06 21:48:52,560 INFO [__main__] training done
2026-08-06 21:48:52,560 INFO [__main__] evaluation start
2026-08-06 21:49:11,329 INFO [__main__] evaluation done
2026-08-06 21:49:11,329 INFO [__main__] experiment done seconds=391.86
2026-08-06 21:49:11,329 INFO [__main__] ========================================================================
2026-08-06 21:49:11,337 INFO [__main__] ========================================================================
2026-08-06 21:49:11,337 INFO [__main__] experiment model=patchtst out=/home/h61084/codes/timetensors/outputs/constants/electricity/168_24/patchtst_keep/seed_3 rebuild_dataset=False evaluate=True
2026-08-06 21:49:11,337 INFO [__main__] stats recompute=True
2026-08-06 21:49:11,337 INFO [__main__] dataset rebuild skipped
2026-08-06 21:49:11,337 INFO [__main__] training start
2026-08-06 21:53:47,352 INFO [training.train] device requested=gpu resolved=cuda:0 cuda=True
2026-08-06 21:53:47,353 INFO [training.train] data_shape=[168, 1, 24]
2026-08-06 21:53:47,353 INFO [training.train] Splits:
train	idx_mode=random	{'values': (312, 1, 26304), 'individual_context': None, 'global_context': None, 'sampled_individuals': 312, 'sampled_dates': 15591, 'samples': 1}
valid1	idx_mode=all	{'values': (312, 1, 26304), 'individual_context': None, 'global_context': None, 'sampled_individuals': 312, 'sampled_dates': 219, 'samples': 68328}
test1	idx_mode=all	{'values': (312, 1, 26304), 'individual_context': None, 'global_context': None, 'sampled_individuals': 312, 'sampled_dates': 219, 'samples': 68328}
2026-08-06 21:53:47,353 INFO [training.train] Batch:
 batches=train=1, valid1=267, test1=267
 inputs=[1, 1, 168]
 targets=[1, 1, 24]
 individual_context=None
 global_context=None
2026-08-06 21:53:47,363 INFO [training.train] training epochs=10000 steps_per_epoch=1 total_steps=10000 valid_eval_freq=1000 logging_eval_freq=1000
2026-08-06 21:53:53,064 INFO [training.train] step=1000 train_batch={'nmse': 0.5719230344444514}
2026-08-06 21:53:57,252 INFO [training.train] step=1000 valid[valid1]={'mse': 0.47078491722779564, 'nmse': 0.47078491722779564, 'mae': 0.41252644425025053, 'nmae': 0.41252644425025053, 'relative_mse': 0.07801832454161664}
2026-08-06 21:54:02,957 INFO [training.train] step=2000 train_batch={'nmse': 0.4088023745790124}
2026-08-06 21:54:06,997 INFO [training.train] step=2000 valid[valid1]={'mse': 0.44393565705652255, 'nmse': 0.44393565705652255, 'mae': 0.40129748929027503, 'nmae': 0.40129748929027503, 'relative_mse': 0.07087718440652363}
2026-08-06 21:54:12,721 INFO [training.train] step=3000 train_batch={'nmse': 3.5852061898112297}
2026-08-06 21:54:16,902 INFO [training.train] step=3000 valid[valid1]={'mse': 0.43270645659696494, 'nmse': 0.43270645659696494, 'mae': 0.39751981325740954, 'nmae': 0.39751981325740954, 'relative_mse': 0.06695436895375173}
2026-08-06 21:54:22,601 INFO [training.train] step=4000 train_batch={'nmse': 0.4279265295155346}
2026-08-06 21:54:26,727 INFO [training.train] step=4000 valid[valid1]={'mse': 0.40184791029576644, 'nmse': 0.40184791029576644, 'mae': 0.3676753258326431, 'nmae': 0.3676753258326431, 'relative_mse': 0.06200945455045484}
2026-08-06 21:54:32,801 INFO [training.train] step=5000 train_batch={'nmse': 0.37714329273998737}
2026-08-06 21:54:37,215 INFO [training.train] step=5000 valid[valid1]={'mse': 0.391209109756356, 'nmse': 0.391209109756356, 'mae': 0.36121383839392746, 'nmae': 0.36121383839392746, 'relative_mse': 0.05959670876691805}
2026-08-06 21:54:42,898 INFO [training.train] step=6000 train_batch={'nmse': 0.33132330647855995}
2026-08-06 21:54:46,954 INFO [training.train] step=6000 valid[valid1]={'mse': 0.38813879171393123, 'nmse': 0.38813879171393123, 'mae': 0.360073901356111, 'nmae': 0.360073901356111, 'relative_mse': 0.058205243449986586}
2026-08-06 21:54:52,649 INFO [training.train] step=7000 train_batch={'nmse': 0.3083417323492467}
2026-08-06 21:54:56,878 INFO [training.train] step=7000 valid[valid1]={'mse': 0.38950410395591994, 'nmse': 0.38950410395591994, 'mae': 0.3620980008212436, 'nmae': 0.3620980008212436, 'relative_mse': 0.05794667744484866}
2026-08-06 21:55:02,572 INFO [training.train] step=8000 train_batch={'nmse': 0.2940062891766429}
2026-08-06 21:55:06,589 INFO [training.train] step=8000 valid[valid1]={'mse': 0.3819528551499561, 'nmse': 0.3819528551499561, 'mae': 0.3568031114665266, 'nmae': 0.3568031114665266, 'relative_mse': 0.056322685375949824}
2026-08-06 21:55:12,290 INFO [training.train] step=9000 train_batch={'nmse': 0.2723323392346501}
2026-08-06 21:55:16,383 INFO [training.train] step=9000 valid[valid1]={'mse': 0.3740336321716225, 'nmse': 0.3740336321716225, 'mae': 0.3478674550472013, 'nmae': 0.3478674550472013, 'relative_mse': 0.055474745768069274}
2026-08-06 21:55:22,076 INFO [training.train] step=10000 train_batch={'nmse': 0.461059059381485}
2026-08-06 21:55:26,132 INFO [training.train] step=10000 valid[valid1]={'mse': 0.37265498073440767, 'nmse': 0.37265498073440767, 'mae': 0.34732892365048634, 'nmae': 0.34732892365048634, 'relative_mse': 0.054800847396170214}
2026-08-06 21:55:26,132 INFO [training.train] training_done steps=10000 seconds=98.77
2026-08-06 21:55:26,302 INFO [__main__] saved criterion_loss=criterion_loss.pdf
2026-08-06 21:55:26,302 INFO [__main__] training done
2026-08-06 21:55:26,302 INFO [__main__] evaluation start
2026-08-06 21:55:44,993 INFO [__main__] evaluation done
2026-08-06 21:55:44,993 INFO [__main__] experiment done seconds=393.66
2026-08-06 21:55:44,993 INFO [__main__] ========================================================================

2026-08-06T21:55:45+02:00 configuration dataset=electricity lags=168 horizon=24 method=patchtst_remove_train_windows module=scripts.experiment requested_seeds=1,2,3 run_seeds=1,2,3 data_root=/home/h61084/codes/timetensors/../datasets train_sampling=random train_stride=1 eval_sampling=all eval_stride=24 batch_size=256 learning_rate=1e-5 epochs=10000 rebuild_dataset=false rebuild_reason=not_needed overrides=+model.name=patchtst +model.path=patchtst +normalization.name=instance +data.sampling.remove_train_cte=true +data.sampling.remove_eval_cte=false ++data.sampling.drop_train_constant_individuals=false ++data.sampling.drop_eval_constant_individuals=false
2026-08-06 21:55:50,367 INFO [__main__] ========================================================================
2026-08-06 21:55:50,367 INFO [__main__] experiment model=patchtst out=/home/h61084/codes/timetensors/outputs/constants/electricity/168_24/patchtst_remove_train_windows/seed_1 rebuild_dataset=False evaluate=True
2026-08-06 21:55:50,368 INFO [__main__] stats recompute=True
2026-08-06 21:55:50,368 INFO [__main__] dataset rebuild skipped
2026-08-06 21:55:50,368 INFO [__main__] training start
2026-08-06 22:07:37,650 INFO [training.train] device requested=gpu resolved=cuda:0 cuda=True
2026-08-06 22:07:37,660 INFO [training.train] data_shape=[168, 1, 24]
2026-08-06 22:07:37,660 INFO [training.train] Splits:
train	idx_mode=random	{'values': (312, 1, 26304), 'individual_context': None, 'global_context': None, 'sampled_individuals': 312, 'sampled_dates': 15591, 'samples': 1}
valid1	idx_mode=all	{'values': (312, 1, 26304), 'individual_context': None, 'global_context': None, 'sampled_individuals': 312, 'sampled_dates': 219, 'samples': 68328}
test1	idx_mode=all	{'values': (312, 1, 26304), 'individual_context': None, 'global_context': None, 'sampled_individuals': 312, 'sampled_dates': 219, 'samples': 68328}
2026-08-06 22:07:37,660 INFO [training.train] Batch:
 batches=train=1, valid1=267, test1=267
 inputs=[1, 1, 168]
 targets=[1, 1, 24]
 individual_context=None
 global_context=None
2026-08-06 22:07:37,667 INFO [training.train] training epochs=10000 steps_per_epoch=1 total_steps=10000 valid_eval_freq=1000 logging_eval_freq=1000
2026-08-06 22:07:54,021 INFO [training.train] step=1000 train_batch={'nmse': 0.5627178917080164}
2026-08-06 22:07:58,000 INFO [training.train] step=1000 valid[valid1]={'mse': 0.47193070918499563, 'nmse': 0.47193070918499563, 'mae': 0.4204811454540402, 'nmae': 0.4204811454540402, 'relative_mse': 0.07672439004695374}
2026-08-06 22:08:12,211 INFO [training.train] step=2000 train_batch={'nmse': 0.3784543227478862}
2026-08-06 22:08:16,251 INFO [training.train] step=2000 valid[valid1]={'mse': 0.4380137717440513, 'nmse': 0.4380137717440513, 'mae': 0.3983011080845315, 'nmae': 0.3983011080845315, 'relative_mse': 0.06990510371615037}
2026-08-06 22:08:30,419 INFO [training.train] step=3000 train_batch={'nmse': 0.37094319964572786}
2026-08-06 22:08:34,369 INFO [training.train] step=3000 valid[valid1]={'mse': 0.4105424631983234, 'nmse': 0.4105424631983234, 'mae': 0.37741491462681614, 'nmae': 0.37741491462681614, 'relative_mse': 0.06385315756549723}
2026-08-06 22:08:48,562 INFO [training.train] step=4000 train_batch={'nmse': 0.35372008034586905}
2026-08-06 22:08:52,652 INFO [training.train] step=4000 valid[valid1]={'mse': 0.4043384676017206, 'nmse': 0.4043384676017206, 'mae': 0.3755911992453479, 'nmae': 0.3755911992453479, 'relative_mse': 0.06143382480690417}
2026-08-06 22:09:06,824 INFO [training.train] step=5000 train_batch={'nmse': 0.32279424522444605}
2026-08-06 22:09:10,881 INFO [training.train] step=5000 valid[valid1]={'mse': 0.388334894517134, 'nmse': 0.388334894517134, 'mae': 0.3599478638954224, 'nmae': 0.3599478638954224, 'relative_mse': 0.05866041651692532}
2026-08-06 22:09:25,076 INFO [training.train] step=6000 train_batch={'nmse': 0.32625009592622517}
2026-08-06 22:09:29,006 INFO [training.train] step=6000 valid[valid1]={'mse': 0.3926568357167439, 'nmse': 0.3926568357167439, 'mae': 0.3670890947157385, 'nmae': 0.3670890947157385, 'relative_mse': 0.05862300004602916}
2026-08-06 22:09:43,192 INFO [training.train] step=7000 train_batch={'nmse': 0.3386483423039317}
2026-08-06 22:09:47,241 INFO [training.train] step=7000 valid[valid1]={'mse': 0.3777223590832518, 'nmse': 0.3777223590832518, 'mae': 0.34989442041103286, 'nmae': 0.34989442041103286, 'relative_mse': 0.05650538909315705}
2026-08-06 22:10:01,430 INFO [training.train] step=8000 train_batch={'nmse': 0.2954446645528078}
2026-08-06 22:10:05,343 INFO [training.train] step=8000 valid[valid1]={'mse': 0.3724949299319122, 'nmse': 0.3724949299319122, 'mae': 0.3446916579381367, 'nmae': 0.3446916579381367, 'relative_mse': 0.055906285866684995}
2026-08-06 22:10:20,125 INFO [training.train] step=9000 train_batch={'nmse': 0.36038268057629463}
2026-08-06 22:10:24,447 INFO [training.train] step=9000 valid[valid1]={'mse': 0.37687569723816716, 'nmse': 0.37687569723816716, 'mae': 0.34979240870962414, 'nmae': 0.34979240870962414, 'relative_mse': 0.05580892246221624}
2026-08-06 22:10:38,541 INFO [training.train] step=10000 train_batch={'nmse': 0.2727277675122023}
2026-08-06 22:10:42,447 INFO [training.train] step=10000 valid[valid1]={'mse': 0.3694207929119835, 'nmse': 0.3694207929119835, 'mae': 0.34271089569986257, 'nmae': 0.34271089569986257, 'relative_mse': 0.054788893486117936}
2026-08-06 22:10:42,447 INFO [training.train] training_done steps=10000 seconds=184.78
2026-08-06 22:10:42,929 INFO [__main__] saved criterion_loss=criterion_loss.pdf
2026-08-06 22:10:42,929 INFO [__main__] training done
2026-08-06 22:10:42,929 INFO [__main__] evaluation start
2026-08-06 22:11:01,594 INFO [__main__] evaluation done
2026-08-06 22:11:01,594 INFO [__main__] experiment done seconds=911.23
2026-08-06 22:11:01,594 INFO [__main__] ========================================================================
2026-08-06 22:11:01,607 INFO [__main__] ========================================================================
2026-08-06 22:11:01,607 INFO [__main__] experiment model=patchtst out=/home/h61084/codes/timetensors/outputs/constants/electricity/168_24/patchtst_remove_train_windows/seed_2 rebuild_dataset=False evaluate=True
2026-08-06 22:11:01,607 INFO [__main__] stats recompute=True
2026-08-06 22:11:01,607 INFO [__main__] dataset rebuild skipped
2026-08-06 22:11:01,607 INFO [__main__] training start
2026-08-06 22:22:55,450 INFO [training.train] device requested=gpu resolved=cuda:0 cuda=True
2026-08-06 22:22:55,460 INFO [training.train] data_shape=[168, 1, 24]
2026-08-06 22:22:55,460 INFO [training.train] Splits:
train	idx_mode=random	{'values': (312, 1, 26304), 'individual_context': None, 'global_context': None, 'sampled_individuals': 312, 'sampled_dates': 15591, 'samples': 1}
valid1	idx_mode=all	{'values': (312, 1, 26304), 'individual_context': None, 'global_context': None, 'sampled_individuals': 312, 'sampled_dates': 219, 'samples': 68328}
test1	idx_mode=all	{'values': (312, 1, 26304), 'individual_context': None, 'global_context': None, 'sampled_individuals': 312, 'sampled_dates': 219, 'samples': 68328}
2026-08-06 22:22:55,460 INFO [training.train] Batch:
 batches=train=1, valid1=267, test1=267
 inputs=[1, 1, 168]
 targets=[1, 1, 24]
 individual_context=None
 global_context=None
2026-08-06 22:22:55,468 INFO [training.train] training epochs=10000 steps_per_epoch=1 total_steps=10000 valid_eval_freq=1000 logging_eval_freq=1000
2026-08-06 22:23:09,582 INFO [training.train] step=1000 train_batch={'nmse': 0.5911283786669373}
2026-08-06 22:23:13,594 INFO [training.train] step=1000 valid[valid1]={'mse': 0.4770819354298308, 'nmse': 0.4770819354298308, 'mae': 0.4238444017413926, 'nmae': 0.4238444017413926, 'relative_mse': 0.07839671045882554}
2026-08-06 22:23:27,696 INFO [training.train] step=2000 train_batch={'nmse': 0.477607865229249}
2026-08-06 22:23:31,614 INFO [training.train] step=2000 valid[valid1]={'mse': 0.44692965859863987, 'nmse': 0.44692965859863987, 'mae': 0.405193631600539, 'nmae': 0.405193631600539, 'relative_mse': 0.07172326050099466}
2026-08-06 22:23:45,739 INFO [training.train] step=3000 train_batch={'nmse': 0.38523165150731803}
2026-08-06 22:23:49,733 INFO [training.train] step=3000 valid[valid1]={'mse': 0.4215623725099381, 'nmse': 0.4215623725099381, 'mae': 0.3883255394049524, 'nmae': 0.3883255394049524, 'relative_mse': 0.06537810200267405}
2026-08-06 22:24:03,834 INFO [training.train] step=4000 train_batch={'nmse': 0.33224458922445776}
2026-08-06 22:24:07,780 INFO [training.train] step=4000 valid[valid1]={'mse': 0.4098629819534052, 'nmse': 0.4098629819534052, 'mae': 0.3781358553394335, 'nmae': 0.3781358553394335, 'relative_mse': 0.06314969977473495}
2026-08-06 22:24:21,874 INFO [training.train] step=5000 train_batch={'nmse': 6.667918632332236}
2026-08-06 22:24:25,920 INFO [training.train] step=5000 valid[valid1]={'mse': 0.40210860643594154, 'nmse': 0.40210860643594154, 'mae': 0.37225303289617934, 'nmae': 0.37225303289617934, 'relative_mse': 0.06135086760524471}
2026-08-06 22:24:40,024 INFO [training.train] step=6000 train_batch={'nmse': 0.33490378851071}
2026-08-06 22:24:43,929 INFO [training.train] step=6000 valid[valid1]={'mse': 0.3919436492699583, 'nmse': 0.3919436492699583, 'mae': 0.3658644271967902, 'nmae': 0.3658644271967902, 'relative_mse': 0.05907295826135268}
2026-08-06 22:24:58,026 INFO [training.train] step=7000 train_batch={'nmse': 0.3014649526067078}
2026-08-06 22:25:02,031 INFO [training.train] step=7000 valid[valid1]={'mse': 0.3913336424341303, 'nmse': 0.3913336424341303, 'mae': 0.3657350432596883, 'nmae': 0.3657350432596883, 'relative_mse': 0.05848833772368767}
2026-08-06 22:25:16,142 INFO [training.train] step=8000 train_batch={'nmse': 0.32730646831542254}
2026-08-06 22:25:20,060 INFO [training.train] step=8000 valid[valid1]={'mse': 0.38015296539871185, 'nmse': 0.38015296539871185, 'mae': 0.35427378331526693, 'nmae': 0.35427378331526693, 'relative_mse': 0.05635557201015388}
2026-08-06 22:25:34,163 INFO [training.train] step=9000 train_batch={'nmse': 0.3467875261493027}
2026-08-06 22:25:38,153 INFO [training.train] step=9000 valid[valid1]={'mse': 0.3731412104847922, 'nmse': 0.3731412104847922, 'mae': 0.34799521167491465, 'nmae': 0.34799521167491465, 'relative_mse': 0.05519236021808963}
2026-08-06 22:25:52,249 INFO [training.train] step=10000 train_batch={'nmse': 0.3099357414916158}
2026-08-06 22:25:56,160 INFO [training.train] step=10000 valid[valid1]={'mse': 0.37912407266783343, 'nmse': 0.37912407266783343, 'mae': 0.35576234434963233, 'nmae': 0.35576234434963233, 'relative_mse': 0.05621629951290805}
2026-08-06 22:25:56,160 INFO [training.train] training_done steps=10000 seconds=180.69
2026-08-06 22:25:56,342 INFO [__main__] saved criterion_loss=criterion_loss.pdf
2026-08-06 22:25:56,342 INFO [__main__] training done
2026-08-06 22:25:56,342 INFO [__main__] evaluation start
2026-08-06 22:26:14,287 INFO [__main__] evaluation done
2026-08-06 22:26:14,287 INFO [__main__] experiment done seconds=912.68
2026-08-06 22:26:14,287 INFO [__main__] ========================================================================
2026-08-06 22:26:14,296 INFO [__main__] ========================================================================
2026-08-06 22:26:14,296 INFO [__main__] experiment model=patchtst out=/home/h61084/codes/timetensors/outputs/constants/electricity/168_24/patchtst_remove_train_windows/seed_3 rebuild_dataset=False evaluate=True
2026-08-06 22:26:14,296 INFO [__main__] stats recompute=True
2026-08-06 22:26:14,296 INFO [__main__] dataset rebuild skipped
2026-08-06 22:26:14,296 INFO [__main__] training start
2026-08-06 22:38:01,754 INFO [training.train] device requested=gpu resolved=cuda:0 cuda=True
2026-08-06 22:38:01,764 INFO [training.train] data_shape=[168, 1, 24]
2026-08-06 22:38:01,764 INFO [training.train] Splits:
train	idx_mode=random	{'values': (312, 1, 26304), 'individual_context': None, 'global_context': None, 'sampled_individuals': 312, 'sampled_dates': 15591, 'samples': 1}
valid1	idx_mode=all	{'values': (312, 1, 26304), 'individual_context': None, 'global_context': None, 'sampled_individuals': 312, 'sampled_dates': 219, 'samples': 68328}
test1	idx_mode=all	{'values': (312, 1, 26304), 'individual_context': None, 'global_context': None, 'sampled_individuals': 312, 'sampled_dates': 219, 'samples': 68328}
2026-08-06 22:38:01,764 INFO [training.train] Batch:
 batches=train=1, valid1=267, test1=267
 inputs=[1, 1, 168]
 targets=[1, 1, 24]
 individual_context=None
 global_context=None
2026-08-06 22:38:01,772 INFO [training.train] training epochs=10000 steps_per_epoch=1 total_steps=10000 valid_eval_freq=1000 logging_eval_freq=1000
2026-08-06 22:38:15,890 INFO [training.train] step=1000 train_batch={'nmse': 0.5719230344444514}
2026-08-06 22:38:19,958 INFO [training.train] step=1000 valid[valid1]={'mse': 0.47078491722779564, 'nmse': 0.47078491722779564, 'mae': 0.41252644425025053, 'nmae': 0.41252644425025053, 'relative_mse': 0.07801832454161664}
2026-08-06 22:38:34,075 INFO [training.train] step=2000 train_batch={'nmse': 0.4088023745790124}
2026-08-06 22:38:38,012 INFO [training.train] step=2000 valid[valid1]={'mse': 0.44393565705652255, 'nmse': 0.44393565705652255, 'mae': 0.40129748929027503, 'nmae': 0.40129748929027503, 'relative_mse': 0.07087718440652363}
2026-08-06 22:38:52,120 INFO [training.train] step=3000 train_batch={'nmse': 3.5852061898112297}
2026-08-06 22:38:56,131 INFO [training.train] step=3000 valid[valid1]={'mse': 0.43270645659696494, 'nmse': 0.43270645659696494, 'mae': 0.39751981325740954, 'nmae': 0.39751981325740954, 'relative_mse': 0.06695436895375173}
2026-08-06 22:39:10,249 INFO [training.train] step=4000 train_batch={'nmse': 0.4279265295155346}
2026-08-06 22:39:14,203 INFO [training.train] step=4000 valid[valid1]={'mse': 0.40184791029576644, 'nmse': 0.40184791029576644, 'mae': 0.3676753258326431, 'nmae': 0.3676753258326431, 'relative_mse': 0.06200945455045484}
2026-08-06 22:39:28,308 INFO [training.train] step=5000 train_batch={'nmse': 0.37714329273998737}
2026-08-06 22:39:32,350 INFO [training.train] step=5000 valid[valid1]={'mse': 0.391209109756356, 'nmse': 0.391209109756356, 'mae': 0.36121383839392746, 'nmae': 0.36121383839392746, 'relative_mse': 0.05959670876691805}
2026-08-06 22:39:46,464 INFO [training.train] step=6000 train_batch={'nmse': 0.33132330647855995}
2026-08-06 22:39:50,407 INFO [training.train] step=6000 valid[valid1]={'mse': 0.38813879171393123, 'nmse': 0.38813879171393123, 'mae': 0.360073901356111, 'nmae': 0.360073901356111, 'relative_mse': 0.058205243449986586}
2026-08-06 22:40:04,526 INFO [training.train] step=7000 train_batch={'nmse': 0.3083417323492467}
2026-08-06 22:40:08,525 INFO [training.train] step=7000 valid[valid1]={'mse': 0.38950410395591994, 'nmse': 0.38950410395591994, 'mae': 0.3620980008212436, 'nmae': 0.3620980008212436, 'relative_mse': 0.05794667744484866}
2026-08-06 22:40:22,645 INFO [training.train] step=8000 train_batch={'nmse': 0.2940062891766429}
2026-08-06 22:40:26,587 INFO [training.train] step=8000 valid[valid1]={'mse': 0.3819528551499561, 'nmse': 0.3819528551499561, 'mae': 0.3568031114665266, 'nmae': 0.3568031114665266, 'relative_mse': 0.056322685375949824}
2026-08-06 22:40:40,715 INFO [training.train] step=9000 train_batch={'nmse': 0.2723323392346501}
2026-08-06 22:40:44,764 INFO [training.train] step=9000 valid[valid1]={'mse': 0.3740336321716225, 'nmse': 0.3740336321716225, 'mae': 0.3478674550472013, 'nmae': 0.3478674550472013, 'relative_mse': 0.055474745768069274}
2026-08-06 22:40:58,870 INFO [training.train] step=10000 train_batch={'nmse': 0.461059059381485}
2026-08-06 22:41:02,803 INFO [training.train] step=10000 valid[valid1]={'mse': 0.37265498073440767, 'nmse': 0.37265498073440767, 'mae': 0.34732892365048634, 'nmae': 0.34732892365048634, 'relative_mse': 0.054800847396170214}
2026-08-06 22:41:02,803 INFO [training.train] training_done steps=10000 seconds=181.03
2026-08-06 22:41:02,977 INFO [__main__] saved criterion_loss=criterion_loss.pdf
2026-08-06 22:41:02,977 INFO [__main__] training done
2026-08-06 22:41:02,977 INFO [__main__] evaluation start
2026-08-06 22:41:21,028 INFO [__main__] evaluation done
2026-08-06 22:41:21,029 INFO [__main__] experiment done seconds=906.74
2026-08-06 22:41:21,029 INFO [__main__] ========================================================================

2026-08-06T22:41:21+02:00 configuration dataset=electricity lags=168 horizon=24 method=patchtst_remove_eval_windows module=scripts.experiment requested_seeds=1,2,3 run_seeds=1,2,3 data_root=/home/h61084/codes/timetensors/../datasets train_sampling=random train_stride=1 eval_sampling=all eval_stride=24 batch_size=256 learning_rate=1e-5 epochs=10000 rebuild_dataset=false rebuild_reason=not_needed overrides=+model.name=patchtst +model.path=patchtst +normalization.name=instance +data.sampling.remove_train_cte=false +data.sampling.remove_eval_cte=true ++data.sampling.drop_train_constant_individuals=false ++data.sampling.drop_eval_constant_individuals=false
2026-08-06 22:41:26,160 INFO [__main__] ========================================================================
2026-08-06 22:41:26,160 INFO [__main__] experiment model=patchtst out=/home/h61084/codes/timetensors/outputs/constants/electricity/168_24/patchtst_remove_eval_windows/seed_1 rebuild_dataset=False evaluate=True
2026-08-06 22:41:26,161 INFO [__main__] stats recompute=True
2026-08-06 22:41:26,161 INFO [__main__] dataset rebuild skipped
2026-08-06 22:41:26,161 INFO [__main__] training start
2026-08-06 22:46:07,609 INFO [training.train] device requested=gpu resolved=cuda:0 cuda=True
2026-08-06 22:46:07,611 INFO [training.train] data_shape=[168, 1, 24]
2026-08-06 22:46:07,611 INFO [training.train] Splits:
train	idx_mode=random	{'values': (312, 1, 26304), 'individual_context': None, 'global_context': None, 'sampled_individuals': 312, 'sampled_dates': 15591, 'samples': 1}
valid1	idx_mode=all	{'values': (312, 1, 26304), 'individual_context': None, 'global_context': None, 'sampled_individuals': 312, 'sampled_dates': 219, 'samples': 68328}
test1	idx_mode=all	{'values': (312, 1, 26304), 'individual_context': None, 'global_context': None, 'sampled_individuals': 312, 'sampled_dates': 219, 'samples': 68328}
2026-08-06 22:46:07,611 INFO [training.train] Batch:
 batches=train=1, valid1=267, test1=267
 inputs=[1, 1, 168]
 targets=[1, 1, 24]
 individual_context=None
 global_context=None
2026-08-06 22:46:07,617 INFO [training.train] training epochs=10000 steps_per_epoch=1 total_steps=10000 valid_eval_freq=1000 logging_eval_freq=1000
2026-08-06 22:46:15,444 INFO [training.train] step=1000 train_batch={'nmse': 0.5627178917080164}
2026-08-06 22:46:21,242 INFO [training.train] step=1000 valid[valid1]={'mse': 0.47193070918499563, 'nmse': 0.47193070918499563, 'mae': 0.4204811454540402, 'nmae': 0.4204811454540402, 'relative_mse': 0.07672439004695374}
2026-08-06 22:46:26,928 INFO [training.train] step=2000 train_batch={'nmse': 0.3784543227478862}
2026-08-06 22:46:32,839 INFO [training.train] step=2000 valid[valid1]={'mse': 0.4380137717440513, 'nmse': 0.4380137717440513, 'mae': 0.3983011080845315, 'nmae': 0.3983011080845315, 'relative_mse': 0.06990510371615037}
2026-08-06 22:46:38,515 INFO [training.train] step=3000 train_batch={'nmse': 0.37094319964572786}
2026-08-06 22:46:44,419 INFO [training.train] step=3000 valid[valid1]={'mse': 0.4105424631983234, 'nmse': 0.4105424631983234, 'mae': 0.37741491462681614, 'nmae': 0.37741491462681614, 'relative_mse': 0.06385315756549723}
2026-08-06 22:46:50,097 INFO [training.train] step=4000 train_batch={'nmse': 0.35372008034586905}
2026-08-06 22:46:55,890 INFO [training.train] step=4000 valid[valid1]={'mse': 0.4043384676017206, 'nmse': 0.4043384676017206, 'mae': 0.3755911992453479, 'nmae': 0.3755911992453479, 'relative_mse': 0.06143382480690417}
2026-08-06 22:47:01,570 INFO [training.train] step=5000 train_batch={'nmse': 0.32279424522444605}
2026-08-06 22:47:07,486 INFO [training.train] step=5000 valid[valid1]={'mse': 0.388334894517134, 'nmse': 0.388334894517134, 'mae': 0.3599478638954224, 'nmae': 0.3599478638954224, 'relative_mse': 0.05866041651692532}
2026-08-06 22:47:13,161 INFO [training.train] step=6000 train_batch={'nmse': 0.32625009592622517}
2026-08-06 22:47:19,045 INFO [training.train] step=6000 valid[valid1]={'mse': 0.3926568357167439, 'nmse': 0.3926568357167439, 'mae': 0.3670890947157385, 'nmae': 0.3670890947157385, 'relative_mse': 0.05862300004602916}
2026-08-06 22:47:24,713 INFO [training.train] step=7000 train_batch={'nmse': 0.3386483423039317}
2026-08-06 22:47:30,502 INFO [training.train] step=7000 valid[valid1]={'mse': 0.3777223590832518, 'nmse': 0.3777223590832518, 'mae': 0.34989442041103286, 'nmae': 0.34989442041103286, 'relative_mse': 0.05650538909315705}
2026-08-06 22:47:36,175 INFO [training.train] step=8000 train_batch={'nmse': 0.2954446645528078}
2026-08-06 22:47:42,049 INFO [training.train] step=8000 valid[valid1]={'mse': 0.3724949299319122, 'nmse': 0.3724949299319122, 'mae': 0.3446916579381367, 'nmae': 0.3446916579381367, 'relative_mse': 0.055906285866684995}
2026-08-06 22:47:47,727 INFO [training.train] step=9000 train_batch={'nmse': 0.36038268057629463}
2026-08-06 22:47:53,597 INFO [training.train] step=9000 valid[valid1]={'mse': 0.37687569723816716, 'nmse': 0.37687569723816716, 'mae': 0.34979240870962414, 'nmae': 0.34979240870962414, 'relative_mse': 0.05580892246221624}
2026-08-06 22:47:59,270 INFO [training.train] step=10000 train_batch={'nmse': 0.2727277675122023}
2026-08-06 22:48:05,083 INFO [training.train] step=10000 valid[valid1]={'mse': 0.3694207929119835, 'nmse': 0.3694207929119835, 'mae': 0.34271089569986257, 'nmae': 0.34271089569986257, 'relative_mse': 0.054788893486117936}
2026-08-06 22:48:05,083 INFO [training.train] training_done steps=10000 seconds=117.47
2026-08-06 22:48:05,451 INFO [__main__] saved criterion_loss=criterion_loss.pdf
2026-08-06 22:48:05,451 INFO [__main__] training done
2026-08-06 22:48:05,451 INFO [__main__] evaluation start
2026-08-06 22:48:31,087 INFO [__main__] evaluation done
2026-08-06 22:48:31,087 INFO [__main__] experiment done seconds=424.93
2026-08-06 22:48:31,087 INFO [__main__] ========================================================================
2026-08-06 22:48:31,099 INFO [__main__] ========================================================================
2026-08-06 22:48:31,100 INFO [__main__] experiment model=patchtst out=/home/h61084/codes/timetensors/outputs/constants/electricity/168_24/patchtst_remove_eval_windows/seed_2 rebuild_dataset=False evaluate=True
2026-08-06 22:48:31,100 INFO [__main__] stats recompute=True
2026-08-06 22:48:31,100 INFO [__main__] dataset rebuild skipped
2026-08-06 22:48:31,100 INFO [__main__] training start
2026-08-06 22:53:10,151 INFO [training.train] device requested=gpu resolved=cuda:0 cuda=True
2026-08-06 22:53:10,152 INFO [training.train] data_shape=[168, 1, 24]
2026-08-06 22:53:10,152 INFO [training.train] Splits:
train	idx_mode=random	{'values': (312, 1, 26304), 'individual_context': None, 'global_context': None, 'sampled_individuals': 312, 'sampled_dates': 15591, 'samples': 1}
valid1	idx_mode=all	{'values': (312, 1, 26304), 'individual_context': None, 'global_context': None, 'sampled_individuals': 312, 'sampled_dates': 219, 'samples': 68328}
test1	idx_mode=all	{'values': (312, 1, 26304), 'individual_context': None, 'global_context': None, 'sampled_individuals': 312, 'sampled_dates': 219, 'samples': 68328}
2026-08-06 22:53:10,152 INFO [training.train] Batch:
 batches=train=1, valid1=267, test1=267
 inputs=[1, 1, 168]
 targets=[1, 1, 24]
 individual_context=None
 global_context=None
2026-08-06 22:53:10,159 INFO [training.train] training epochs=10000 steps_per_epoch=1 total_steps=10000 valid_eval_freq=1000 logging_eval_freq=1000
2026-08-06 22:53:15,847 INFO [training.train] step=1000 train_batch={'nmse': 0.5911283786669373}
2026-08-06 22:53:21,732 INFO [training.train] step=1000 valid[valid1]={'mse': 0.4770819354298308, 'nmse': 0.4770819354298308, 'mae': 0.4238444017413926, 'nmae': 0.4238444017413926, 'relative_mse': 0.07839671045882554}
2026-08-06 22:53:27,433 INFO [training.train] step=2000 train_batch={'nmse': 0.477607865229249}
2026-08-06 22:53:33,344 INFO [training.train] step=2000 valid[valid1]={'mse': 0.44692965859863987, 'nmse': 0.44692965859863987, 'mae': 0.405193631600539, 'nmae': 0.405193631600539, 'relative_mse': 0.07172326050099466}
2026-08-06 22:53:39,040 INFO [training.train] step=3000 train_batch={'nmse': 0.38523165150731803}
2026-08-06 22:53:44,884 INFO [training.train] step=3000 valid[valid1]={'mse': 0.4215623725099381, 'nmse': 0.4215623725099381, 'mae': 0.3883255394049524, 'nmae': 0.3883255394049524, 'relative_mse': 0.06537810200267405}
2026-08-06 22:53:50,575 INFO [training.train] step=4000 train_batch={'nmse': 0.33224458922445776}
2026-08-06 22:53:56,502 INFO [training.train] step=4000 valid[valid1]={'mse': 0.4098629819534052, 'nmse': 0.4098629819534052, 'mae': 0.3781358553394335, 'nmae': 0.3781358553394335, 'relative_mse': 0.06314969977473495}
2026-08-06 22:54:02,197 INFO [training.train] step=5000 train_batch={'nmse': 6.667918632332236}
2026-08-06 22:54:08,119 INFO [training.train] step=5000 valid[valid1]={'mse': 0.40210860643594154, 'nmse': 0.40210860643594154, 'mae': 0.37225303289617934, 'nmae': 0.37225303289617934, 'relative_mse': 0.06135086760524471}
2026-08-06 22:54:13,821 INFO [training.train] step=6000 train_batch={'nmse': 0.33490378851071}
2026-08-06 22:54:19,677 INFO [training.train] step=6000 valid[valid1]={'mse': 0.3919436492699583, 'nmse': 0.3919436492699583, 'mae': 0.3658644271967902, 'nmae': 0.3658644271967902, 'relative_mse': 0.05907295826135268}
2026-08-06 22:54:25,375 INFO [training.train] step=7000 train_batch={'nmse': 0.3014649526067078}
2026-08-06 22:54:31,314 INFO [training.train] step=7000 valid[valid1]={'mse': 0.3913336424341303, 'nmse': 0.3913336424341303, 'mae': 0.3657350432596883, 'nmae': 0.3657350432596883, 'relative_mse': 0.05848833772368767}
2026-08-06 22:54:37,015 INFO [training.train] step=8000 train_batch={'nmse': 0.32730646831542254}
2026-08-06 22:54:42,839 INFO [training.train] step=8000 valid[valid1]={'mse': 0.38015296539871185, 'nmse': 0.38015296539871185, 'mae': 0.35427378331526693, 'nmae': 0.35427378331526693, 'relative_mse': 0.05635557201015388}
2026-08-06 22:54:48,536 INFO [training.train] step=9000 train_batch={'nmse': 0.3467875261493027}
2026-08-06 22:54:54,471 INFO [training.train] step=9000 valid[valid1]={'mse': 0.3731412104847922, 'nmse': 0.3731412104847922, 'mae': 0.34799521167491465, 'nmae': 0.34799521167491465, 'relative_mse': 0.05519236021808963}
2026-08-06 22:55:00,166 INFO [training.train] step=10000 train_batch={'nmse': 0.3099357414916158}
2026-08-06 22:55:05,990 INFO [training.train] step=10000 valid[valid1]={'mse': 0.37912407266783343, 'nmse': 0.37912407266783343, 'mae': 0.35576234434963233, 'nmae': 0.35576234434963233, 'relative_mse': 0.05621629951290805}
2026-08-06 22:55:05,990 INFO [training.train] training_done steps=10000 seconds=115.83
2026-08-06 22:55:06,174 INFO [__main__] saved criterion_loss=criterion_loss.pdf
2026-08-06 22:55:06,174 INFO [__main__] training done
2026-08-06 22:55:06,174 INFO [__main__] evaluation start
2026-08-06 22:55:32,166 INFO [__main__] evaluation done
2026-08-06 22:55:32,166 INFO [__main__] experiment done seconds=421.07
2026-08-06 22:55:32,166 INFO [__main__] ========================================================================
2026-08-06 22:55:32,175 INFO [__main__] ========================================================================
2026-08-06 22:55:32,175 INFO [__main__] experiment model=patchtst out=/home/h61084/codes/timetensors/outputs/constants/electricity/168_24/patchtst_remove_eval_windows/seed_3 rebuild_dataset=False evaluate=True
2026-08-06 22:55:32,175 INFO [__main__] stats recompute=True
2026-08-06 22:55:32,175 INFO [__main__] dataset rebuild skipped
2026-08-06 22:55:32,175 INFO [__main__] training start
2026-08-06 23:00:12,835 INFO [training.train] device requested=gpu resolved=cuda:0 cuda=True
2026-08-06 23:00:12,836 INFO [training.train] data_shape=[168, 1, 24]
2026-08-06 23:00:12,836 INFO [training.train] Splits:
train	idx_mode=random	{'values': (312, 1, 26304), 'individual_context': None, 'global_context': None, 'sampled_individuals': 312, 'sampled_dates': 15591, 'samples': 1}
valid1	idx_mode=all	{'values': (312, 1, 26304), 'individual_context': None, 'global_context': None, 'sampled_individuals': 312, 'sampled_dates': 219, 'samples': 68328}
test1	idx_mode=all	{'values': (312, 1, 26304), 'individual_context': None, 'global_context': None, 'sampled_individuals': 312, 'sampled_dates': 219, 'samples': 68328}
2026-08-06 23:00:12,836 INFO [training.train] Batch:
 batches=train=1, valid1=267, test1=267
 inputs=[1, 1, 168]
 targets=[1, 1, 24]
 individual_context=None
 global_context=None
2026-08-06 23:00:12,844 INFO [training.train] training epochs=10000 steps_per_epoch=1 total_steps=10000 valid_eval_freq=1000 logging_eval_freq=1000
2026-08-06 23:00:18,549 INFO [training.train] step=1000 train_batch={'nmse': 0.5719230344444514}
2026-08-06 23:00:24,475 INFO [training.train] step=1000 valid[valid1]={'mse': 0.47078491722779564, 'nmse': 0.47078491722779564, 'mae': 0.41252644425025053, 'nmae': 0.41252644425025053, 'relative_mse': 0.07801832454161664}
2026-08-06 23:00:30,179 INFO [training.train] step=2000 train_batch={'nmse': 0.4088023745790124}
2026-08-06 23:00:36,104 INFO [training.train] step=2000 valid[valid1]={'mse': 0.44393565705652255, 'nmse': 0.44393565705652255, 'mae': 0.40129748929027503, 'nmae': 0.40129748929027503, 'relative_mse': 0.07087718440652363}
2026-08-06 23:00:41,810 INFO [training.train] step=3000 train_batch={'nmse': 3.5852061898112297}
2026-08-06 23:00:47,646 INFO [training.train] step=3000 valid[valid1]={'mse': 0.43270645659696494, 'nmse': 0.43270645659696494, 'mae': 0.39751981325740954, 'nmae': 0.39751981325740954, 'relative_mse': 0.06695436895375173}
2026-08-06 23:00:53,350 INFO [training.train] step=4000 train_batch={'nmse': 0.4279265295155346}
2026-08-06 23:00:59,270 INFO [training.train] step=4000 valid[valid1]={'mse': 0.40184791029576644, 'nmse': 0.40184791029576644, 'mae': 0.3676753258326431, 'nmae': 0.3676753258326431, 'relative_mse': 0.06200945455045484}
2026-08-06 23:01:04,972 INFO [training.train] step=5000 train_batch={'nmse': 0.37714329273998737}
2026-08-06 23:01:10,822 INFO [training.train] step=5000 valid[valid1]={'mse': 0.391209109756356, 'nmse': 0.391209109756356, 'mae': 0.36121383839392746, 'nmae': 0.36121383839392746, 'relative_mse': 0.05959670876691805}
2026-08-06 23:01:16,529 INFO [training.train] step=6000 train_batch={'nmse': 0.33132330647855995}
2026-08-06 23:01:22,447 INFO [training.train] step=6000 valid[valid1]={'mse': 0.38813879171393123, 'nmse': 0.38813879171393123, 'mae': 0.360073901356111, 'nmae': 0.360073901356111, 'relative_mse': 0.058205243449986586}
2026-08-06 23:01:28,163 INFO [training.train] step=7000 train_batch={'nmse': 0.3083417323492467}
2026-08-06 23:01:33,998 INFO [training.train] step=7000 valid[valid1]={'mse': 0.38950410395591994, 'nmse': 0.38950410395591994, 'mae': 0.3620980008212436, 'nmae': 0.3620980008212436, 'relative_mse': 0.05794667744484866}
2026-08-06 23:01:39,708 INFO [training.train] step=8000 train_batch={'nmse': 0.2940062891766429}
2026-08-06 23:01:45,629 INFO [training.train] step=8000 valid[valid1]={'mse': 0.3819528551499561, 'nmse': 0.3819528551499561, 'mae': 0.3568031114665266, 'nmae': 0.3568031114665266, 'relative_mse': 0.056322685375949824}
2026-08-06 23:01:51,334 INFO [training.train] step=9000 train_batch={'nmse': 0.2723323392346501}
2026-08-06 23:01:57,125 INFO [training.train] step=9000 valid[valid1]={'mse': 0.3740336321716225, 'nmse': 0.3740336321716225, 'mae': 0.3478674550472013, 'nmae': 0.3478674550472013, 'relative_mse': 0.055474745768069274}
2026-08-06 23:02:02,830 INFO [training.train] step=10000 train_batch={'nmse': 0.461059059381485}
2026-08-06 23:02:08,722 INFO [training.train] step=10000 valid[valid1]={'mse': 0.37265498073440767, 'nmse': 0.37265498073440767, 'mae': 0.34732892365048634, 'nmae': 0.34732892365048634, 'relative_mse': 0.054800847396170214}
2026-08-06 23:02:08,722 INFO [training.train] training_done steps=10000 seconds=115.88
2026-08-06 23:02:08,894 INFO [__main__] saved criterion_loss=criterion_loss.pdf
2026-08-06 23:02:08,894 INFO [__main__] training done
2026-08-06 23:02:08,894 INFO [__main__] evaluation start
2026-08-06 23:02:34,423 INFO [__main__] evaluation done
2026-08-06 23:02:34,423 INFO [__main__] experiment done seconds=422.25
2026-08-06 23:02:34,423 INFO [__main__] ========================================================================

2026-08-06T23:02:35+02:00 configuration dataset=electricity lags=168 horizon=24 method=patchtst_remove_all_windows module=scripts.experiment requested_seeds=1,2,3 run_seeds=1,2,3 data_root=/home/h61084/codes/timetensors/../datasets train_sampling=random train_stride=1 eval_sampling=all eval_stride=24 batch_size=256 learning_rate=1e-5 epochs=10000 rebuild_dataset=false rebuild_reason=not_needed overrides=+model.name=patchtst +model.path=patchtst +normalization.name=instance +data.sampling.remove_train_cte=true +data.sampling.remove_eval_cte=true ++data.sampling.drop_train_constant_individuals=false ++data.sampling.drop_eval_constant_individuals=false
2026-08-06 23:02:39,451 INFO [__main__] ========================================================================
2026-08-06 23:02:39,451 INFO [__main__] experiment model=patchtst out=/home/h61084/codes/timetensors/outputs/constants/electricity/168_24/patchtst_remove_all_windows/seed_1 rebuild_dataset=False evaluate=True
2026-08-06 23:02:39,451 INFO [__main__] stats recompute=True
2026-08-06 23:02:39,451 INFO [__main__] dataset rebuild skipped
2026-08-06 23:02:39,451 INFO [__main__] training start
2026-08-06 23:14:55,867 INFO [training.train] device requested=gpu resolved=cuda:0 cuda=True
2026-08-06 23:14:55,877 INFO [training.train] data_shape=[168, 1, 24]
2026-08-06 23:14:55,877 INFO [training.train] Splits:
train	idx_mode=random	{'values': (312, 1, 26304), 'individual_context': None, 'global_context': None, 'sampled_individuals': 312, 'sampled_dates': 15591, 'samples': 1}
valid1	idx_mode=all	{'values': (312, 1, 26304), 'individual_context': None, 'global_context': None, 'sampled_individuals': 312, 'sampled_dates': 219, 'samples': 68328}
test1	idx_mode=all	{'values': (312, 1, 26304), 'individual_context': None, 'global_context': None, 'sampled_individuals': 312, 'sampled_dates': 219, 'samples': 68328}
2026-08-06 23:14:55,877 INFO [training.train] Batch:
 batches=train=1, valid1=267, test1=267
 inputs=[1, 1, 168]
 targets=[1, 1, 24]
 individual_context=None
 global_context=None
2026-08-06 23:14:55,884 INFO [training.train] training epochs=10000 steps_per_epoch=1 total_steps=10000 valid_eval_freq=1000 logging_eval_freq=1000
2026-08-06 23:15:12,177 INFO [training.train] step=1000 train_batch={'nmse': 0.5627178917080164}
2026-08-06 23:15:18,071 INFO [training.train] step=1000 valid[valid1]={'mse': 0.47193070918499563, 'nmse': 0.47193070918499563, 'mae': 0.4204811454540402, 'nmae': 0.4204811454540402, 'relative_mse': 0.07672439004695374}
2026-08-06 23:15:32,211 INFO [training.train] step=2000 train_batch={'nmse': 0.3784543227478862}
2026-08-06 23:15:38,166 INFO [training.train] step=2000 valid[valid1]={'mse': 0.4380137717440513, 'nmse': 0.4380137717440513, 'mae': 0.3983011080845315, 'nmae': 0.3983011080845315, 'relative_mse': 0.06990510371615037}
2026-08-06 23:15:52,300 INFO [training.train] step=3000 train_batch={'nmse': 0.37094319964572786}
2026-08-06 23:15:58,270 INFO [training.train] step=3000 valid[valid1]={'mse': 0.4105424631983234, 'nmse': 0.4105424631983234, 'mae': 0.37741491462681614, 'nmae': 0.37741491462681614, 'relative_mse': 0.06385315756549723}
2026-08-06 23:16:12,400 INFO [training.train] step=4000 train_batch={'nmse': 0.35372008034586905}
2026-08-06 23:16:18,287 INFO [training.train] step=4000 valid[valid1]={'mse': 0.4043384676017206, 'nmse': 0.4043384676017206, 'mae': 0.3755911992453479, 'nmae': 0.3755911992453479, 'relative_mse': 0.06143382480690417}
2026-08-06 23:16:32,406 INFO [training.train] step=5000 train_batch={'nmse': 0.32279424522444605}
2026-08-06 23:16:38,382 INFO [training.train] step=5000 valid[valid1]={'mse': 0.388334894517134, 'nmse': 0.388334894517134, 'mae': 0.3599478638954224, 'nmae': 0.3599478638954224, 'relative_mse': 0.05866041651692532}
2026-08-06 23:16:52,531 INFO [training.train] step=6000 train_batch={'nmse': 0.32625009592622517}
2026-08-06 23:16:58,463 INFO [training.train] step=6000 valid[valid1]={'mse': 0.3926568357167439, 'nmse': 0.3926568357167439, 'mae': 0.3670890947157385, 'nmae': 0.3670890947157385, 'relative_mse': 0.05862300004602916}
2026-08-06 23:17:12,585 INFO [training.train] step=7000 train_batch={'nmse': 0.3386483423039317}
2026-08-06 23:17:18,460 INFO [training.train] step=7000 valid[valid1]={'mse': 0.3777223590832518, 'nmse': 0.3777223590832518, 'mae': 0.34989442041103286, 'nmae': 0.34989442041103286, 'relative_mse': 0.05650538909315705}
2026-08-06 23:17:32,597 INFO [training.train] step=8000 train_batch={'nmse': 0.2954446645528078}
2026-08-06 23:17:38,572 INFO [training.train] step=8000 valid[valid1]={'mse': 0.3724949299319122, 'nmse': 0.3724949299319122, 'mae': 0.3446916579381367, 'nmae': 0.3446916579381367, 'relative_mse': 0.055906285866684995}
2026-08-06 23:17:52,712 INFO [training.train] step=9000 train_batch={'nmse': 0.36038268057629463}
2026-08-06 23:17:58,657 INFO [training.train] step=9000 valid[valid1]={'mse': 0.37687569723816716, 'nmse': 0.37687569723816716, 'mae': 0.34979240870962414, 'nmae': 0.34979240870962414, 'relative_mse': 0.05580892246221624}
2026-08-06 23:18:12,779 INFO [training.train] step=10000 train_batch={'nmse': 0.2727277675122023}
2026-08-06 23:18:18,654 INFO [training.train] step=10000 valid[valid1]={'mse': 0.3694207929119835, 'nmse': 0.3694207929119835, 'mae': 0.34271089569986257, 'nmae': 0.34271089569986257, 'relative_mse': 0.054788893486117936}
2026-08-06 23:18:18,654 INFO [training.train] training_done steps=10000 seconds=202.77
2026-08-06 23:18:19,016 INFO [__main__] saved criterion_loss=criterion_loss.pdf
2026-08-06 23:18:19,016 INFO [__main__] training done
2026-08-06 23:18:19,016 INFO [__main__] evaluation start
2026-08-06 23:18:45,314 INFO [__main__] evaluation done
2026-08-06 23:18:45,314 INFO [__main__] experiment done seconds=965.87
2026-08-06 23:18:45,314 INFO [__main__] ========================================================================
2026-08-06 23:18:45,325 INFO [__main__] ========================================================================
2026-08-06 23:18:45,325 INFO [__main__] experiment model=patchtst out=/home/h61084/codes/timetensors/outputs/constants/electricity/168_24/patchtst_remove_all_windows/seed_2 rebuild_dataset=False evaluate=True
2026-08-06 23:18:45,325 INFO [__main__] stats recompute=True
2026-08-06 23:18:45,325 INFO [__main__] dataset rebuild skipped
2026-08-06 23:18:45,326 INFO [__main__] training start
2026-08-06 23:31:00,680 INFO [training.train] device requested=gpu resolved=cuda:0 cuda=True
2026-08-06 23:31:00,690 INFO [training.train] data_shape=[168, 1, 24]
2026-08-06 23:31:00,690 INFO [training.train] Splits:
train	idx_mode=random	{'values': (312, 1, 26304), 'individual_context': None, 'global_context': None, 'sampled_individuals': 312, 'sampled_dates': 15591, 'samples': 1}
valid1	idx_mode=all	{'values': (312, 1, 26304), 'individual_context': None, 'global_context': None, 'sampled_individuals': 312, 'sampled_dates': 219, 'samples': 68328}
test1	idx_mode=all	{'values': (312, 1, 26304), 'individual_context': None, 'global_context': None, 'sampled_individuals': 312, 'sampled_dates': 219, 'samples': 68328}
2026-08-06 23:31:00,690 INFO [training.train] Batch:
 batches=train=1, valid1=267, test1=267
 inputs=[1, 1, 168]
 targets=[1, 1, 24]
 individual_context=None
 global_context=None
2026-08-06 23:31:00,697 INFO [training.train] training epochs=10000 steps_per_epoch=1 total_steps=10000 valid_eval_freq=1000 logging_eval_freq=1000
2026-08-06 23:31:14,875 INFO [training.train] step=1000 train_batch={'nmse': 0.5911283786669373}
2026-08-06 23:31:20,858 INFO [training.train] step=1000 valid[valid1]={'mse': 0.4770819354298308, 'nmse': 0.4770819354298308, 'mae': 0.4238444017413926, 'nmae': 0.4238444017413926, 'relative_mse': 0.07839671045882554}
2026-08-06 23:31:35,069 INFO [training.train] step=2000 train_batch={'nmse': 0.477607865229249}
2026-08-06 23:31:41,083 INFO [training.train] step=2000 valid[valid1]={'mse': 0.44692965859863987, 'nmse': 0.44692965859863987, 'mae': 0.405193631600539, 'nmae': 0.405193631600539, 'relative_mse': 0.07172326050099466}
2026-08-06 23:31:55,256 INFO [training.train] step=3000 train_batch={'nmse': 0.38523165150731803}
2026-08-06 23:32:01,180 INFO [training.train] step=3000 valid[valid1]={'mse': 0.4215623725099381, 'nmse': 0.4215623725099381, 'mae': 0.3883255394049524, 'nmae': 0.3883255394049524, 'relative_mse': 0.06537810200267405}
2026-08-06 23:32:15,369 INFO [training.train] step=4000 train_batch={'nmse': 0.33224458922445776}
2026-08-06 23:32:21,415 INFO [training.train] step=4000 valid[valid1]={'mse': 0.4098629819534052, 'nmse': 0.4098629819534052, 'mae': 0.3781358553394335, 'nmae': 0.3781358553394335, 'relative_mse': 0.06314969977473495}
2026-08-06 23:32:35,612 INFO [training.train] step=5000 train_batch={'nmse': 6.667918632332236}
2026-08-06 23:32:41,630 INFO [training.train] step=5000 valid[valid1]={'mse': 0.40210860643594154, 'nmse': 0.40210860643594154, 'mae': 0.37225303289617934, 'nmae': 0.37225303289617934, 'relative_mse': 0.06135086760524471}
2026-08-06 23:32:55,797 INFO [training.train] step=6000 train_batch={'nmse': 0.33490378851071}
2026-08-06 23:33:01,740 INFO [training.train] step=6000 valid[valid1]={'mse': 0.3919436492699583, 'nmse': 0.3919436492699583, 'mae': 0.3658644271967902, 'nmae': 0.3658644271967902, 'relative_mse': 0.05907295826135268}
2026-08-06 23:33:15,954 INFO [training.train] step=7000 train_batch={'nmse': 0.3014649526067078}
2026-08-06 23:33:21,983 INFO [training.train] step=7000 valid[valid1]={'mse': 0.3913336424341303, 'nmse': 0.3913336424341303, 'mae': 0.3657350432596883, 'nmae': 0.3657350432596883, 'relative_mse': 0.05848833772368767}
2026-08-06 23:33:36,154 INFO [training.train] step=8000 train_batch={'nmse': 0.32730646831542254}
2026-08-06 23:33:42,080 INFO [training.train] step=8000 valid[valid1]={'mse': 0.38015296539871185, 'nmse': 0.38015296539871185, 'mae': 0.35427378331526693, 'nmae': 0.35427378331526693, 'relative_mse': 0.05635557201015388}
2026-08-06 23:33:56,287 INFO [training.train] step=9000 train_batch={'nmse': 0.3467875261493027}
2026-08-06 23:34:02,323 INFO [training.train] step=9000 valid[valid1]={'mse': 0.3731412104847922, 'nmse': 0.3731412104847922, 'mae': 0.34799521167491465, 'nmae': 0.34799521167491465, 'relative_mse': 0.05519236021808963}
2026-08-06 23:34:16,519 INFO [training.train] step=10000 train_batch={'nmse': 0.3099357414916158}
2026-08-06 23:34:22,425 INFO [training.train] step=10000 valid[valid1]={'mse': 0.37912407266783343, 'nmse': 0.37912407266783343, 'mae': 0.35576234434963233, 'nmae': 0.35576234434963233, 'relative_mse': 0.05621629951290805}
2026-08-06 23:34:22,425 INFO [training.train] training_done steps=10000 seconds=201.73
2026-08-06 23:34:22,605 INFO [__main__] saved criterion_loss=criterion_loss.pdf
2026-08-06 23:34:22,605 INFO [__main__] training done
2026-08-06 23:34:22,605 INFO [__main__] evaluation start
2026-08-06 23:34:49,062 INFO [__main__] evaluation done
2026-08-06 23:34:49,062 INFO [__main__] experiment done seconds=963.74
2026-08-06 23:34:49,062 INFO [__main__] ========================================================================
2026-08-06 23:34:49,071 INFO [__main__] ========================================================================
2026-08-06 23:34:49,071 INFO [__main__] experiment model=patchtst out=/home/h61084/codes/timetensors/outputs/constants/electricity/168_24/patchtst_remove_all_windows/seed_3 rebuild_dataset=False evaluate=True
2026-08-06 23:34:49,071 INFO [__main__] stats recompute=True
2026-08-06 23:34:49,071 INFO [__main__] dataset rebuild skipped
2026-08-06 23:34:49,071 INFO [__main__] training start
2026-08-06 23:47:03,623 INFO [training.train] device requested=gpu resolved=cuda:0 cuda=True
2026-08-06 23:47:03,632 INFO [training.train] data_shape=[168, 1, 24]
2026-08-06 23:47:03,632 INFO [training.train] Splits:
train	idx_mode=random	{'values': (312, 1, 26304), 'individual_context': None, 'global_context': None, 'sampled_individuals': 312, 'sampled_dates': 15591, 'samples': 1}
valid1	idx_mode=all	{'values': (312, 1, 26304), 'individual_context': None, 'global_context': None, 'sampled_individuals': 312, 'sampled_dates': 219, 'samples': 68328}
test1	idx_mode=all	{'values': (312, 1, 26304), 'individual_context': None, 'global_context': None, 'sampled_individuals': 312, 'sampled_dates': 219, 'samples': 68328}
2026-08-06 23:47:03,632 INFO [training.train] Batch:
 batches=train=1, valid1=267, test1=267
 inputs=[1, 1, 168]
 targets=[1, 1, 24]
 individual_context=None
 global_context=None
2026-08-06 23:47:03,640 INFO [training.train] training epochs=10000 steps_per_epoch=1 total_steps=10000 valid_eval_freq=1000 logging_eval_freq=1000
2026-08-06 23:47:17,836 INFO [training.train] step=1000 train_batch={'nmse': 0.5719230344444514}
2026-08-06 23:47:23,796 INFO [training.train] step=1000 valid[valid1]={'mse': 0.47078491722779564, 'nmse': 0.47078491722779564, 'mae': 0.41252644425025053, 'nmae': 0.41252644425025053, 'relative_mse': 0.07801832454161664}
2026-08-06 23:47:37,998 INFO [training.train] step=2000 train_batch={'nmse': 0.4088023745790124}
2026-08-06 23:47:44,051 INFO [training.train] step=2000 valid[valid1]={'mse': 0.44393565705652255, 'nmse': 0.44393565705652255, 'mae': 0.40129748929027503, 'nmae': 0.40129748929027503, 'relative_mse': 0.07087718440652363}
2026-08-06 23:47:58,261 INFO [training.train] step=3000 train_batch={'nmse': 3.5852061898112297}
2026-08-06 23:48:04,220 INFO [training.train] step=3000 valid[valid1]={'mse': 0.43270645659696494, 'nmse': 0.43270645659696494, 'mae': 0.39751981325740954, 'nmae': 0.39751981325740954, 'relative_mse': 0.06695436895375173}
2026-08-06 23:48:18,421 INFO [training.train] step=4000 train_batch={'nmse': 0.4279265295155346}
2026-08-06 23:48:24,460 INFO [training.train] step=4000 valid[valid1]={'mse': 0.40184791029576644, 'nmse': 0.40184791029576644, 'mae': 0.3676753258326431, 'nmae': 0.3676753258326431, 'relative_mse': 0.06200945455045484}
2026-08-06 23:48:38,690 INFO [training.train] step=5000 train_batch={'nmse': 0.37714329273998737}
2026-08-06 23:48:44,621 INFO [training.train] step=5000 valid[valid1]={'mse': 0.391209109756356, 'nmse': 0.391209109756356, 'mae': 0.36121383839392746, 'nmae': 0.36121383839392746, 'relative_mse': 0.05959670876691805}
2026-08-06 23:48:58,818 INFO [training.train] step=6000 train_batch={'nmse': 0.33132330647855995}
2026-08-06 23:49:04,813 INFO [training.train] step=6000 valid[valid1]={'mse': 0.38813879171393123, 'nmse': 0.38813879171393123, 'mae': 0.360073901356111, 'nmae': 0.360073901356111, 'relative_mse': 0.058205243449986586}
2026-08-06 23:49:19,013 INFO [training.train] step=7000 train_batch={'nmse': 0.3083417323492467}
2026-08-06 23:49:24,945 INFO [training.train] step=7000 valid[valid1]={'mse': 0.38950410395591994, 'nmse': 0.38950410395591994, 'mae': 0.3620980008212436, 'nmae': 0.3620980008212436, 'relative_mse': 0.05794667744484866}
2026-08-06 23:49:39,171 INFO [training.train] step=8000 train_batch={'nmse': 0.2940062891766429}
2026-08-06 23:49:45,206 INFO [training.train] step=8000 valid[valid1]={'mse': 0.3819528551499561, 'nmse': 0.3819528551499561, 'mae': 0.3568031114665266, 'nmae': 0.3568031114665266, 'relative_mse': 0.056322685375949824}
2026-08-06 23:49:59,395 INFO [training.train] step=9000 train_batch={'nmse': 0.2723323392346501}
2026-08-06 23:50:05,310 INFO [training.train] step=9000 valid[valid1]={'mse': 0.3740336321716225, 'nmse': 0.3740336321716225, 'mae': 0.3478674550472013, 'nmae': 0.3478674550472013, 'relative_mse': 0.055474745768069274}
2026-08-06 23:50:19,535 INFO [training.train] step=10000 train_batch={'nmse': 0.461059059381485}
2026-08-06 23:50:25,582 INFO [training.train] step=10000 valid[valid1]={'mse': 0.37265498073440767, 'nmse': 0.37265498073440767, 'mae': 0.34732892365048634, 'nmae': 0.34732892365048634, 'relative_mse': 0.054800847396170214}
2026-08-06 23:50:25,582 INFO [training.train] training_done steps=10000 seconds=201.94
2026-08-06 23:50:25,753 INFO [__main__] saved criterion_loss=criterion_loss.pdf
2026-08-06 23:50:25,753 INFO [__main__] training done
2026-08-06 23:50:25,753 INFO [__main__] evaluation start
2026-08-06 23:50:51,859 INFO [__main__] evaluation done
2026-08-06 23:50:51,859 INFO [__main__] experiment done seconds=962.79
2026-08-06 23:50:51,859 INFO [__main__] ========================================================================

2026-08-06T23:50:52+02:00 configuration dataset=electricity lags=168 horizon=24 method=patchtst_drop_all_users module=scripts.experiment requested_seeds=1,2,3 run_seeds=1,2,3 data_root=/home/h61084/codes/timetensors/../datasets train_sampling=random train_stride=1 eval_sampling=all eval_stride=24 batch_size=256 learning_rate=1e-5 epochs=10000 rebuild_dataset=false rebuild_reason=not_needed overrides=+model.name=patchtst +model.path=patchtst +normalization.name=instance +data.sampling.remove_train_cte=false +data.sampling.remove_eval_cte=false ++data.sampling.drop_train_constant_individuals=true ++data.sampling.drop_eval_constant_individuals=true
2026-08-06 23:50:57,079 INFO [__main__] ========================================================================
2026-08-06 23:50:57,079 INFO [__main__] experiment model=patchtst out=/home/h61084/codes/timetensors/outputs/constants/electricity/168_24/patchtst_drop_all_users/seed_1 rebuild_dataset=False evaluate=True
2026-08-06 23:50:57,079 INFO [__main__] stats recompute=True
2026-08-06 23:50:57,079 INFO [__main__] dataset rebuild skipped
2026-08-06 23:50:57,079 INFO [__main__] training start
2026-08-06 23:55:37,263 INFO [training.train] device requested=gpu resolved=cuda:0 cuda=True
2026-08-06 23:55:37,264 INFO [training.train] data_shape=[168, 1, 24]
2026-08-06 23:55:37,264 INFO [training.train] Splits:
train	idx_mode=random	{'values': (312, 1, 26304), 'individual_context': None, 'global_context': None, 'sampled_individuals': 312, 'sampled_dates': 15591, 'samples': 1}
valid1	idx_mode=all	{'values': (312, 1, 26304), 'individual_context': None, 'global_context': None, 'sampled_individuals': 312, 'sampled_dates': 219, 'samples': 68328}
test1	idx_mode=all	{'values': (312, 1, 26304), 'individual_context': None, 'global_context': None, 'sampled_individuals': 312, 'sampled_dates': 219, 'samples': 68328}
2026-08-06 23:55:37,264 INFO [training.train] Batch:
 batches=train=1, valid1=267, test1=267
 inputs=[1, 1, 168]
 targets=[1, 1, 24]
 individual_context=None
 global_context=None
2026-08-06 23:55:37,270 INFO [training.train] training epochs=10000 steps_per_epoch=1 total_steps=10000 valid_eval_freq=1000 logging_eval_freq=1000
2026-08-06 23:55:44,998 INFO [training.train] step=1000 train_batch={'nmse': 0.5627178917080164}
2026-08-06 23:55:48,924 INFO [training.train] step=1000 valid[valid1]={'mse': 0.47193070918499563, 'nmse': 0.47193070918499563, 'mae': 0.4204811454540402, 'nmae': 0.4204811454540402, 'relative_mse': 0.07672439004695374}
2026-08-06 23:55:54,580 INFO [training.train] step=2000 train_batch={'nmse': 0.3784543227478862}
2026-08-06 23:55:58,607 INFO [training.train] step=2000 valid[valid1]={'mse': 0.4380137717440513, 'nmse': 0.4380137717440513, 'mae': 0.3983011080845315, 'nmae': 0.3983011080845315, 'relative_mse': 0.06990510371615037}
2026-08-06 23:56:04,262 INFO [training.train] step=3000 train_batch={'nmse': 0.37094319964572786}
2026-08-06 23:56:08,231 INFO [training.train] step=3000 valid[valid1]={'mse': 0.4105424631983234, 'nmse': 0.4105424631983234, 'mae': 0.37741491462681614, 'nmae': 0.37741491462681614, 'relative_mse': 0.06385315756549723}
2026-08-06 23:56:13,885 INFO [training.train] step=4000 train_batch={'nmse': 0.35372008034586905}
2026-08-06 23:56:17,906 INFO [training.train] step=4000 valid[valid1]={'mse': 0.4043384676017206, 'nmse': 0.4043384676017206, 'mae': 0.3755911992453479, 'nmae': 0.3755911992453479, 'relative_mse': 0.06143382480690417}
2026-08-06 23:56:23,558 INFO [training.train] step=5000 train_batch={'nmse': 0.32279424522444605}
2026-08-06 23:56:27,570 INFO [training.train] step=5000 valid[valid1]={'mse': 0.388334894517134, 'nmse': 0.388334894517134, 'mae': 0.3599478638954224, 'nmae': 0.3599478638954224, 'relative_mse': 0.05866041651692532}
2026-08-06 23:56:33,219 INFO [training.train] step=6000 train_batch={'nmse': 0.32625009592622517}
2026-08-06 23:56:37,123 INFO [training.train] step=6000 valid[valid1]={'mse': 0.3926568357167439, 'nmse': 0.3926568357167439, 'mae': 0.3670890947157385, 'nmae': 0.3670890947157385, 'relative_mse': 0.05862300004602916}
2026-08-06 23:56:42,772 INFO [training.train] step=7000 train_batch={'nmse': 0.3386483423039317}
2026-08-06 23:56:46,786 INFO [training.train] step=7000 valid[valid1]={'mse': 0.3777223590832518, 'nmse': 0.3777223590832518, 'mae': 0.34989442041103286, 'nmae': 0.34989442041103286, 'relative_mse': 0.05650538909315705}
2026-08-06 23:56:52,442 INFO [training.train] step=8000 train_batch={'nmse': 0.2954446645528078}
2026-08-06 23:56:56,409 INFO [training.train] step=8000 valid[valid1]={'mse': 0.3724949299319122, 'nmse': 0.3724949299319122, 'mae': 0.3446916579381367, 'nmae': 0.3446916579381367, 'relative_mse': 0.055906285866684995}
2026-08-06 23:57:02,061 INFO [training.train] step=9000 train_batch={'nmse': 0.36038268057629463}
2026-08-06 23:57:06,102 INFO [training.train] step=9000 valid[valid1]={'mse': 0.37687569723816716, 'nmse': 0.37687569723816716, 'mae': 0.34979240870962414, 'nmae': 0.34979240870962414, 'relative_mse': 0.05580892246221624}
2026-08-06 23:57:11,758 INFO [training.train] step=10000 train_batch={'nmse': 0.2727277675122023}
2026-08-06 23:57:15,689 INFO [training.train] step=10000 valid[valid1]={'mse': 0.3694207929119835, 'nmse': 0.3694207929119835, 'mae': 0.34271089569986257, 'nmae': 0.34271089569986257, 'relative_mse': 0.054788893486117936}
2026-08-06 23:57:15,690 INFO [training.train] training_done steps=10000 seconds=98.42
2026-08-06 23:57:16,149 INFO [__main__] saved criterion_loss=criterion_loss.pdf
2026-08-06 23:57:16,149 INFO [__main__] training done
2026-08-06 23:57:16,149 INFO [__main__] evaluation start
2026-08-06 23:57:34,399 INFO [__main__] evaluation done
2026-08-06 23:57:34,399 INFO [__main__] experiment done seconds=397.32
2026-08-06 23:57:34,399 INFO [__main__] ========================================================================
2026-08-06 23:57:34,409 INFO [__main__] ========================================================================
2026-08-06 23:57:34,410 INFO [__main__] experiment model=patchtst out=/home/h61084/codes/timetensors/outputs/constants/electricity/168_24/patchtst_drop_all_users/seed_2 rebuild_dataset=False evaluate=True
2026-08-06 23:57:34,410 INFO [__main__] stats recompute=True
2026-08-06 23:57:34,410 INFO [__main__] dataset rebuild skipped
2026-08-06 23:57:34,410 INFO [__main__] training start
2026-08-07 00:02:15,772 INFO [training.train] device requested=gpu resolved=cuda:0 cuda=True
2026-08-07 00:02:15,773 INFO [training.train] data_shape=[168, 1, 24]
2026-08-07 00:02:15,773 INFO [training.train] Splits:
train	idx_mode=random	{'values': (312, 1, 26304), 'individual_context': None, 'global_context': None, 'sampled_individuals': 312, 'sampled_dates': 15591, 'samples': 1}
valid1	idx_mode=all	{'values': (312, 1, 26304), 'individual_context': None, 'global_context': None, 'sampled_individuals': 312, 'sampled_dates': 219, 'samples': 68328}
test1	idx_mode=all	{'values': (312, 1, 26304), 'individual_context': None, 'global_context': None, 'sampled_individuals': 312, 'sampled_dates': 219, 'samples': 68328}
2026-08-07 00:02:15,773 INFO [training.train] Batch:
 batches=train=1, valid1=267, test1=267
 inputs=[1, 1, 168]
 targets=[1, 1, 24]
 individual_context=None
 global_context=None
2026-08-07 00:02:15,782 INFO [training.train] training epochs=10000 steps_per_epoch=1 total_steps=10000 valid_eval_freq=1000 logging_eval_freq=1000
2026-08-07 00:02:21,457 INFO [training.train] step=1000 train_batch={'nmse': 0.5911283786669373}
2026-08-07 00:02:25,422 INFO [training.train] step=1000 valid[valid1]={'mse': 0.4770819354298308, 'nmse': 0.4770819354298308, 'mae': 0.4238444017413926, 'nmae': 0.4238444017413926, 'relative_mse': 0.07839671045882554}
2026-08-07 00:02:31,092 INFO [training.train] step=2000 train_batch={'nmse': 0.477607865229249}
2026-08-07 00:02:35,028 INFO [training.train] step=2000 valid[valid1]={'mse': 0.44692965859863987, 'nmse': 0.44692965859863987, 'mae': 0.405193631600539, 'nmae': 0.405193631600539, 'relative_mse': 0.07172326050099466}
2026-08-07 00:02:40,696 INFO [training.train] step=3000 train_batch={'nmse': 0.38523165150731803}
2026-08-07 00:02:44,744 INFO [training.train] step=3000 valid[valid1]={'mse': 0.4215623725099381, 'nmse': 0.4215623725099381, 'mae': 0.3883255394049524, 'nmae': 0.3883255394049524, 'relative_mse': 0.06537810200267405}
2026-08-07 00:02:50,414 INFO [training.train] step=4000 train_batch={'nmse': 0.33224458922445776}
2026-08-07 00:02:54,372 INFO [training.train] step=4000 valid[valid1]={'mse': 0.4098629819534052, 'nmse': 0.4098629819534052, 'mae': 0.3781358553394335, 'nmae': 0.3781358553394335, 'relative_mse': 0.06314969977473495}
2026-08-07 00:03:00,043 INFO [training.train] step=5000 train_batch={'nmse': 6.667918632332236}
2026-08-07 00:03:04,074 INFO [training.train] step=5000 valid[valid1]={'mse': 0.40210860643594154, 'nmse': 0.40210860643594154, 'mae': 0.37225303289617934, 'nmae': 0.37225303289617934, 'relative_mse': 0.06135086760524471}
2026-08-07 00:03:09,748 INFO [training.train] step=6000 train_batch={'nmse': 0.33490378851071}
2026-08-07 00:03:13,687 INFO [training.train] step=6000 valid[valid1]={'mse': 0.3919436492699583, 'nmse': 0.3919436492699583, 'mae': 0.3658644271967902, 'nmae': 0.3658644271967902, 'relative_mse': 0.05907295826135268}
2026-08-07 00:03:19,361 INFO [training.train] step=7000 train_batch={'nmse': 0.3014649526067078}
2026-08-07 00:03:23,410 INFO [training.train] step=7000 valid[valid1]={'mse': 0.3913336424341303, 'nmse': 0.3913336424341303, 'mae': 0.3657350432596883, 'nmae': 0.3657350432596883, 'relative_mse': 0.05848833772368767}
2026-08-07 00:03:29,088 INFO [training.train] step=8000 train_batch={'nmse': 0.32730646831542254}
2026-08-07 00:03:33,031 INFO [training.train] step=8000 valid[valid1]={'mse': 0.38015296539871185, 'nmse': 0.38015296539871185, 'mae': 0.35427378331526693, 'nmae': 0.35427378331526693, 'relative_mse': 0.05635557201015388}
2026-08-07 00:03:38,698 INFO [training.train] step=9000 train_batch={'nmse': 0.3467875261493027}
2026-08-07 00:03:42,761 INFO [training.train] step=9000 valid[valid1]={'mse': 0.3731412104847922, 'nmse': 0.3731412104847922, 'mae': 0.34799521167491465, 'nmae': 0.34799521167491465, 'relative_mse': 0.05519236021808963}
2026-08-07 00:03:48,436 INFO [training.train] step=10000 train_batch={'nmse': 0.3099357414916158}
2026-08-07 00:03:52,378 INFO [training.train] step=10000 valid[valid1]={'mse': 0.37912407266783343, 'nmse': 0.37912407266783343, 'mae': 0.35576234434963233, 'nmae': 0.35576234434963233, 'relative_mse': 0.05621629951290805}
2026-08-07 00:03:52,378 INFO [training.train] training_done steps=10000 seconds=96.60
2026-08-07 00:03:52,560 INFO [__main__] saved criterion_loss=criterion_loss.pdf
2026-08-07 00:03:52,560 INFO [__main__] training done
2026-08-07 00:03:52,561 INFO [__main__] evaluation start
2026-08-07 00:04:11,007 INFO [__main__] evaluation done
2026-08-07 00:04:11,008 INFO [__main__] experiment done seconds=396.60
2026-08-07 00:04:11,008 INFO [__main__] ========================================================================
2026-08-07 00:04:11,016 INFO [__main__] ========================================================================
2026-08-07 00:04:11,016 INFO [__main__] experiment model=patchtst out=/home/h61084/codes/timetensors/outputs/constants/electricity/168_24/patchtst_drop_all_users/seed_3 rebuild_dataset=False evaluate=True
2026-08-07 00:04:11,016 INFO [__main__] stats recompute=True
2026-08-07 00:04:11,016 INFO [__main__] dataset rebuild skipped
2026-08-07 00:04:11,016 INFO [__main__] training start
2026-08-07 00:08:48,528 INFO [training.train] device requested=gpu resolved=cuda:0 cuda=True
2026-08-07 00:08:48,529 INFO [training.train] data_shape=[168, 1, 24]
2026-08-07 00:08:48,529 INFO [training.train] Splits:
train	idx_mode=random	{'values': (312, 1, 26304), 'individual_context': None, 'global_context': None, 'sampled_individuals': 312, 'sampled_dates': 15591, 'samples': 1}
valid1	idx_mode=all	{'values': (312, 1, 26304), 'individual_context': None, 'global_context': None, 'sampled_individuals': 312, 'sampled_dates': 219, 'samples': 68328}
test1	idx_mode=all	{'values': (312, 1, 26304), 'individual_context': None, 'global_context': None, 'sampled_individuals': 312, 'sampled_dates': 219, 'samples': 68328}
2026-08-07 00:08:48,529 INFO [training.train] Batch:
 batches=train=1, valid1=267, test1=267
 inputs=[1, 1, 168]
 targets=[1, 1, 24]
 individual_context=None
 global_context=None
2026-08-07 00:08:48,538 INFO [training.train] training epochs=10000 steps_per_epoch=1 total_steps=10000 valid_eval_freq=1000 logging_eval_freq=1000
2026-08-07 00:08:54,228 INFO [training.train] step=1000 train_batch={'nmse': 0.5719230344444514}
2026-08-07 00:08:58,223 INFO [training.train] step=1000 valid[valid1]={'mse': 0.47078491722779564, 'nmse': 0.47078491722779564, 'mae': 0.41252644425025053, 'nmae': 0.41252644425025053, 'relative_mse': 0.07801832454161664}
2026-08-07 00:09:03,917 INFO [training.train] step=2000 train_batch={'nmse': 0.4088023745790124}
2026-08-07 00:09:07,978 INFO [training.train] step=2000 valid[valid1]={'mse': 0.44393565705652255, 'nmse': 0.44393565705652255, 'mae': 0.40129748929027503, 'nmae': 0.40129748929027503, 'relative_mse': 0.07087718440652363}
2026-08-07 00:09:13,667 INFO [training.train] step=3000 train_batch={'nmse': 3.5852061898112297}
2026-08-07 00:09:17,610 INFO [training.train] step=3000 valid[valid1]={'mse': 0.43270645659696494, 'nmse': 0.43270645659696494, 'mae': 0.39751981325740954, 'nmae': 0.39751981325740954, 'relative_mse': 0.06695436895375173}
2026-08-07 00:09:23,303 INFO [training.train] step=4000 train_batch={'nmse': 0.4279265295155346}
2026-08-07 00:09:27,339 INFO [training.train] step=4000 valid[valid1]={'mse': 0.40184791029576644, 'nmse': 0.40184791029576644, 'mae': 0.3676753258326431, 'nmae': 0.3676753258326431, 'relative_mse': 0.06200945455045484}
2026-08-07 00:09:33,029 INFO [training.train] step=5000 train_batch={'nmse': 0.37714329273998737}
2026-08-07 00:09:37,005 INFO [training.train] step=5000 valid[valid1]={'mse': 0.391209109756356, 'nmse': 0.391209109756356, 'mae': 0.36121383839392746, 'nmae': 0.36121383839392746, 'relative_mse': 0.05959670876691805}
2026-08-07 00:09:42,695 INFO [training.train] step=6000 train_batch={'nmse': 0.33132330647855995}
2026-08-07 00:09:46,771 INFO [training.train] step=6000 valid[valid1]={'mse': 0.38813879171393123, 'nmse': 0.38813879171393123, 'mae': 0.360073901356111, 'nmae': 0.360073901356111, 'relative_mse': 0.058205243449986586}
2026-08-07 00:09:52,465 INFO [training.train] step=7000 train_batch={'nmse': 0.3083417323492467}
2026-08-07 00:09:56,420 INFO [training.train] step=7000 valid[valid1]={'mse': 0.38950410395591994, 'nmse': 0.38950410395591994, 'mae': 0.3620980008212436, 'nmae': 0.3620980008212436, 'relative_mse': 0.05794667744484866}
2026-08-07 00:10:02,111 INFO [training.train] step=8000 train_batch={'nmse': 0.2940062891766429}
2026-08-07 00:10:06,138 INFO [training.train] step=8000 valid[valid1]={'mse': 0.3819528551499561, 'nmse': 0.3819528551499561, 'mae': 0.3568031114665266, 'nmae': 0.3568031114665266, 'relative_mse': 0.056322685375949824}
2026-08-07 00:10:11,837 INFO [training.train] step=9000 train_batch={'nmse': 0.2723323392346501}
2026-08-07 00:10:15,789 INFO [training.train] step=9000 valid[valid1]={'mse': 0.3740336321716225, 'nmse': 0.3740336321716225, 'mae': 0.3478674550472013, 'nmae': 0.3478674550472013, 'relative_mse': 0.055474745768069274}
2026-08-07 00:10:21,480 INFO [training.train] step=10000 train_batch={'nmse': 0.461059059381485}
2026-08-07 00:10:25,545 INFO [training.train] step=10000 valid[valid1]={'mse': 0.37265498073440767, 'nmse': 0.37265498073440767, 'mae': 0.34732892365048634, 'nmae': 0.34732892365048634, 'relative_mse': 0.054800847396170214}
2026-08-07 00:10:25,545 INFO [training.train] training_done steps=10000 seconds=97.01
2026-08-07 00:10:25,722 INFO [__main__] saved criterion_loss=criterion_loss.pdf
2026-08-07 00:10:25,722 INFO [__main__] training done
2026-08-07 00:10:25,722 INFO [__main__] evaluation start
2026-08-07 00:10:43,965 INFO [__main__] evaluation done
2026-08-07 00:10:43,965 INFO [__main__] experiment done seconds=392.95
2026-08-07 00:10:43,965 INFO [__main__] ========================================================================

2026-08-07T00:10:45+02:00 configuration dataset=electricity lags=336 horizon=48 method=patchtst_keep module=scripts.experiment requested_seeds=1,2,3 run_seeds=1,2,3 data_root=/home/h61084/codes/timetensors/../datasets train_sampling=random train_stride=1 eval_sampling=all eval_stride=48 batch_size=256 learning_rate=1e-5 epochs=10000 rebuild_dataset=false rebuild_reason=not_needed overrides=+model.name=patchtst +model.path=patchtst +normalization.name=instance +data.sampling.remove_train_cte=false +data.sampling.remove_eval_cte=false ++data.sampling.drop_train_constant_individuals=false ++data.sampling.drop_eval_constant_individuals=false
2026-08-07 00:10:51,438 INFO [__main__] ========================================================================
2026-08-07 00:10:51,438 INFO [__main__] experiment model=patchtst out=/home/h61084/codes/timetensors/outputs/constants/electricity/336_48/patchtst_keep/seed_1 rebuild_dataset=False evaluate=True
2026-08-07 00:10:51,438 INFO [__main__] stats recompute=True
2026-08-07 00:10:51,438 INFO [__main__] dataset rebuild skipped
2026-08-07 00:10:51,438 INFO [__main__] training start
2026-08-07 00:15:33,262 INFO [training.train] device requested=gpu resolved=cuda:0 cuda=True
2026-08-07 00:15:33,263 INFO [training.train] data_shape=[336, 1, 48]
2026-08-07 00:15:33,263 INFO [training.train] Splits:
train	idx_mode=random	{'values': (312, 1, 26304), 'individual_context': None, 'global_context': None, 'sampled_individuals': 312, 'sampled_dates': 15399, 'samples': 1}
valid1	idx_mode=all	{'values': (312, 1, 26304), 'individual_context': None, 'global_context': None, 'sampled_individuals': 312, 'sampled_dates': 109, 'samples': 34008}
test1	idx_mode=all	{'values': (312, 1, 26304), 'individual_context': None, 'global_context': None, 'sampled_individuals': 312, 'sampled_dates': 109, 'samples': 34008}
2026-08-07 00:15:33,263 INFO [training.train] Batch:
 batches=train=1, valid1=133, test1=133
 inputs=[1, 1, 336]
 targets=[1, 1, 48]
 individual_context=None
 global_context=None
2026-08-07 00:15:33,272 INFO [training.train] training epochs=10000 steps_per_epoch=1 total_steps=10000 valid_eval_freq=1000 logging_eval_freq=1000
2026-08-07 00:15:41,313 INFO [training.train] step=1000 train_batch={'nmse': 0.5696766712367535}
2026-08-07 00:15:43,382 INFO [training.train] step=1000 valid[valid1]={'mse': 0.5684717304424465, 'nmse': 0.5684717304424465, 'mae': 0.4256215711336533, 'nmae': 0.4256215711336533, 'relative_mse': 0.09541955787247698}
2026-08-07 00:15:49,014 INFO [training.train] step=2000 train_batch={'nmse': 0.40860075020045045}
2026-08-07 00:15:51,083 INFO [training.train] step=2000 valid[valid1]={'mse': 0.5261720636260563, 'nmse': 0.5261720636260563, 'mae': 0.3953022095004147, 'nmae': 0.3953022095004147, 'relative_mse': 0.08619473495175303}
2026-08-07 00:15:56,720 INFO [training.train] step=3000 train_batch={'nmse': 0.3999022126346827}
2026-08-07 00:15:58,787 INFO [training.train] step=3000 valid[valid1]={'mse': 0.49895823243963083, 'nmse': 0.49895823243963083, 'mae': 0.3725068436261206, 'nmae': 0.3725068436261206, 'relative_mse': 0.08056217835368824}
2026-08-07 00:16:04,424 INFO [training.train] step=4000 train_batch={'nmse': 0.4793694667369127}
2026-08-07 00:16:06,566 INFO [training.train] step=4000 valid[valid1]={'mse': 0.4994091725504596, 'nmse': 0.4994091725504596, 'mae': 0.37531369386593855, 'nmae': 0.37531369386593855, 'relative_mse': 0.07923436125596252}
2026-08-07 00:16:12,197 INFO [training.train] step=5000 train_batch={'nmse': 0.3250538283288479}
2026-08-07 00:16:14,263 INFO [training.train] step=5000 valid[valid1]={'mse': 0.4775996395515795, 'nmse': 0.4775996395515795, 'mae': 0.3534441286654021, 'nmae': 0.3534441286654021, 'relative_mse': 0.07521622359289952}
2026-08-07 00:16:19,895 INFO [training.train] step=6000 train_batch={'nmse': 0.2945640477463603}
2026-08-07 00:16:21,963 INFO [training.train] step=6000 valid[valid1]={'mse': 0.47945904602754313, 'nmse': 0.47945904602754313, 'mae': 0.3580421150726196, 'nmae': 0.3580421150726196, 'relative_mse': 0.07510448118139695}
2026-08-07 00:16:27,604 INFO [training.train] step=7000 train_batch={'nmse': 2.5561927869990466}
2026-08-07 00:16:29,766 INFO [training.train] step=7000 valid[valid1]={'mse': 0.47775113991098966, 'nmse': 0.47775113991098966, 'mae': 0.35653462870246444, 'nmae': 0.35653462870246444, 'relative_mse': 0.07454240145444366}
2026-08-07 00:16:35,402 INFO [training.train] step=8000 train_batch={'nmse': 0.3511593242175877}
2026-08-07 00:16:37,470 INFO [training.train] step=8000 valid[valid1]={'mse': 0.4747515698372126, 'nmse': 0.4747515698372126, 'mae': 0.3531879104091393, 'nmae': 0.3531879104091393, 'relative_mse': 0.07421382634693768}
2026-08-07 00:16:43,100 INFO [training.train] step=9000 train_batch={'nmse': 0.5437831071019172}
2026-08-07 00:16:45,170 INFO [training.train] step=9000 valid[valid1]={'mse': 0.4666301317797505, 'nmse': 0.4666301317797505, 'mae': 0.34591573417434446, 'nmae': 0.34591573417434446, 'relative_mse': 0.07226067832392505}
2026-08-07 00:16:50,800 INFO [training.train] step=10000 train_batch={'nmse': 0.27511036817729473}
2026-08-07 00:16:52,867 INFO [training.train] step=10000 valid[valid1]={'mse': 0.4659929301685832, 'nmse': 0.4659929301685832, 'mae': 0.3441870671519577, 'nmae': 0.3441870671519577, 'relative_mse': 0.07231894769940032}
2026-08-07 00:16:52,867 INFO [training.train] training_done steps=10000 seconds=79.60
2026-08-07 00:16:53,390 INFO [__main__] saved criterion_loss=criterion_loss.pdf
2026-08-07 00:16:53,390 INFO [__main__] training done
2026-08-07 00:16:53,391 INFO [__main__] evaluation start
2026-08-07 00:17:03,208 INFO [__main__] evaluation done
2026-08-07 00:17:03,208 INFO [__main__] experiment done seconds=371.77
2026-08-07 00:17:03,208 INFO [__main__] ========================================================================
2026-08-07 00:17:03,234 INFO [__main__] ========================================================================
2026-08-07 00:17:03,234 INFO [__main__] experiment model=patchtst out=/home/h61084/codes/timetensors/outputs/constants/electricity/336_48/patchtst_keep/seed_2 rebuild_dataset=False evaluate=True
2026-08-07 00:17:03,234 INFO [__main__] stats recompute=True
2026-08-07 00:17:03,234 INFO [__main__] dataset rebuild skipped
2026-08-07 00:17:03,234 INFO [__main__] training start
2026-08-07 00:21:41,789 INFO [training.train] device requested=gpu resolved=cuda:0 cuda=True
2026-08-07 00:21:41,790 INFO [training.train] data_shape=[336, 1, 48]
2026-08-07 00:21:41,790 INFO [training.train] Splits:
train	idx_mode=random	{'values': (312, 1, 26304), 'individual_context': None, 'global_context': None, 'sampled_individuals': 312, 'sampled_dates': 15399, 'samples': 1}
valid1	idx_mode=all	{'values': (312, 1, 26304), 'individual_context': None, 'global_context': None, 'sampled_individuals': 312, 'sampled_dates': 109, 'samples': 34008}
test1	idx_mode=all	{'values': (312, 1, 26304), 'individual_context': None, 'global_context': None, 'sampled_individuals': 312, 'sampled_dates': 109, 'samples': 34008}
2026-08-07 00:21:41,790 INFO [training.train] Batch:
 batches=train=1, valid1=133, test1=133
 inputs=[1, 1, 336]
 targets=[1, 1, 48]
 individual_context=None
 global_context=None
2026-08-07 00:21:41,806 INFO [training.train] training epochs=10000 steps_per_epoch=1 total_steps=10000 valid_eval_freq=1000 logging_eval_freq=1000
2026-08-07 00:21:47,463 INFO [training.train] step=1000 train_batch={'nmse': 0.7045551788061857}
2026-08-07 00:21:49,582 INFO [training.train] step=1000 valid[valid1]={'mse': 0.566847013546646, 'nmse': 0.566847013546646, 'mae': 0.41937373907698994, 'nmae': 0.41937373907698994, 'relative_mse': 0.09638968460383925}
2026-08-07 00:21:55,233 INFO [training.train] step=2000 train_batch={'nmse': 0.4388174016550183}
2026-08-07 00:21:57,315 INFO [training.train] step=2000 valid[valid1]={'mse': 0.5337701203878614, 'nmse': 0.5337701203878614, 'mae': 0.3977679497380729, 'nmae': 0.3977679497380729, 'relative_mse': 0.08731834106816223}
2026-08-07 00:22:02,973 INFO [training.train] step=3000 train_batch={'nmse': 0.3675760219171643}
2026-08-07 00:22:05,053 INFO [training.train] step=3000 valid[valid1]={'mse': 0.5116391287760053, 'nmse': 0.5116391287760053, 'mae': 0.3823678996210929, 'nmae': 0.3823678996210929, 'relative_mse': 0.08176479210229534}
2026-08-07 00:22:10,714 INFO [training.train] step=4000 train_batch={'nmse': 0.5609114184230566}
2026-08-07 00:22:12,917 INFO [training.train] step=4000 valid[valid1]={'mse': 0.49973502989554885, 'nmse': 0.49973502989554885, 'mae': 0.37334631138630103, 'nmae': 0.37334631138630103, 'relative_mse': 0.07947665029980572}
2026-08-07 00:22:18,578 INFO [training.train] step=5000 train_batch={'nmse': 0.3240063039436936}
2026-08-07 00:22:20,659 INFO [training.train] step=5000 valid[valid1]={'mse': 0.49723844020439395, 'nmse': 0.49723844020439395, 'mae': 0.37320819484722956, 'nmae': 0.37320819484722956, 'relative_mse': 0.0780248438752063}
2026-08-07 00:22:26,317 INFO [training.train] step=6000 train_batch={'nmse': 0.3507473490908742}
2026-08-07 00:22:28,402 INFO [training.train] step=6000 valid[valid1]={'mse': 0.4921399622555014, 'nmse': 0.4921399622555014, 'mae': 0.3703817002475846, 'nmae': 0.3703817002475846, 'relative_mse': 0.07695752600543707}
2026-08-07 00:22:34,061 INFO [training.train] step=7000 train_batch={'nmse': 0.3178904769197106}
2026-08-07 00:22:36,156 INFO [training.train] step=7000 valid[valid1]={'mse': 0.48044786196750333, 'nmse': 0.48044786196750333, 'mae': 0.36021958378579655, 'nmae': 0.36021958378579655, 'relative_mse': 0.07477234416238693}
2026-08-07 00:22:41,815 INFO [training.train] step=8000 train_batch={'nmse': 0.30012212095037105}
2026-08-07 00:22:43,998 INFO [training.train] step=8000 valid[valid1]={'mse': 0.47962799018423746, 'nmse': 0.47962799018423746, 'mae': 0.35940690400655956, 'nmae': 0.35940690400655956, 'relative_mse': 0.07402191060781946}
2026-08-07 00:22:49,657 INFO [training.train] step=9000 train_batch={'nmse': 0.3246155443526804}
2026-08-07 00:22:51,758 INFO [training.train] step=9000 valid[valid1]={'mse': 0.46956198776150593, 'nmse': 0.46956198776150593, 'mae': 0.3496688992932461, 'nmae': 0.3496688992932461, 'relative_mse': 0.07250512526809846}
2026-08-07 00:22:57,412 INFO [training.train] step=10000 train_batch={'nmse': 0.2724107797369361}
2026-08-07 00:22:59,495 INFO [training.train] step=10000 valid[valid1]={'mse': 0.47566775233196124, 'nmse': 0.47566775233196124, 'mae': 0.35636341795214277, 'nmae': 0.35636341795214277, 'relative_mse': 0.07291722705221584}
2026-08-07 00:22:59,495 INFO [training.train] training_done steps=10000 seconds=77.69
2026-08-07 00:22:59,643 INFO [__main__] saved criterion_loss=criterion_loss.pdf
2026-08-07 00:22:59,643 INFO [__main__] training done
2026-08-07 00:22:59,643 INFO [__main__] evaluation start
2026-08-07 00:23:09,383 INFO [__main__] evaluation done
2026-08-07 00:23:09,383 INFO [__main__] experiment done seconds=366.17
2026-08-07 00:23:09,383 INFO [__main__] ========================================================================
2026-08-07 00:23:09,393 INFO [__main__] ========================================================================
2026-08-07 00:23:09,393 INFO [__main__] experiment model=patchtst out=/home/h61084/codes/timetensors/outputs/constants/electricity/336_48/patchtst_keep/seed_3 rebuild_dataset=False evaluate=True
2026-08-07 00:23:09,393 INFO [__main__] stats recompute=True
2026-08-07 00:23:09,393 INFO [__main__] dataset rebuild skipped
2026-08-07 00:23:09,393 INFO [__main__] training start
2026-08-07 00:27:49,728 INFO [training.train] device requested=gpu resolved=cuda:0 cuda=True
2026-08-07 00:27:49,729 INFO [training.train] data_shape=[336, 1, 48]
2026-08-07 00:27:49,729 INFO [training.train] Splits:
train	idx_mode=random	{'values': (312, 1, 26304), 'individual_context': None, 'global_context': None, 'sampled_individuals': 312, 'sampled_dates': 15399, 'samples': 1}
valid1	idx_mode=all	{'values': (312, 1, 26304), 'individual_context': None, 'global_context': None, 'sampled_individuals': 312, 'sampled_dates': 109, 'samples': 34008}
test1	idx_mode=all	{'values': (312, 1, 26304), 'individual_context': None, 'global_context': None, 'sampled_individuals': 312, 'sampled_dates': 109, 'samples': 34008}
2026-08-07 00:27:49,729 INFO [training.train] Batch:
 batches=train=1, valid1=133, test1=133
 inputs=[1, 1, 336]
 targets=[1, 1, 48]
 individual_context=None
 global_context=None
2026-08-07 00:27:49,737 INFO [training.train] training epochs=10000 steps_per_epoch=1 total_steps=10000 valid_eval_freq=1000 logging_eval_freq=1000
2026-08-07 00:27:55,406 INFO [training.train] step=1000 train_batch={'nmse': 0.5567322322502732}
2026-08-07 00:27:57,532 INFO [training.train] step=1000 valid[valid1]={'mse': 0.5588758904298483, 'nmse': 0.5588758904298483, 'mae': 0.40996037428401305, 'nmae': 0.40996037428401305, 'relative_mse': 0.0961201200482986}
2026-08-07 00:28:03,191 INFO [training.train] step=2000 train_batch={'nmse': 0.8274572993591428}
2026-08-07 00:28:05,268 INFO [training.train] step=2000 valid[valid1]={'mse': 0.5382358699389684, 'nmse': 0.5382358699389684, 'mae': 0.4035465943713305, 'nmae': 0.4035465943713305, 'relative_mse': 0.08883098793957062}
2026-08-07 00:28:10,927 INFO [training.train] step=3000 train_batch={'nmse': 2.1511499230340125}
2026-08-07 00:28:13,098 INFO [training.train] step=3000 valid[valid1]={'mse': 0.5139688080379582, 'nmse': 0.5139688080379582, 'mae': 0.38464532937572055, 'nmae': 0.38464532937572055, 'relative_mse': 0.08376316882896019}
2026-08-07 00:28:18,764 INFO [training.train] step=4000 train_batch={'nmse': 0.36924593122303484}
2026-08-07 00:28:20,853 INFO [training.train] step=4000 valid[valid1]={'mse': 0.5048530433240203, 'nmse': 0.5048530433240203, 'mae': 0.3790334617634488, 'nmae': 0.3790334617634488, 'relative_mse': 0.08084171121002487}
2026-08-07 00:28:26,520 INFO [training.train] step=5000 train_batch={'nmse': 0.3347088741287589}
2026-08-07 00:28:28,610 INFO [training.train] step=5000 valid[valid1]={'mse': 0.4939413849142573, 'nmse': 0.4939413849142573, 'mae': 0.36914033754418, 'nmae': 0.36914033754418, 'relative_mse': 0.07849067169610616}
2026-08-07 00:28:34,265 INFO [training.train] step=6000 train_batch={'nmse': 0.5618748363479972}
2026-08-07 00:28:36,341 INFO [training.train] step=6000 valid[valid1]={'mse': 0.48385891442877316, 'nmse': 0.48385891442877316, 'mae': 0.3621628694811737, 'nmae': 0.3621628694811737, 'relative_mse': 0.07627312671359564}
2026-08-07 00:28:42,001 INFO [training.train] step=7000 train_batch={'nmse': 0.5100103176236153}
2026-08-07 00:28:44,175 INFO [training.train] step=7000 valid[valid1]={'mse': 0.4909547606720734, 'nmse': 0.4909547606720734, 'mae': 0.3689447872724513, 'nmae': 0.3689447872724513, 'relative_mse': 0.07705292348009946}
2026-08-07 00:28:49,832 INFO [training.train] step=8000 train_batch={'nmse': 0.4616493215709925}
2026-08-07 00:28:51,916 INFO [training.train] step=8000 valid[valid1]={'mse': 0.48403384916774717, 'nmse': 0.48403384916774717, 'mae': 0.36286690980511477, 'nmae': 0.36286690980511477, 'relative_mse': 0.07612653553724233}
2026-08-07 00:28:57,578 INFO [training.train] step=9000 train_batch={'nmse': 0.270622460372746}
2026-08-07 00:28:59,671 INFO [training.train] step=9000 valid[valid1]={'mse': 0.4729250678546492, 'nmse': 0.4729250678546492, 'mae': 0.3504180508875841, 'nmae': 0.3504180508875841, 'relative_mse': 0.07388926257173342}
2026-08-07 00:29:05,335 INFO [training.train] step=10000 train_batch={'nmse': 0.2806250275857747}
2026-08-07 00:29:07,425 INFO [training.train] step=10000 valid[valid1]={'mse': 0.47336401206918166, 'nmse': 0.47336401206918166, 'mae': 0.3540163679533469, 'nmae': 0.3540163679533469, 'relative_mse': 0.0736384704179748}
2026-08-07 00:29:07,426 INFO [training.train] training_done steps=10000 seconds=77.69
2026-08-07 00:29:07,581 INFO [__main__] saved criterion_loss=criterion_loss.pdf
2026-08-07 00:29:07,581 INFO [__main__] training done
2026-08-07 00:29:07,581 INFO [__main__] evaluation start
2026-08-07 00:29:17,358 INFO [__main__] evaluation done
2026-08-07 00:29:17,358 INFO [__main__] experiment done seconds=367.97
2026-08-07 00:29:17,358 INFO [__main__] ========================================================================

2026-08-07T00:29:18+02:00 configuration dataset=electricity lags=336 horizon=48 method=patchtst_remove_train_windows module=scripts.experiment requested_seeds=1,2,3 run_seeds=1,2,3 data_root=/home/h61084/codes/timetensors/../datasets train_sampling=random train_stride=1 eval_sampling=all eval_stride=48 batch_size=256 learning_rate=1e-5 epochs=10000 rebuild_dataset=false rebuild_reason=not_needed overrides=+model.name=patchtst +model.path=patchtst +normalization.name=instance +data.sampling.remove_train_cte=true +data.sampling.remove_eval_cte=false ++data.sampling.drop_train_constant_individuals=false ++data.sampling.drop_eval_constant_individuals=false
2026-08-07 00:29:22,985 INFO [__main__] ========================================================================
2026-08-07 00:29:22,985 INFO [__main__] experiment model=patchtst out=/home/h61084/codes/timetensors/outputs/constants/electricity/336_48/patchtst_remove_train_windows/seed_1 rebuild_dataset=False evaluate=True
2026-08-07 00:29:22,985 INFO [__main__] stats recompute=True
2026-08-07 00:29:22,985 INFO [__main__] dataset rebuild skipped
2026-08-07 00:29:22,985 INFO [__main__] training start
2026-08-07 00:41:59,013 INFO [training.train] device requested=gpu resolved=cuda:0 cuda=True
2026-08-07 00:41:59,023 INFO [training.train] data_shape=[336, 1, 48]
2026-08-07 00:41:59,023 INFO [training.train] Splits:
train	idx_mode=random	{'values': (312, 1, 26304), 'individual_context': None, 'global_context': None, 'sampled_individuals': 312, 'sampled_dates': 15399, 'samples': 1}
valid1	idx_mode=all	{'values': (312, 1, 26304), 'individual_context': None, 'global_context': None, 'sampled_individuals': 312, 'sampled_dates': 109, 'samples': 34008}
test1	idx_mode=all	{'values': (312, 1, 26304), 'individual_context': None, 'global_context': None, 'sampled_individuals': 312, 'sampled_dates': 109, 'samples': 34008}
2026-08-07 00:41:59,023 INFO [training.train] Batch:
 batches=train=1, valid1=133, test1=133
 inputs=[1, 1, 336]
 targets=[1, 1, 48]
 individual_context=None
 global_context=None
2026-08-07 00:41:59,030 INFO [training.train] training epochs=10000 steps_per_epoch=1 total_steps=10000 valid_eval_freq=1000 logging_eval_freq=1000
2026-08-07 00:42:16,234 INFO [training.train] step=1000 train_batch={'nmse': 0.5696766712367535}
2026-08-07 00:42:18,367 INFO [training.train] step=1000 valid[valid1]={'mse': 0.5684717304424465, 'nmse': 0.5684717304424465, 'mae': 0.4256215711336533, 'nmae': 0.4256215711336533, 'relative_mse': 0.09541955787247698}
2026-08-07 00:42:32,988 INFO [training.train] step=2000 train_batch={'nmse': 0.40860075020045045}
2026-08-07 00:42:35,084 INFO [training.train] step=2000 valid[valid1]={'mse': 0.5261720636260563, 'nmse': 0.5261720636260563, 'mae': 0.3953022095004147, 'nmae': 0.3953022095004147, 'relative_mse': 0.08619473495175303}
2026-08-07 00:42:49,713 INFO [training.train] step=3000 train_batch={'nmse': 0.3999022126346827}
2026-08-07 00:42:51,809 INFO [training.train] step=3000 valid[valid1]={'mse': 0.49895823243963083, 'nmse': 0.49895823243963083, 'mae': 0.3725068436261206, 'nmae': 0.3725068436261206, 'relative_mse': 0.08056217835368824}
2026-08-07 00:43:06,447 INFO [training.train] step=4000 train_batch={'nmse': 0.4793694667369127}
2026-08-07 00:43:08,624 INFO [training.train] step=4000 valid[valid1]={'mse': 0.4994091725504596, 'nmse': 0.4994091725504596, 'mae': 0.37531369386593855, 'nmae': 0.37531369386593855, 'relative_mse': 0.07923436125596252}
2026-08-07 00:43:23,260 INFO [training.train] step=5000 train_batch={'nmse': 0.3250538283288479}
2026-08-07 00:43:25,381 INFO [training.train] step=5000 valid[valid1]={'mse': 0.4775996395515795, 'nmse': 0.4775996395515795, 'mae': 0.3534441286654021, 'nmae': 0.3534441286654021, 'relative_mse': 0.07521622359289952}
2026-08-07 00:43:39,991 INFO [training.train] step=6000 train_batch={'nmse': 0.2945640477463603}
2026-08-07 00:43:42,091 INFO [training.train] step=6000 valid[valid1]={'mse': 0.47945904602754313, 'nmse': 0.47945904602754313, 'mae': 0.3580421150726196, 'nmae': 0.3580421150726196, 'relative_mse': 0.07510448118139695}
2026-08-07 00:43:56,724 INFO [training.train] step=7000 train_batch={'nmse': 2.5561927869990466}
2026-08-07 00:43:58,912 INFO [training.train] step=7000 valid[valid1]={'mse': 0.47775113991098966, 'nmse': 0.47775113991098966, 'mae': 0.35653462870246444, 'nmae': 0.35653462870246444, 'relative_mse': 0.07454240145444366}
2026-08-07 00:44:13,527 INFO [training.train] step=8000 train_batch={'nmse': 0.3511593242175877}
2026-08-07 00:44:15,627 INFO [training.train] step=8000 valid[valid1]={'mse': 0.4747515698372126, 'nmse': 0.4747515698372126, 'mae': 0.3531879104091393, 'nmae': 0.3531879104091393, 'relative_mse': 0.07421382634693768}
2026-08-07 00:44:30,253 INFO [training.train] step=9000 train_batch={'nmse': 0.5437831071019172}
2026-08-07 00:44:32,351 INFO [training.train] step=9000 valid[valid1]={'mse': 0.4666301317797505, 'nmse': 0.4666301317797505, 'mae': 0.34591573417434446, 'nmae': 0.34591573417434446, 'relative_mse': 0.07226067832392505}
2026-08-07 00:44:46,960 INFO [training.train] step=10000 train_batch={'nmse': 0.27511036817729473}
2026-08-07 00:44:49,059 INFO [training.train] step=10000 valid[valid1]={'mse': 0.4659929301685832, 'nmse': 0.4659929301685832, 'mae': 0.3441870671519577, 'nmae': 0.3441870671519577, 'relative_mse': 0.07231894769940032}
2026-08-07 00:44:49,059 INFO [training.train] training_done steps=10000 seconds=170.03
2026-08-07 00:44:49,587 INFO [__main__] saved criterion_loss=criterion_loss.pdf
2026-08-07 00:44:49,587 INFO [__main__] training done
2026-08-07 00:44:49,587 INFO [__main__] evaluation start
2026-08-07 00:44:59,565 INFO [__main__] evaluation done
2026-08-07 00:44:59,565 INFO [__main__] experiment done seconds=936.58
2026-08-07 00:44:59,565 INFO [__main__] ========================================================================
2026-08-07 00:44:59,593 INFO [__main__] ========================================================================
2026-08-07 00:44:59,593 INFO [__main__] experiment model=patchtst out=/home/h61084/codes/timetensors/outputs/constants/electricity/336_48/patchtst_remove_train_windows/seed_2 rebuild_dataset=False evaluate=True
2026-08-07 00:44:59,593 INFO [__main__] stats recompute=True
2026-08-07 00:44:59,593 INFO [__main__] dataset rebuild skipped
2026-08-07 00:44:59,593 INFO [__main__] training start
2026-08-07 00:57:36,496 INFO [training.train] device requested=gpu resolved=cuda:0 cuda=True
2026-08-07 00:57:36,506 INFO [training.train] data_shape=[336, 1, 48]
2026-08-07 00:57:36,506 INFO [training.train] Splits:
train	idx_mode=random	{'values': (312, 1, 26304), 'individual_context': None, 'global_context': None, 'sampled_individuals': 312, 'sampled_dates': 15399, 'samples': 1}
valid1	idx_mode=all	{'values': (312, 1, 26304), 'individual_context': None, 'global_context': None, 'sampled_individuals': 312, 'sampled_dates': 109, 'samples': 34008}
test1	idx_mode=all	{'values': (312, 1, 26304), 'individual_context': None, 'global_context': None, 'sampled_individuals': 312, 'sampled_dates': 109, 'samples': 34008}
2026-08-07 00:57:36,506 INFO [training.train] Batch:
 batches=train=1, valid1=133, test1=133
 inputs=[1, 1, 336]
 targets=[1, 1, 48]
 individual_context=None
 global_context=None
2026-08-07 00:57:36,514 INFO [training.train] training epochs=10000 steps_per_epoch=1 total_steps=10000 valid_eval_freq=1000 logging_eval_freq=1000
2026-08-07 00:57:51,201 INFO [training.train] step=1000 train_batch={'nmse': 0.7045551788061857}
2026-08-07 00:57:53,354 INFO [training.train] step=1000 valid[valid1]={'mse': 0.566847013546646, 'nmse': 0.566847013546646, 'mae': 0.41937373907698994, 'nmae': 0.41937373907698994, 'relative_mse': 0.09638968460383925}
2026-08-07 00:58:08,040 INFO [training.train] step=2000 train_batch={'nmse': 0.4388174016550183}
2026-08-07 00:58:10,168 INFO [training.train] step=2000 valid[valid1]={'mse': 0.5337701203878614, 'nmse': 0.5337701203878614, 'mae': 0.3977679497380729, 'nmae': 0.3977679497380729, 'relative_mse': 0.08731834106816223}
2026-08-07 00:58:24,849 INFO [training.train] step=3000 train_batch={'nmse': 0.3675760219171643}
2026-08-07 00:58:26,976 INFO [training.train] step=3000 valid[valid1]={'mse': 0.5116391287760053, 'nmse': 0.5116391287760053, 'mae': 0.3823678996210929, 'nmae': 0.3823678996210929, 'relative_mse': 0.08176479210229534}
2026-08-07 00:58:41,652 INFO [training.train] step=4000 train_batch={'nmse': 0.5609114184230566}
2026-08-07 00:58:43,852 INFO [training.train] step=4000 valid[valid1]={'mse': 0.49973502989554885, 'nmse': 0.49973502989554885, 'mae': 0.37334631138630103, 'nmae': 0.37334631138630103, 'relative_mse': 0.07947665029980572}
2026-08-07 00:58:58,532 INFO [training.train] step=5000 train_batch={'nmse': 0.3240063039436936}
2026-08-07 00:59:00,647 INFO [training.train] step=5000 valid[valid1]={'mse': 0.49723844020439395, 'nmse': 0.49723844020439395, 'mae': 0.37320819484722956, 'nmae': 0.37320819484722956, 'relative_mse': 0.0780248438752063}
2026-08-07 00:59:15,341 INFO [training.train] step=6000 train_batch={'nmse': 0.3507473490908742}
2026-08-07 00:59:17,451 INFO [training.train] step=6000 valid[valid1]={'mse': 0.4921399622555014, 'nmse': 0.4921399622555014, 'mae': 0.3703817002475846, 'nmae': 0.3703817002475846, 'relative_mse': 0.07695752600543707}
2026-08-07 00:59:32,115 INFO [training.train] step=7000 train_batch={'nmse': 0.3178904769197106}
2026-08-07 00:59:34,228 INFO [training.train] step=7000 valid[valid1]={'mse': 0.48044786196750333, 'nmse': 0.48044786196750333, 'mae': 0.36021958378579655, 'nmae': 0.36021958378579655, 'relative_mse': 0.07477234416238693}
2026-08-07 00:59:48,899 INFO [training.train] step=8000 train_batch={'nmse': 0.30012212095037105}
2026-08-07 00:59:51,118 INFO [training.train] step=8000 valid[valid1]={'mse': 0.47962799018423746, 'nmse': 0.47962799018423746, 'mae': 0.35940690400655956, 'nmae': 0.35940690400655956, 'relative_mse': 0.07402191060781946}
2026-08-07 01:00:05,805 INFO [training.train] step=9000 train_batch={'nmse': 0.3246155443526804}
2026-08-07 01:00:07,921 INFO [training.train] step=9000 valid[valid1]={'mse': 0.46956198776150593, 'nmse': 0.46956198776150593, 'mae': 0.3496688992932461, 'nmae': 0.3496688992932461, 'relative_mse': 0.07250512526809846}
2026-08-07 01:00:22,600 INFO [training.train] step=10000 train_batch={'nmse': 0.2724107797369361}
2026-08-07 01:00:24,709 INFO [training.train] step=10000 valid[valid1]={'mse': 0.47566775233196124, 'nmse': 0.47566775233196124, 'mae': 0.35636341795214277, 'nmae': 0.35636341795214277, 'relative_mse': 0.07291722705221584}
2026-08-07 01:00:24,710 INFO [training.train] training_done steps=10000 seconds=168.20
2026-08-07 01:00:24,838 INFO [__main__] saved criterion_loss=criterion_loss.pdf
2026-08-07 01:00:24,838 INFO [__main__] training done
2026-08-07 01:00:24,838 INFO [__main__] evaluation start
2026-08-07 01:00:34,772 INFO [__main__] evaluation done
2026-08-07 01:00:34,773 INFO [__main__] experiment done seconds=935.20
2026-08-07 01:00:34,773 INFO [__main__] ========================================================================
2026-08-07 01:00:34,784 INFO [__main__] ========================================================================
2026-08-07 01:00:34,784 INFO [__main__] experiment model=patchtst out=/home/h61084/codes/timetensors/outputs/constants/electricity/336_48/patchtst_remove_train_windows/seed_3 rebuild_dataset=False evaluate=True
2026-08-07 01:00:34,784 INFO [__main__] stats recompute=True
2026-08-07 01:00:34,784 INFO [__main__] dataset rebuild skipped
2026-08-07 01:00:34,784 INFO [__main__] training start
2026-08-07 01:13:07,370 INFO [training.train] device requested=gpu resolved=cuda:0 cuda=True
2026-08-07 01:13:07,381 INFO [training.train] data_shape=[336, 1, 48]
2026-08-07 01:13:07,381 INFO [training.train] Splits:
train	idx_mode=random	{'values': (312, 1, 26304), 'individual_context': None, 'global_context': None, 'sampled_individuals': 312, 'sampled_dates': 15399, 'samples': 1}
valid1	idx_mode=all	{'values': (312, 1, 26304), 'individual_context': None, 'global_context': None, 'sampled_individuals': 312, 'sampled_dates': 109, 'samples': 34008}
test1	idx_mode=all	{'values': (312, 1, 26304), 'individual_context': None, 'global_context': None, 'sampled_individuals': 312, 'sampled_dates': 109, 'samples': 34008}
2026-08-07 01:13:07,381 INFO [training.train] Batch:
 batches=train=1, valid1=133, test1=133
 inputs=[1, 1, 336]
 targets=[1, 1, 48]
 individual_context=None
 global_context=None
2026-08-07 01:13:07,388 INFO [training.train] training epochs=10000 steps_per_epoch=1 total_steps=10000 valid_eval_freq=1000 logging_eval_freq=1000
2026-08-07 01:13:22,104 INFO [training.train] step=1000 train_batch={'nmse': 0.5567322322502732}
2026-08-07 01:13:24,262 INFO [training.train] step=1000 valid[valid1]={'mse': 0.5588758904298483, 'nmse': 0.5588758904298483, 'mae': 0.40996037428401305, 'nmae': 0.40996037428401305, 'relative_mse': 0.0961201200482986}
2026-08-07 01:13:38,971 INFO [training.train] step=2000 train_batch={'nmse': 0.8274572993591428}
2026-08-07 01:13:41,104 INFO [training.train] step=2000 valid[valid1]={'mse': 0.5382358699389684, 'nmse': 0.5382358699389684, 'mae': 0.4035465943713305, 'nmae': 0.4035465943713305, 'relative_mse': 0.08883098793957062}
2026-08-07 01:13:55,790 INFO [training.train] step=3000 train_batch={'nmse': 2.1511499230340125}
2026-08-07 01:13:57,993 INFO [training.train] step=3000 valid[valid1]={'mse': 0.5139688080379582, 'nmse': 0.5139688080379582, 'mae': 0.38464532937572055, 'nmae': 0.38464532937572055, 'relative_mse': 0.08376316882896019}
2026-08-07 01:14:12,677 INFO [training.train] step=4000 train_batch={'nmse': 0.36924593122303484}
2026-08-07 01:14:14,820 INFO [training.train] step=4000 valid[valid1]={'mse': 0.5048530433240203, 'nmse': 0.5048530433240203, 'mae': 0.3790334617634488, 'nmae': 0.3790334617634488, 'relative_mse': 0.08084171121002487}
2026-08-07 01:14:29,553 INFO [training.train] step=5000 train_batch={'nmse': 0.3347088741287589}
2026-08-07 01:14:31,677 INFO [training.train] step=5000 valid[valid1]={'mse': 0.4939413849142573, 'nmse': 0.4939413849142573, 'mae': 0.36914033754418, 'nmae': 0.36914033754418, 'relative_mse': 0.07849067169610616}
2026-08-07 01:14:46,358 INFO [training.train] step=6000 train_batch={'nmse': 0.5618748363479972}
2026-08-07 01:14:48,473 INFO [training.train] step=6000 valid[valid1]={'mse': 0.48385891442877316, 'nmse': 0.48385891442877316, 'mae': 0.3621628694811737, 'nmae': 0.3621628694811737, 'relative_mse': 0.07627312671359564}
2026-08-07 01:15:03,179 INFO [training.train] step=7000 train_batch={'nmse': 0.5100103176236153}
2026-08-07 01:15:05,395 INFO [training.train] step=7000 valid[valid1]={'mse': 0.4909547606720734, 'nmse': 0.4909547606720734, 'mae': 0.3689447872724513, 'nmae': 0.3689447872724513, 'relative_mse': 0.07705292348009946}
2026-08-07 01:15:20,111 INFO [training.train] step=8000 train_batch={'nmse': 0.4616493215709925}
2026-08-07 01:15:22,236 INFO [training.train] step=8000 valid[valid1]={'mse': 0.48403384916774717, 'nmse': 0.48403384916774717, 'mae': 0.36286690980511477, 'nmae': 0.36286690980511477, 'relative_mse': 0.07612653553724233}
2026-08-07 01:15:36,934 INFO [training.train] step=9000 train_batch={'nmse': 0.270622460372746}
2026-08-07 01:15:39,057 INFO [training.train] step=9000 valid[valid1]={'mse': 0.4729250678546492, 'nmse': 0.4729250678546492, 'mae': 0.3504180508875841, 'nmae': 0.3504180508875841, 'relative_mse': 0.07388926257173342}
2026-08-07 01:15:53,733 INFO [training.train] step=10000 train_batch={'nmse': 0.2806250275857747}
2026-08-07 01:15:55,848 INFO [training.train] step=10000 valid[valid1]={'mse': 0.47336401206918166, 'nmse': 0.47336401206918166, 'mae': 0.3540163679533469, 'nmae': 0.3540163679533469, 'relative_mse': 0.0736384704179748}
2026-08-07 01:15:55,849 INFO [training.train] training_done steps=10000 seconds=168.46
2026-08-07 01:15:56,002 INFO [__main__] saved criterion_loss=criterion_loss.pdf
2026-08-07 01:15:56,002 INFO [__main__] training done
2026-08-07 01:15:56,002 INFO [__main__] evaluation start
2026-08-07 01:16:05,979 INFO [__main__] evaluation done
2026-08-07 01:16:05,980 INFO [__main__] experiment done seconds=931.20
2026-08-07 01:16:05,980 INFO [__main__] ========================================================================

2026-08-07T01:16:06+02:00 configuration dataset=electricity lags=336 horizon=48 method=patchtst_remove_eval_windows module=scripts.experiment requested_seeds=1,2,3 run_seeds=1,2,3 data_root=/home/h61084/codes/timetensors/../datasets train_sampling=random train_stride=1 eval_sampling=all eval_stride=48 batch_size=256 learning_rate=1e-5 epochs=10000 rebuild_dataset=false rebuild_reason=not_needed overrides=+model.name=patchtst +model.path=patchtst +normalization.name=instance +data.sampling.remove_train_cte=false +data.sampling.remove_eval_cte=true ++data.sampling.drop_train_constant_individuals=false ++data.sampling.drop_eval_constant_individuals=false
2026-08-07 01:16:11,475 INFO [__main__] ========================================================================
2026-08-07 01:16:11,475 INFO [__main__] experiment model=patchtst out=/home/h61084/codes/timetensors/outputs/constants/electricity/336_48/patchtst_remove_eval_windows/seed_1 rebuild_dataset=False evaluate=True
2026-08-07 01:16:11,475 INFO [__main__] stats recompute=True
2026-08-07 01:16:11,475 INFO [__main__] dataset rebuild skipped
2026-08-07 01:16:11,475 INFO [__main__] training start
2026-08-07 01:20:43,526 INFO [training.train] device requested=gpu resolved=cuda:0 cuda=True
2026-08-07 01:20:43,527 INFO [training.train] data_shape=[336, 1, 48]
2026-08-07 01:20:43,527 INFO [training.train] Splits:
train	idx_mode=random	{'values': (312, 1, 26304), 'individual_context': None, 'global_context': None, 'sampled_individuals': 312, 'sampled_dates': 15399, 'samples': 1}
valid1	idx_mode=all	{'values': (312, 1, 26304), 'individual_context': None, 'global_context': None, 'sampled_individuals': 312, 'sampled_dates': 109, 'samples': 34008}
test1	idx_mode=all	{'values': (312, 1, 26304), 'individual_context': None, 'global_context': None, 'sampled_individuals': 312, 'sampled_dates': 109, 'samples': 34008}
2026-08-07 01:20:43,527 INFO [training.train] Batch:
 batches=train=1, valid1=133, test1=133
 inputs=[1, 1, 336]
 targets=[1, 1, 48]
 individual_context=None
 global_context=None
2026-08-07 01:20:43,533 INFO [training.train] training epochs=10000 steps_per_epoch=1 total_steps=10000 valid_eval_freq=1000 logging_eval_freq=1000
2026-08-07 01:20:51,438 INFO [training.train] step=1000 train_batch={'nmse': 0.5696766712367535}
2026-08-07 01:20:54,505 INFO [training.train] step=1000 valid[valid1]={'mse': 0.5684717304424465, 'nmse': 0.5684717304424465, 'mae': 0.4256215711336533, 'nmae': 0.4256215711336533, 'relative_mse': 0.09541955787247698}
2026-08-07 01:21:00,188 INFO [training.train] step=2000 train_batch={'nmse': 0.40860075020045045}
2026-08-07 01:21:03,236 INFO [training.train] step=2000 valid[valid1]={'mse': 0.5261720636260563, 'nmse': 0.5261720636260563, 'mae': 0.3953022095004147, 'nmae': 0.3953022095004147, 'relative_mse': 0.08619473495175303}
2026-08-07 01:21:08,927 INFO [training.train] step=3000 train_batch={'nmse': 0.3999022126346827}
2026-08-07 01:21:12,070 INFO [training.train] step=3000 valid[valid1]={'mse': 0.49895823243963083, 'nmse': 0.49895823243963083, 'mae': 0.3725068436261206, 'nmae': 0.3725068436261206, 'relative_mse': 0.08056217835368824}
2026-08-07 01:21:17,769 INFO [training.train] step=4000 train_batch={'nmse': 0.4793694667369127}
2026-08-07 01:21:20,819 INFO [training.train] step=4000 valid[valid1]={'mse': 0.4994091725504596, 'nmse': 0.4994091725504596, 'mae': 0.37531369386593855, 'nmae': 0.37531369386593855, 'relative_mse': 0.07923436125596252}
2026-08-07 01:21:26,505 INFO [training.train] step=5000 train_batch={'nmse': 0.3250538283288479}
2026-08-07 01:21:29,546 INFO [training.train] step=5000 valid[valid1]={'mse': 0.4775996395515795, 'nmse': 0.4775996395515795, 'mae': 0.3534441286654021, 'nmae': 0.3534441286654021, 'relative_mse': 0.07521622359289952}
2026-08-07 01:21:35,237 INFO [training.train] step=6000 train_batch={'nmse': 0.2945640477463603}
2026-08-07 01:21:38,385 INFO [training.train] step=6000 valid[valid1]={'mse': 0.47945904602754313, 'nmse': 0.47945904602754313, 'mae': 0.3580421150726196, 'nmae': 0.3580421150726196, 'relative_mse': 0.07510448118139695}
2026-08-07 01:21:44,065 INFO [training.train] step=7000 train_batch={'nmse': 2.5561927869990466}
2026-08-07 01:21:47,113 INFO [training.train] step=7000 valid[valid1]={'mse': 0.47775113991098966, 'nmse': 0.47775113991098966, 'mae': 0.35653462870246444, 'nmae': 0.35653462870246444, 'relative_mse': 0.07454240145444366}
2026-08-07 01:21:52,802 INFO [training.train] step=8000 train_batch={'nmse': 0.3511593242175877}
2026-08-07 01:21:55,851 INFO [training.train] step=8000 valid[valid1]={'mse': 0.4747515698372126, 'nmse': 0.4747515698372126, 'mae': 0.3531879104091393, 'nmae': 0.3531879104091393, 'relative_mse': 0.07421382634693768}
2026-08-07 01:22:01,538 INFO [training.train] step=9000 train_batch={'nmse': 0.5437831071019172}
2026-08-07 01:22:04,682 INFO [training.train] step=9000 valid[valid1]={'mse': 0.4666301317797505, 'nmse': 0.4666301317797505, 'mae': 0.34591573417434446, 'nmae': 0.34591573417434446, 'relative_mse': 0.07226067832392505}
2026-08-07 01:22:10,369 INFO [training.train] step=10000 train_batch={'nmse': 0.27511036817729473}
2026-08-07 01:22:13,435 INFO [training.train] step=10000 valid[valid1]={'mse': 0.4659929301685832, 'nmse': 0.4659929301685832, 'mae': 0.3441870671519577, 'nmae': 0.3441870671519577, 'relative_mse': 0.07231894769940032}
2026-08-07 01:22:13,435 INFO [training.train] training_done steps=10000 seconds=89.90
2026-08-07 01:22:13,838 INFO [__main__] saved criterion_loss=criterion_loss.pdf
2026-08-07 01:22:13,838 INFO [__main__] training done
2026-08-07 01:22:13,838 INFO [__main__] evaluation start
2026-08-07 01:22:27,461 INFO [__main__] evaluation done
2026-08-07 01:22:27,462 INFO [__main__] experiment done seconds=375.99
2026-08-07 01:22:27,462 INFO [__main__] ========================================================================
2026-08-07 01:22:27,475 INFO [__main__] ========================================================================
2026-08-07 01:22:27,475 INFO [__main__] experiment model=patchtst out=/home/h61084/codes/timetensors/outputs/constants/electricity/336_48/patchtst_remove_eval_windows/seed_2 rebuild_dataset=False evaluate=True
2026-08-07 01:22:27,475 INFO [__main__] stats recompute=True
2026-08-07 01:22:27,475 INFO [__main__] dataset rebuild skipped
2026-08-07 01:22:27,475 INFO [__main__] training start
2026-08-07 01:26:58,605 INFO [training.train] device requested=gpu resolved=cuda:0 cuda=True
2026-08-07 01:26:58,606 INFO [training.train] data_shape=[336, 1, 48]
2026-08-07 01:26:58,606 INFO [training.train] Splits:
train	idx_mode=random	{'values': (312, 1, 26304), 'individual_context': None, 'global_context': None, 'sampled_individuals': 312, 'sampled_dates': 15399, 'samples': 1}
valid1	idx_mode=all	{'values': (312, 1, 26304), 'individual_context': None, 'global_context': None, 'sampled_individuals': 312, 'sampled_dates': 109, 'samples': 34008}
test1	idx_mode=all	{'values': (312, 1, 26304), 'individual_context': None, 'global_context': None, 'sampled_individuals': 312, 'sampled_dates': 109, 'samples': 34008}
2026-08-07 01:26:58,606 INFO [training.train] Batch:
 batches=train=1, valid1=133, test1=133
 inputs=[1, 1, 336]
 targets=[1, 1, 48]
 individual_context=None
 global_context=None
2026-08-07 01:26:58,614 INFO [training.train] training epochs=10000 steps_per_epoch=1 total_steps=10000 valid_eval_freq=1000 logging_eval_freq=1000
2026-08-07 01:27:04,324 INFO [training.train] step=1000 train_batch={'nmse': 0.7045551788061857}
2026-08-07 01:27:07,428 INFO [training.train] step=1000 valid[valid1]={'mse': 0.566847013546646, 'nmse': 0.566847013546646, 'mae': 0.41937373907698994, 'nmae': 0.41937373907698994, 'relative_mse': 0.09638968460383925}
2026-08-07 01:27:13,130 INFO [training.train] step=2000 train_batch={'nmse': 0.4388174016550183}
2026-08-07 01:27:16,204 INFO [training.train] step=2000 valid[valid1]={'mse': 0.5337701203878614, 'nmse': 0.5337701203878614, 'mae': 0.3977679497380729, 'nmae': 0.3977679497380729, 'relative_mse': 0.08731834106816223}
2026-08-07 01:27:21,918 INFO [training.train] step=3000 train_batch={'nmse': 0.3675760219171643}
2026-08-07 01:27:25,102 INFO [training.train] step=3000 valid[valid1]={'mse': 0.5116391287760053, 'nmse': 0.5116391287760053, 'mae': 0.3823678996210929, 'nmae': 0.3823678996210929, 'relative_mse': 0.08176479210229534}
2026-08-07 01:27:30,822 INFO [training.train] step=4000 train_batch={'nmse': 0.5609114184230566}
2026-08-07 01:27:33,899 INFO [training.train] step=4000 valid[valid1]={'mse': 0.49973502989554885, 'nmse': 0.49973502989554885, 'mae': 0.37334631138630103, 'nmae': 0.37334631138630103, 'relative_mse': 0.07947665029980572}
2026-08-07 01:27:39,612 INFO [training.train] step=5000 train_batch={'nmse': 0.3240063039436936}
2026-08-07 01:27:42,696 INFO [training.train] step=5000 valid[valid1]={'mse': 0.49723844020439395, 'nmse': 0.49723844020439395, 'mae': 0.37320819484722956, 'nmae': 0.37320819484722956, 'relative_mse': 0.0780248438752063}
2026-08-07 01:27:48,407 INFO [training.train] step=6000 train_batch={'nmse': 0.3507473490908742}
2026-08-07 01:27:51,477 INFO [training.train] step=6000 valid[valid1]={'mse': 0.4921399622555014, 'nmse': 0.4921399622555014, 'mae': 0.3703817002475846, 'nmae': 0.3703817002475846, 'relative_mse': 0.07695752600543707}
2026-08-07 01:27:57,188 INFO [training.train] step=7000 train_batch={'nmse': 0.3178904769197106}
2026-08-07 01:28:00,362 INFO [training.train] step=7000 valid[valid1]={'mse': 0.48044786196750333, 'nmse': 0.48044786196750333, 'mae': 0.36021958378579655, 'nmae': 0.36021958378579655, 'relative_mse': 0.07477234416238693}
2026-08-07 01:28:06,075 INFO [training.train] step=8000 train_batch={'nmse': 0.30012212095037105}
2026-08-07 01:28:09,149 INFO [training.train] step=8000 valid[valid1]={'mse': 0.47962799018423746, 'nmse': 0.47962799018423746, 'mae': 0.35940690400655956, 'nmae': 0.35940690400655956, 'relative_mse': 0.07402191060781946}
2026-08-07 01:28:14,870 INFO [training.train] step=9000 train_batch={'nmse': 0.3246155443526804}
2026-08-07 01:28:17,965 INFO [training.train] step=9000 valid[valid1]={'mse': 0.46956198776150593, 'nmse': 0.46956198776150593, 'mae': 0.3496688992932461, 'nmae': 0.3496688992932461, 'relative_mse': 0.07250512526809846}
2026-08-07 01:28:23,683 INFO [training.train] step=10000 train_batch={'nmse': 0.2724107797369361}
2026-08-07 01:28:26,860 INFO [training.train] step=10000 valid[valid1]={'mse': 0.47566775233196124, 'nmse': 0.47566775233196124, 'mae': 0.35636341795214277, 'nmae': 0.35636341795214277, 'relative_mse': 0.07291722705221584}
2026-08-07 01:28:26,860 INFO [training.train] training_done steps=10000 seconds=88.25
2026-08-07 01:28:26,990 INFO [__main__] saved criterion_loss=criterion_loss.pdf
2026-08-07 01:28:26,990 INFO [__main__] training done
2026-08-07 01:28:26,990 INFO [__main__] evaluation start
2026-08-07 01:28:40,517 INFO [__main__] evaluation done
2026-08-07 01:28:40,517 INFO [__main__] experiment done seconds=373.04
2026-08-07 01:28:40,517 INFO [__main__] ========================================================================
2026-08-07 01:28:40,528 INFO [__main__] ========================================================================
2026-08-07 01:28:40,528 INFO [__main__] experiment model=patchtst out=/home/h61084/codes/timetensors/outputs/constants/electricity/336_48/patchtst_remove_eval_windows/seed_3 rebuild_dataset=False evaluate=True
2026-08-07 01:28:40,528 INFO [__main__] stats recompute=True
2026-08-07 01:28:40,528 INFO [__main__] dataset rebuild skipped
2026-08-07 01:28:40,528 INFO [__main__] training start
2026-08-07 01:33:10,508 INFO [training.train] device requested=gpu resolved=cuda:0 cuda=True
2026-08-07 01:33:10,509 INFO [training.train] data_shape=[336, 1, 48]
2026-08-07 01:33:10,509 INFO [training.train] Splits:
train	idx_mode=random	{'values': (312, 1, 26304), 'individual_context': None, 'global_context': None, 'sampled_individuals': 312, 'sampled_dates': 15399, 'samples': 1}
valid1	idx_mode=all	{'values': (312, 1, 26304), 'individual_context': None, 'global_context': None, 'sampled_individuals': 312, 'sampled_dates': 109, 'samples': 34008}
test1	idx_mode=all	{'values': (312, 1, 26304), 'individual_context': None, 'global_context': None, 'sampled_individuals': 312, 'sampled_dates': 109, 'samples': 34008}
2026-08-07 01:33:10,509 INFO [training.train] Batch:
 batches=train=1, valid1=133, test1=133
 inputs=[1, 1, 336]
 targets=[1, 1, 48]
 individual_context=None
 global_context=None
2026-08-07 01:33:10,517 INFO [training.train] training epochs=10000 steps_per_epoch=1 total_steps=10000 valid_eval_freq=1000 logging_eval_freq=1000
2026-08-07 01:33:16,227 INFO [training.train] step=1000 train_batch={'nmse': 0.5567322322502732}
2026-08-07 01:33:19,441 INFO [training.train] step=1000 valid[valid1]={'mse': 0.5588758904298483, 'nmse': 0.5588758904298483, 'mae': 0.40996037428401305, 'nmae': 0.40996037428401305, 'relative_mse': 0.0961201200482986}
2026-08-07 01:33:25,170 INFO [training.train] step=2000 train_batch={'nmse': 0.8274572993591428}
2026-08-07 01:33:28,243 INFO [training.train] step=2000 valid[valid1]={'mse': 0.5382358699389684, 'nmse': 0.5382358699389684, 'mae': 0.4035465943713305, 'nmae': 0.4035465943713305, 'relative_mse': 0.08883098793957062}
2026-08-07 01:33:33,962 INFO [training.train] step=3000 train_batch={'nmse': 2.1511499230340125}
2026-08-07 01:33:37,045 INFO [training.train] step=3000 valid[valid1]={'mse': 0.5139688080379582, 'nmse': 0.5139688080379582, 'mae': 0.38464532937572055, 'nmae': 0.38464532937572055, 'relative_mse': 0.08376316882896019}
2026-08-07 01:33:42,755 INFO [training.train] step=4000 train_batch={'nmse': 0.36924593122303484}
2026-08-07 01:33:45,906 INFO [training.train] step=4000 valid[valid1]={'mse': 0.5048530433240203, 'nmse': 0.5048530433240203, 'mae': 0.3790334617634488, 'nmae': 0.3790334617634488, 'relative_mse': 0.08084171121002487}
2026-08-07 01:33:51,617 INFO [training.train] step=5000 train_batch={'nmse': 0.3347088741287589}
2026-08-07 01:33:54,707 INFO [training.train] step=5000 valid[valid1]={'mse': 0.4939413849142573, 'nmse': 0.4939413849142573, 'mae': 0.36914033754418, 'nmae': 0.36914033754418, 'relative_mse': 0.07849067169610616}
2026-08-07 01:34:00,455 INFO [training.train] step=6000 train_batch={'nmse': 0.5618748363479972}
2026-08-07 01:34:03,526 INFO [training.train] step=6000 valid[valid1]={'mse': 0.48385891442877316, 'nmse': 0.48385891442877316, 'mae': 0.3621628694811737, 'nmae': 0.3621628694811737, 'relative_mse': 0.07627312671359564}
2026-08-07 01:34:09,231 INFO [training.train] step=7000 train_batch={'nmse': 0.5100103176236153}
2026-08-07 01:34:12,338 INFO [training.train] step=7000 valid[valid1]={'mse': 0.4909547606720734, 'nmse': 0.4909547606720734, 'mae': 0.3689447872724513, 'nmae': 0.3689447872724513, 'relative_mse': 0.07705292348009946}
2026-08-07 01:34:18,049 INFO [training.train] step=8000 train_batch={'nmse': 0.4616493215709925}
2026-08-07 01:34:21,217 INFO [training.train] step=8000 valid[valid1]={'mse': 0.48403384916774717, 'nmse': 0.48403384916774717, 'mae': 0.36286690980511477, 'nmae': 0.36286690980511477, 'relative_mse': 0.07612653553724233}
2026-08-07 01:34:26,927 INFO [training.train] step=9000 train_batch={'nmse': 0.270622460372746}
2026-08-07 01:34:30,004 INFO [training.train] step=9000 valid[valid1]={'mse': 0.4729250678546492, 'nmse': 0.4729250678546492, 'mae': 0.3504180508875841, 'nmae': 0.3504180508875841, 'relative_mse': 0.07388926257173342}
2026-08-07 01:34:35,711 INFO [training.train] step=10000 train_batch={'nmse': 0.2806250275857747}
2026-08-07 01:34:38,798 INFO [training.train] step=10000 valid[valid1]={'mse': 0.47336401206918166, 'nmse': 0.47336401206918166, 'mae': 0.3540163679533469, 'nmae': 0.3540163679533469, 'relative_mse': 0.0736384704179748}
2026-08-07 01:34:38,798 INFO [training.train] training_done steps=10000 seconds=88.28
2026-08-07 01:34:38,950 INFO [__main__] saved criterion_loss=criterion_loss.pdf
2026-08-07 01:34:38,950 INFO [__main__] training done
2026-08-07 01:34:38,950 INFO [__main__] evaluation start
2026-08-07 01:34:52,688 INFO [__main__] evaluation done
2026-08-07 01:34:52,688 INFO [__main__] experiment done seconds=372.16
2026-08-07 01:34:52,688 INFO [__main__] ========================================================================

2026-08-07T01:34:53+02:00 configuration dataset=electricity lags=336 horizon=48 method=patchtst_remove_all_windows module=scripts.experiment requested_seeds=1,2,3 run_seeds=1,2,3 data_root=/home/h61084/codes/timetensors/../datasets train_sampling=random train_stride=1 eval_sampling=all eval_stride=48 batch_size=256 learning_rate=1e-5 epochs=10000 rebuild_dataset=false rebuild_reason=not_needed overrides=+model.name=patchtst +model.path=patchtst +normalization.name=instance +data.sampling.remove_train_cte=true +data.sampling.remove_eval_cte=true ++data.sampling.drop_train_constant_individuals=false ++data.sampling.drop_eval_constant_individuals=false
2026-08-07 01:34:57,918 INFO [__main__] ========================================================================
2026-08-07 01:34:57,918 INFO [__main__] experiment model=patchtst out=/home/h61084/codes/timetensors/outputs/constants/electricity/336_48/patchtst_remove_all_windows/seed_1 rebuild_dataset=False evaluate=True
2026-08-07 01:34:57,918 INFO [__main__] stats recompute=True
2026-08-07 01:34:57,918 INFO [__main__] dataset rebuild skipped
2026-08-07 01:34:57,918 INFO [__main__] training start
2026-08-07 01:47:03,750 INFO [training.train] device requested=gpu resolved=cuda:0 cuda=True
2026-08-07 01:47:03,760 INFO [training.train] data_shape=[336, 1, 48]
2026-08-07 01:47:03,760 INFO [training.train] Splits:
train	idx_mode=random	{'values': (312, 1, 26304), 'individual_context': None, 'global_context': None, 'sampled_individuals': 312, 'sampled_dates': 15399, 'samples': 1}
valid1	idx_mode=all	{'values': (312, 1, 26304), 'individual_context': None, 'global_context': None, 'sampled_individuals': 312, 'sampled_dates': 109, 'samples': 34008}
test1	idx_mode=all	{'values': (312, 1, 26304), 'individual_context': None, 'global_context': None, 'sampled_individuals': 312, 'sampled_dates': 109, 'samples': 34008}
2026-08-07 01:47:03,760 INFO [training.train] Batch:
 batches=train=1, valid1=133, test1=133
 inputs=[1, 1, 336]
 targets=[1, 1, 48]
 individual_context=None
 global_context=None
2026-08-07 01:47:03,766 INFO [training.train] training epochs=10000 steps_per_epoch=1 total_steps=10000 valid_eval_freq=1000 logging_eval_freq=1000
2026-08-07 01:47:20,258 INFO [training.train] step=1000 train_batch={'nmse': 0.5696766712367535}
2026-08-07 01:47:23,289 INFO [training.train] step=1000 valid[valid1]={'mse': 0.5684717304424465, 'nmse': 0.5684717304424465, 'mae': 0.4256215711336533, 'nmae': 0.4256215711336533, 'relative_mse': 0.09541955787247698}
2026-08-07 01:47:37,568 INFO [training.train] step=2000 train_batch={'nmse': 0.40860075020045045}
2026-08-07 01:47:40,597 INFO [training.train] step=2000 valid[valid1]={'mse': 0.5261720636260563, 'nmse': 0.5261720636260563, 'mae': 0.3953022095004147, 'nmae': 0.3953022095004147, 'relative_mse': 0.08619473495175303}
2026-08-07 01:47:54,806 INFO [training.train] step=3000 train_batch={'nmse': 0.3999022126346827}
2026-08-07 01:47:57,893 INFO [training.train] step=3000 valid[valid1]={'mse': 0.49895823243963083, 'nmse': 0.49895823243963083, 'mae': 0.3725068436261206, 'nmae': 0.3725068436261206, 'relative_mse': 0.08056217835368824}
2026-08-07 01:48:12,131 INFO [training.train] step=4000 train_batch={'nmse': 0.4793694667369127}
2026-08-07 01:48:15,131 INFO [training.train] step=4000 valid[valid1]={'mse': 0.4994091725504596, 'nmse': 0.4994091725504596, 'mae': 0.37531369386593855, 'nmae': 0.37531369386593855, 'relative_mse': 0.07923436125596252}
2026-08-07 01:48:29,373 INFO [training.train] step=5000 train_batch={'nmse': 0.3250538283288479}
2026-08-07 01:48:32,382 INFO [training.train] step=5000 valid[valid1]={'mse': 0.4775996395515795, 'nmse': 0.4775996395515795, 'mae': 0.3534441286654021, 'nmae': 0.3534441286654021, 'relative_mse': 0.07521622359289952}
2026-08-07 01:48:46,610 INFO [training.train] step=6000 train_batch={'nmse': 0.2945640477463603}
2026-08-07 01:48:49,683 INFO [training.train] step=6000 valid[valid1]={'mse': 0.47945904602754313, 'nmse': 0.47945904602754313, 'mae': 0.3580421150726196, 'nmae': 0.3580421150726196, 'relative_mse': 0.07510448118139695}
2026-08-07 01:49:03,911 INFO [training.train] step=7000 train_batch={'nmse': 2.5561927869990466}
2026-08-07 01:49:06,914 INFO [training.train] step=7000 valid[valid1]={'mse': 0.47775113991098966, 'nmse': 0.47775113991098966, 'mae': 0.35653462870246444, 'nmae': 0.35653462870246444, 'relative_mse': 0.07454240145444366}
2026-08-07 01:49:21,161 INFO [training.train] step=8000 train_batch={'nmse': 0.3511593242175877}
2026-08-07 01:49:24,159 INFO [training.train] step=8000 valid[valid1]={'mse': 0.4747515698372126, 'nmse': 0.4747515698372126, 'mae': 0.3531879104091393, 'nmae': 0.3531879104091393, 'relative_mse': 0.07421382634693768}
2026-08-07 01:49:38,403 INFO [training.train] step=9000 train_batch={'nmse': 0.5437831071019172}
2026-08-07 01:49:41,473 INFO [training.train] step=9000 valid[valid1]={'mse': 0.4666301317797505, 'nmse': 0.4666301317797505, 'mae': 0.34591573417434446, 'nmae': 0.34591573417434446, 'relative_mse': 0.07226067832392505}
2026-08-07 01:49:55,720 INFO [training.train] step=10000 train_batch={'nmse': 0.27511036817729473}
2026-08-07 01:49:58,715 INFO [training.train] step=10000 valid[valid1]={'mse': 0.4659929301685832, 'nmse': 0.4659929301685832, 'mae': 0.3441870671519577, 'nmae': 0.3441870671519577, 'relative_mse': 0.07231894769940032}
2026-08-07 01:49:58,715 INFO [training.train] training_done steps=10000 seconds=174.95
2026-08-07 01:49:59,123 INFO [__main__] saved criterion_loss=criterion_loss.pdf
2026-08-07 01:49:59,123 INFO [__main__] training done
2026-08-07 01:49:59,123 INFO [__main__] evaluation start
2026-08-07 01:50:12,642 INFO [__main__] evaluation done
2026-08-07 01:50:12,642 INFO [__main__] experiment done seconds=914.73
2026-08-07 01:50:12,642 INFO [__main__] ========================================================================
2026-08-07 01:50:12,655 INFO [__main__] ========================================================================
2026-08-07 01:50:12,655 INFO [__main__] experiment model=patchtst out=/home/h61084/codes/timetensors/outputs/constants/electricity/336_48/patchtst_remove_all_windows/seed_2 rebuild_dataset=False evaluate=True
2026-08-07 01:50:12,655 INFO [__main__] stats recompute=True
2026-08-07 01:50:12,655 INFO [__main__] dataset rebuild skipped
2026-08-07 01:50:12,655 INFO [__main__] training start
2026-08-07 02:02:20,756 INFO [training.train] device requested=gpu resolved=cuda:0 cuda=True
2026-08-07 02:02:20,766 INFO [training.train] data_shape=[336, 1, 48]
2026-08-07 02:02:20,766 INFO [training.train] Splits:
train	idx_mode=random	{'values': (312, 1, 26304), 'individual_context': None, 'global_context': None, 'sampled_individuals': 312, 'sampled_dates': 15399, 'samples': 1}
valid1	idx_mode=all	{'values': (312, 1, 26304), 'individual_context': None, 'global_context': None, 'sampled_individuals': 312, 'sampled_dates': 109, 'samples': 34008}
test1	idx_mode=all	{'values': (312, 1, 26304), 'individual_context': None, 'global_context': None, 'sampled_individuals': 312, 'sampled_dates': 109, 'samples': 34008}
2026-08-07 02:02:20,766 INFO [training.train] Batch:
 batches=train=1, valid1=133, test1=133
 inputs=[1, 1, 336]
 targets=[1, 1, 48]
 individual_context=None
 global_context=None
2026-08-07 02:02:20,773 INFO [training.train] training epochs=10000 steps_per_epoch=1 total_steps=10000 valid_eval_freq=1000 logging_eval_freq=1000
2026-08-07 02:02:35,051 INFO [training.train] step=1000 train_batch={'nmse': 0.7045551788061857}
2026-08-07 02:02:38,106 INFO [training.train] step=1000 valid[valid1]={'mse': 0.566847013546646, 'nmse': 0.566847013546646, 'mae': 0.41937373907698994, 'nmae': 0.41937373907698994, 'relative_mse': 0.09638968460383925}
2026-08-07 02:02:52,390 INFO [training.train] step=2000 train_batch={'nmse': 0.4388174016550183}
2026-08-07 02:02:55,401 INFO [training.train] step=2000 valid[valid1]={'mse': 0.5337701203878614, 'nmse': 0.5337701203878614, 'mae': 0.3977679497380729, 'nmae': 0.3977679497380729, 'relative_mse': 0.08731834106816223}
2026-08-07 02:03:09,687 INFO [training.train] step=3000 train_batch={'nmse': 0.3675760219171643}
2026-08-07 02:03:12,812 INFO [training.train] step=3000 valid[valid1]={'mse': 0.5116391287760053, 'nmse': 0.5116391287760053, 'mae': 0.3823678996210929, 'nmae': 0.3823678996210929, 'relative_mse': 0.08176479210229534}
2026-08-07 02:03:27,095 INFO [training.train] step=4000 train_batch={'nmse': 0.5609114184230566}
2026-08-07 02:03:30,136 INFO [training.train] step=4000 valid[valid1]={'mse': 0.49973502989554885, 'nmse': 0.49973502989554885, 'mae': 0.37334631138630103, 'nmae': 0.37334631138630103, 'relative_mse': 0.07947665029980572}
2026-08-07 02:03:44,420 INFO [training.train] step=5000 train_batch={'nmse': 0.3240063039436936}
2026-08-07 02:03:47,444 INFO [training.train] step=5000 valid[valid1]={'mse': 0.49723844020439395, 'nmse': 0.49723844020439395, 'mae': 0.37320819484722956, 'nmae': 0.37320819484722956, 'relative_mse': 0.0780248438752063}
2026-08-07 02:04:01,724 INFO [training.train] step=6000 train_batch={'nmse': 0.3507473490908742}
2026-08-07 02:04:04,733 INFO [training.train] step=6000 valid[valid1]={'mse': 0.4921399622555014, 'nmse': 0.4921399622555014, 'mae': 0.3703817002475846, 'nmae': 0.3703817002475846, 'relative_mse': 0.07695752600543707}
2026-08-07 02:04:19,006 INFO [training.train] step=7000 train_batch={'nmse': 0.3178904769197106}
2026-08-07 02:04:22,124 INFO [training.train] step=7000 valid[valid1]={'mse': 0.48044786196750333, 'nmse': 0.48044786196750333, 'mae': 0.36021958378579655, 'nmae': 0.36021958378579655, 'relative_mse': 0.07477234416238693}
2026-08-07 02:04:36,429 INFO [training.train] step=8000 train_batch={'nmse': 0.30012212095037105}
2026-08-07 02:04:39,447 INFO [training.train] step=8000 valid[valid1]={'mse': 0.47962799018423746, 'nmse': 0.47962799018423746, 'mae': 0.35940690400655956, 'nmae': 0.35940690400655956, 'relative_mse': 0.07402191060781946}
2026-08-07 02:04:53,728 INFO [training.train] step=9000 train_batch={'nmse': 0.3246155443526804}
2026-08-07 02:04:56,748 INFO [training.train] step=9000 valid[valid1]={'mse': 0.46956198776150593, 'nmse': 0.46956198776150593, 'mae': 0.3496688992932461, 'nmae': 0.3496688992932461, 'relative_mse': 0.07250512526809846}
2026-08-07 02:05:11,019 INFO [training.train] step=10000 train_batch={'nmse': 0.2724107797369361}
2026-08-07 02:05:14,125 INFO [training.train] step=10000 valid[valid1]={'mse': 0.47566775233196124, 'nmse': 0.47566775233196124, 'mae': 0.35636341795214277, 'nmae': 0.35636341795214277, 'relative_mse': 0.07291722705221584}
2026-08-07 02:05:14,125 INFO [training.train] training_done steps=10000 seconds=173.35
2026-08-07 02:05:14,254 INFO [__main__] saved criterion_loss=criterion_loss.pdf
2026-08-07 02:05:14,254 INFO [__main__] training done
2026-08-07 02:05:14,254 INFO [__main__] evaluation start
2026-08-07 02:05:27,721 INFO [__main__] evaluation done
2026-08-07 02:05:27,721 INFO [__main__] experiment done seconds=915.07
2026-08-07 02:05:27,721 INFO [__main__] ========================================================================
2026-08-07 02:05:27,729 INFO [__main__] ========================================================================
2026-08-07 02:05:27,729 INFO [__main__] experiment model=patchtst out=/home/h61084/codes/timetensors/outputs/constants/electricity/336_48/patchtst_remove_all_windows/seed_3 rebuild_dataset=False evaluate=True
2026-08-07 02:05:27,729 INFO [__main__] stats recompute=True
2026-08-07 02:05:27,729 INFO [__main__] dataset rebuild skipped
2026-08-07 02:05:27,729 INFO [__main__] training start
2026-08-07 02:17:33,688 INFO [training.train] device requested=gpu resolved=cuda:0 cuda=True
2026-08-07 02:17:33,698 INFO [training.train] data_shape=[336, 1, 48]
2026-08-07 02:17:33,698 INFO [training.train] Splits:
train	idx_mode=random	{'values': (312, 1, 26304), 'individual_context': None, 'global_context': None, 'sampled_individuals': 312, 'sampled_dates': 15399, 'samples': 1}
valid1	idx_mode=all	{'values': (312, 1, 26304), 'individual_context': None, 'global_context': None, 'sampled_individuals': 312, 'sampled_dates': 109, 'samples': 34008}
test1	idx_mode=all	{'values': (312, 1, 26304), 'individual_context': None, 'global_context': None, 'sampled_individuals': 312, 'sampled_dates': 109, 'samples': 34008}
2026-08-07 02:17:33,698 INFO [training.train] Batch:
 batches=train=1, valid1=133, test1=133
 inputs=[1, 1, 336]
 targets=[1, 1, 48]
 individual_context=None
 global_context=None
2026-08-07 02:17:33,706 INFO [training.train] training epochs=10000 steps_per_epoch=1 total_steps=10000 valid_eval_freq=1000 logging_eval_freq=1000
2026-08-07 02:17:47,964 INFO [training.train] step=1000 train_batch={'nmse': 0.5567322322502732}
2026-08-07 02:17:51,089 INFO [training.train] step=1000 valid[valid1]={'mse': 0.5588758904298483, 'nmse': 0.5588758904298483, 'mae': 0.40996037428401305, 'nmae': 0.40996037428401305, 'relative_mse': 0.0961201200482986}
2026-08-07 02:18:05,339 INFO [training.train] step=2000 train_batch={'nmse': 0.8274572993591428}
2026-08-07 02:18:08,362 INFO [training.train] step=2000 valid[valid1]={'mse': 0.5382358699389684, 'nmse': 0.5382358699389684, 'mae': 0.4035465943713305, 'nmae': 0.4035465943713305, 'relative_mse': 0.08883098793957062}
2026-08-07 02:18:22,649 INFO [training.train] step=3000 train_batch={'nmse': 2.1511499230340125}
2026-08-07 02:18:25,680 INFO [training.train] step=3000 valid[valid1]={'mse': 0.5139688080379582, 'nmse': 0.5139688080379582, 'mae': 0.38464532937572055, 'nmae': 0.38464532937572055, 'relative_mse': 0.08376316882896019}
2026-08-07 02:18:39,933 INFO [training.train] step=4000 train_batch={'nmse': 0.36924593122303484}
2026-08-07 02:18:43,067 INFO [training.train] step=4000 valid[valid1]={'mse': 0.5048530433240203, 'nmse': 0.5048530433240203, 'mae': 0.3790334617634488, 'nmae': 0.3790334617634488, 'relative_mse': 0.08084171121002487}
2026-08-07 02:18:57,329 INFO [training.train] step=5000 train_batch={'nmse': 0.3347088741287589}
2026-08-07 02:19:00,342 INFO [training.train] step=5000 valid[valid1]={'mse': 0.4939413849142573, 'nmse': 0.4939413849142573, 'mae': 0.36914033754418, 'nmae': 0.36914033754418, 'relative_mse': 0.07849067169610616}
2026-08-07 02:19:14,607 INFO [training.train] step=6000 train_batch={'nmse': 0.5618748363479972}
2026-08-07 02:19:17,635 INFO [training.train] step=6000 valid[valid1]={'mse': 0.48385891442877316, 'nmse': 0.48385891442877316, 'mae': 0.3621628694811737, 'nmae': 0.3621628694811737, 'relative_mse': 0.07627312671359564}
2026-08-07 02:19:31,895 INFO [training.train] step=7000 train_batch={'nmse': 0.5100103176236153}
2026-08-07 02:19:34,910 INFO [training.train] step=7000 valid[valid1]={'mse': 0.4909547606720734, 'nmse': 0.4909547606720734, 'mae': 0.3689447872724513, 'nmae': 0.3689447872724513, 'relative_mse': 0.07705292348009946}
2026-08-07 02:19:49,159 INFO [training.train] step=8000 train_batch={'nmse': 0.4616493215709925}
2026-08-07 02:19:52,275 INFO [training.train] step=8000 valid[valid1]={'mse': 0.48403384916774717, 'nmse': 0.48403384916774717, 'mae': 0.36286690980511477, 'nmae': 0.36286690980511477, 'relative_mse': 0.07612653553724233}
2026-08-07 02:20:06,564 INFO [training.train] step=9000 train_batch={'nmse': 0.270622460372746}
2026-08-07 02:20:09,580 INFO [training.train] step=9000 valid[valid1]={'mse': 0.4729250678546492, 'nmse': 0.4729250678546492, 'mae': 0.3504180508875841, 'nmae': 0.3504180508875841, 'relative_mse': 0.07388926257173342}
2026-08-07 02:20:23,888 INFO [training.train] step=10000 train_batch={'nmse': 0.2806250275857747}
2026-08-07 02:20:26,922 INFO [training.train] step=10000 valid[valid1]={'mse': 0.47336401206918166, 'nmse': 0.47336401206918166, 'mae': 0.3540163679533469, 'nmae': 0.3540163679533469, 'relative_mse': 0.0736384704179748}
2026-08-07 02:20:26,923 INFO [training.train] training_done steps=10000 seconds=173.22
2026-08-07 02:20:27,081 INFO [__main__] saved criterion_loss=criterion_loss.pdf
2026-08-07 02:20:27,081 INFO [__main__] training done
2026-08-07 02:20:27,081 INFO [__main__] evaluation start
2026-08-07 02:20:40,805 INFO [__main__] evaluation done
2026-08-07 02:20:40,806 INFO [__main__] experiment done seconds=913.08
2026-08-07 02:20:40,806 INFO [__main__] ========================================================================

2026-08-07T02:20:41+02:00 configuration dataset=electricity lags=336 horizon=48 method=patchtst_drop_all_users module=scripts.experiment requested_seeds=1,2,3 run_seeds=1,2,3 data_root=/home/h61084/codes/timetensors/../datasets train_sampling=random train_stride=1 eval_sampling=all eval_stride=48 batch_size=256 learning_rate=1e-5 epochs=10000 rebuild_dataset=false rebuild_reason=not_needed overrides=+model.name=patchtst +model.path=patchtst +normalization.name=instance +data.sampling.remove_train_cte=false +data.sampling.remove_eval_cte=false ++data.sampling.drop_train_constant_individuals=true ++data.sampling.drop_eval_constant_individuals=true
2026-08-07 02:20:45,922 INFO [__main__] ========================================================================
2026-08-07 02:20:45,922 INFO [__main__] experiment model=patchtst out=/home/h61084/codes/timetensors/outputs/constants/electricity/336_48/patchtst_drop_all_users/seed_1 rebuild_dataset=False evaluate=True
2026-08-07 02:20:45,922 INFO [__main__] stats recompute=True
2026-08-07 02:20:45,922 INFO [__main__] dataset rebuild skipped
2026-08-07 02:20:45,922 INFO [__main__] training start
2026-08-07 02:25:26,194 INFO [training.train] device requested=gpu resolved=cuda:0 cuda=True
2026-08-07 02:25:26,195 INFO [training.train] data_shape=[336, 1, 48]
2026-08-07 02:25:26,195 INFO [training.train] Splits:
train	idx_mode=random	{'values': (312, 1, 26304), 'individual_context': None, 'global_context': None, 'sampled_individuals': 312, 'sampled_dates': 15399, 'samples': 1}
valid1	idx_mode=all	{'values': (312, 1, 26304), 'individual_context': None, 'global_context': None, 'sampled_individuals': 312, 'sampled_dates': 109, 'samples': 34008}
test1	idx_mode=all	{'values': (312, 1, 26304), 'individual_context': None, 'global_context': None, 'sampled_individuals': 312, 'sampled_dates': 109, 'samples': 34008}
2026-08-07 02:25:26,195 INFO [training.train] Batch:
 batches=train=1, valid1=133, test1=133
 inputs=[1, 1, 336]
 targets=[1, 1, 48]
 individual_context=None
 global_context=None
2026-08-07 02:25:26,201 INFO [training.train] training epochs=10000 steps_per_epoch=1 total_steps=10000 valid_eval_freq=1000 logging_eval_freq=1000
2026-08-07 02:25:34,026 INFO [training.train] step=1000 train_batch={'nmse': 0.5696766712367535}
2026-08-07 02:25:36,073 INFO [training.train] step=1000 valid[valid1]={'mse': 0.5684717304424465, 'nmse': 0.5684717304424465, 'mae': 0.4256215711336533, 'nmae': 0.4256215711336533, 'relative_mse': 0.09541955787247698}
2026-08-07 02:25:41,704 INFO [training.train] step=2000 train_batch={'nmse': 0.40860075020045045}
2026-08-07 02:25:43,760 INFO [training.train] step=2000 valid[valid1]={'mse': 0.5261720636260563, 'nmse': 0.5261720636260563, 'mae': 0.3953022095004147, 'nmae': 0.3953022095004147, 'relative_mse': 0.08619473495175303}
2026-08-07 02:25:49,393 INFO [training.train] step=3000 train_batch={'nmse': 0.3999022126346827}
2026-08-07 02:25:51,460 INFO [training.train] step=3000 valid[valid1]={'mse': 0.49895823243963083, 'nmse': 0.49895823243963083, 'mae': 0.3725068436261206, 'nmae': 0.3725068436261206, 'relative_mse': 0.08056217835368824}
2026-08-07 02:25:57,091 INFO [training.train] step=4000 train_batch={'nmse': 0.4793694667369127}
2026-08-07 02:25:59,204 INFO [training.train] step=4000 valid[valid1]={'mse': 0.4994091725504596, 'nmse': 0.4994091725504596, 'mae': 0.37531369386593855, 'nmae': 0.37531369386593855, 'relative_mse': 0.07923436125596252}
2026-08-07 02:26:04,833 INFO [training.train] step=5000 train_batch={'nmse': 0.3250538283288479}
2026-08-07 02:26:06,878 INFO [training.train] step=5000 valid[valid1]={'mse': 0.4775996395515795, 'nmse': 0.4775996395515795, 'mae': 0.3534441286654021, 'nmae': 0.3534441286654021, 'relative_mse': 0.07521622359289952}
2026-08-07 02:26:12,514 INFO [training.train] step=6000 train_batch={'nmse': 0.2945640477463603}
2026-08-07 02:26:14,561 INFO [training.train] step=6000 valid[valid1]={'mse': 0.47945904602754313, 'nmse': 0.47945904602754313, 'mae': 0.3580421150726196, 'nmae': 0.3580421150726196, 'relative_mse': 0.07510448118139695}
2026-08-07 02:26:20,197 INFO [training.train] step=7000 train_batch={'nmse': 2.5561927869990466}
2026-08-07 02:26:22,336 INFO [training.train] step=7000 valid[valid1]={'mse': 0.47775113991098966, 'nmse': 0.47775113991098966, 'mae': 0.35653462870246444, 'nmae': 0.35653462870246444, 'relative_mse': 0.07454240145444366}
2026-08-07 02:26:27,968 INFO [training.train] step=8000 train_batch={'nmse': 0.3511593242175877}
2026-08-07 02:26:30,020 INFO [training.train] step=8000 valid[valid1]={'mse': 0.4747515698372126, 'nmse': 0.4747515698372126, 'mae': 0.3531879104091393, 'nmae': 0.3531879104091393, 'relative_mse': 0.07421382634693768}
2026-08-07 02:26:35,648 INFO [training.train] step=9000 train_batch={'nmse': 0.5437831071019172}
2026-08-07 02:26:37,694 INFO [training.train] step=9000 valid[valid1]={'mse': 0.4666301317797505, 'nmse': 0.4666301317797505, 'mae': 0.34591573417434446, 'nmae': 0.34591573417434446, 'relative_mse': 0.07226067832392505}
2026-08-07 02:26:43,324 INFO [training.train] step=10000 train_batch={'nmse': 0.27511036817729473}
2026-08-07 02:26:45,371 INFO [training.train] step=10000 valid[valid1]={'mse': 0.4659929301685832, 'nmse': 0.4659929301685832, 'mae': 0.3441870671519577, 'nmae': 0.3441870671519577, 'relative_mse': 0.07231894769940032}
2026-08-07 02:26:45,371 INFO [training.train] training_done steps=10000 seconds=79.17
2026-08-07 02:26:45,870 INFO [__main__] saved criterion_loss=criterion_loss.pdf
2026-08-07 02:26:45,870 INFO [__main__] training done
2026-08-07 02:26:45,870 INFO [__main__] evaluation start
2026-08-07 02:26:55,511 INFO [__main__] evaluation done
2026-08-07 02:26:55,512 INFO [__main__] experiment done seconds=369.59
2026-08-07 02:26:55,512 INFO [__main__] ========================================================================
2026-08-07 02:26:55,521 INFO [__main__] ========================================================================
2026-08-07 02:26:55,521 INFO [__main__] experiment model=patchtst out=/home/h61084/codes/timetensors/outputs/constants/electricity/336_48/patchtst_drop_all_users/seed_2 rebuild_dataset=False evaluate=True
2026-08-07 02:26:55,521 INFO [__main__] stats recompute=True
2026-08-07 02:26:55,521 INFO [__main__] dataset rebuild skipped
2026-08-07 02:26:55,521 INFO [__main__] training start
2026-08-07 02:31:37,231 INFO [training.train] device requested=gpu resolved=cuda:0 cuda=True
2026-08-07 02:31:37,232 INFO [training.train] data_shape=[336, 1, 48]
2026-08-07 02:31:37,232 INFO [training.train] Splits:
train	idx_mode=random	{'values': (312, 1, 26304), 'individual_context': None, 'global_context': None, 'sampled_individuals': 312, 'sampled_dates': 15399, 'samples': 1}
valid1	idx_mode=all	{'values': (312, 1, 26304), 'individual_context': None, 'global_context': None, 'sampled_individuals': 312, 'sampled_dates': 109, 'samples': 34008}
test1	idx_mode=all	{'values': (312, 1, 26304), 'individual_context': None, 'global_context': None, 'sampled_individuals': 312, 'sampled_dates': 109, 'samples': 34008}
2026-08-07 02:31:37,232 INFO [training.train] Batch:
 batches=train=1, valid1=133, test1=133
 inputs=[1, 1, 336]
 targets=[1, 1, 48]
 individual_context=None
 global_context=None
2026-08-07 02:31:37,240 INFO [training.train] training epochs=10000 steps_per_epoch=1 total_steps=10000 valid_eval_freq=1000 logging_eval_freq=1000
2026-08-07 02:31:42,905 INFO [training.train] step=1000 train_batch={'nmse': 0.7045551788061857}
2026-08-07 02:31:45,010 INFO [training.train] step=1000 valid[valid1]={'mse': 0.566847013546646, 'nmse': 0.566847013546646, 'mae': 0.41937373907698994, 'nmae': 0.41937373907698994, 'relative_mse': 0.09638968460383925}
2026-08-07 02:31:50,674 INFO [training.train] step=2000 train_batch={'nmse': 0.4388174016550183}
2026-08-07 02:31:52,732 INFO [training.train] step=2000 valid[valid1]={'mse': 0.5337701203878614, 'nmse': 0.5337701203878614, 'mae': 0.3977679497380729, 'nmae': 0.3977679497380729, 'relative_mse': 0.08731834106816223}
2026-08-07 02:31:58,392 INFO [training.train] step=3000 train_batch={'nmse': 0.3675760219171643}
2026-08-07 02:32:00,545 INFO [training.train] step=3000 valid[valid1]={'mse': 0.5116391287760053, 'nmse': 0.5116391287760053, 'mae': 0.3823678996210929, 'nmae': 0.3823678996210929, 'relative_mse': 0.08176479210229534}
2026-08-07 02:32:06,202 INFO [training.train] step=4000 train_batch={'nmse': 0.5609114184230566}
2026-08-07 02:32:08,256 INFO [training.train] step=4000 valid[valid1]={'mse': 0.49973502989554885, 'nmse': 0.49973502989554885, 'mae': 0.37334631138630103, 'nmae': 0.37334631138630103, 'relative_mse': 0.07947665029980572}
2026-08-07 02:32:13,909 INFO [training.train] step=5000 train_batch={'nmse': 0.3240063039436936}
2026-08-07 02:32:15,962 INFO [training.train] step=5000 valid[valid1]={'mse': 0.49723844020439395, 'nmse': 0.49723844020439395, 'mae': 0.37320819484722956, 'nmae': 0.37320819484722956, 'relative_mse': 0.0780248438752063}
2026-08-07 02:32:21,618 INFO [training.train] step=6000 train_batch={'nmse': 0.3507473490908742}
2026-08-07 02:32:23,672 INFO [training.train] step=6000 valid[valid1]={'mse': 0.4921399622555014, 'nmse': 0.4921399622555014, 'mae': 0.3703817002475846, 'nmae': 0.3703817002475846, 'relative_mse': 0.07695752600543707}
2026-08-07 02:32:29,331 INFO [training.train] step=7000 train_batch={'nmse': 0.3178904769197106}
2026-08-07 02:32:31,384 INFO [training.train] step=7000 valid[valid1]={'mse': 0.48044786196750333, 'nmse': 0.48044786196750333, 'mae': 0.36021958378579655, 'nmae': 0.36021958378579655, 'relative_mse': 0.07477234416238693}
2026-08-07 02:32:37,038 INFO [training.train] step=8000 train_batch={'nmse': 0.30012212095037105}
2026-08-07 02:32:39,193 INFO [training.train] step=8000 valid[valid1]={'mse': 0.47962799018423746, 'nmse': 0.47962799018423746, 'mae': 0.35940690400655956, 'nmae': 0.35940690400655956, 'relative_mse': 0.07402191060781946}
2026-08-07 02:32:44,851 INFO [training.train] step=9000 train_batch={'nmse': 0.3246155443526804}
2026-08-07 02:32:46,910 INFO [training.train] step=9000 valid[valid1]={'mse': 0.46956198776150593, 'nmse': 0.46956198776150593, 'mae': 0.3496688992932461, 'nmae': 0.3496688992932461, 'relative_mse': 0.07250512526809846}
2026-08-07 02:32:52,571 INFO [training.train] step=10000 train_batch={'nmse': 0.2724107797369361}
2026-08-07 02:32:54,626 INFO [training.train] step=10000 valid[valid1]={'mse': 0.47566775233196124, 'nmse': 0.47566775233196124, 'mae': 0.35636341795214277, 'nmae': 0.35636341795214277, 'relative_mse': 0.07291722705221584}
2026-08-07 02:32:54,626 INFO [training.train] training_done steps=10000 seconds=77.39
2026-08-07 02:32:54,758 INFO [__main__] saved criterion_loss=criterion_loss.pdf
2026-08-07 02:32:54,758 INFO [__main__] training done
2026-08-07 02:32:54,758 INFO [__main__] evaluation start
2026-08-07 02:33:04,485 INFO [__main__] evaluation done
2026-08-07 02:33:04,485 INFO [__main__] experiment done seconds=368.97
2026-08-07 02:33:04,485 INFO [__main__] ========================================================================
2026-08-07 02:33:04,492 INFO [__main__] ========================================================================
2026-08-07 02:33:04,492 INFO [__main__] experiment model=patchtst out=/home/h61084/codes/timetensors/outputs/constants/electricity/336_48/patchtst_drop_all_users/seed_3 rebuild_dataset=False evaluate=True
2026-08-07 02:33:04,492 INFO [__main__] stats recompute=True
2026-08-07 02:33:04,492 INFO [__main__] dataset rebuild skipped
2026-08-07 02:33:04,492 INFO [__main__] training start
2026-08-07 02:37:44,938 INFO [training.train] device requested=gpu resolved=cuda:0 cuda=True
2026-08-07 02:37:44,939 INFO [training.train] data_shape=[336, 1, 48]
2026-08-07 02:37:44,939 INFO [training.train] Splits:
train	idx_mode=random	{'values': (312, 1, 26304), 'individual_context': None, 'global_context': None, 'sampled_individuals': 312, 'sampled_dates': 15399, 'samples': 1}
valid1	idx_mode=all	{'values': (312, 1, 26304), 'individual_context': None, 'global_context': None, 'sampled_individuals': 312, 'sampled_dates': 109, 'samples': 34008}
test1	idx_mode=all	{'values': (312, 1, 26304), 'individual_context': None, 'global_context': None, 'sampled_individuals': 312, 'sampled_dates': 109, 'samples': 34008}
2026-08-07 02:37:44,939 INFO [training.train] Batch:
 batches=train=1, valid1=133, test1=133
 inputs=[1, 1, 336]
 targets=[1, 1, 48]
 individual_context=None
 global_context=None
2026-08-07 02:37:44,947 INFO [training.train] training epochs=10000 steps_per_epoch=1 total_steps=10000 valid_eval_freq=1000 logging_eval_freq=1000
2026-08-07 02:37:50,607 INFO [training.train] step=1000 train_batch={'nmse': 0.5567322322502732}
2026-08-07 02:37:52,714 INFO [training.train] step=1000 valid[valid1]={'mse': 0.5588758904298483, 'nmse': 0.5588758904298483, 'mae': 0.40996037428401305, 'nmae': 0.40996037428401305, 'relative_mse': 0.0961201200482986}
2026-08-07 02:37:58,371 INFO [training.train] step=2000 train_batch={'nmse': 0.8274572993591428}
2026-08-07 02:38:00,425 INFO [training.train] step=2000 valid[valid1]={'mse': 0.5382358699389684, 'nmse': 0.5382358699389684, 'mae': 0.4035465943713305, 'nmae': 0.4035465943713305, 'relative_mse': 0.08883098793957062}
2026-08-07 02:38:06,081 INFO [training.train] step=3000 train_batch={'nmse': 2.1511499230340125}
2026-08-07 02:38:08,125 INFO [training.train] step=3000 valid[valid1]={'mse': 0.5139688080379582, 'nmse': 0.5139688080379582, 'mae': 0.38464532937572055, 'nmae': 0.38464532937572055, 'relative_mse': 0.08376316882896019}
2026-08-07 02:38:13,780 INFO [training.train] step=4000 train_batch={'nmse': 0.36924593122303484}
2026-08-07 02:38:15,835 INFO [training.train] step=4000 valid[valid1]={'mse': 0.5048530433240203, 'nmse': 0.5048530433240203, 'mae': 0.3790334617634488, 'nmae': 0.3790334617634488, 'relative_mse': 0.08084171121002487}
2026-08-07 02:38:21,499 INFO [training.train] step=5000 train_batch={'nmse': 0.3347088741287589}
2026-08-07 02:38:23,670 INFO [training.train] step=5000 valid[valid1]={'mse': 0.4939413849142573, 'nmse': 0.4939413849142573, 'mae': 0.36914033754418, 'nmae': 0.36914033754418, 'relative_mse': 0.07849067169610616}
2026-08-07 02:38:29,334 INFO [training.train] step=6000 train_batch={'nmse': 0.5618748363479972}
2026-08-07 02:38:31,387 INFO [training.train] step=6000 valid[valid1]={'mse': 0.48385891442877316, 'nmse': 0.48385891442877316, 'mae': 0.3621628694811737, 'nmae': 0.3621628694811737, 'relative_mse': 0.07627312671359564}
2026-08-07 02:38:37,042 INFO [training.train] step=7000 train_batch={'nmse': 0.5100103176236153}
2026-08-07 02:38:39,089 INFO [training.train] step=7000 valid[valid1]={'mse': 0.4909547606720734, 'nmse': 0.4909547606720734, 'mae': 0.3689447872724513, 'nmae': 0.3689447872724513, 'relative_mse': 0.07705292348009946}
2026-08-07 02:38:44,748 INFO [training.train] step=8000 train_batch={'nmse': 0.4616493215709925}
2026-08-07 02:38:46,800 INFO [training.train] step=8000 valid[valid1]={'mse': 0.48403384916774717, 'nmse': 0.48403384916774717, 'mae': 0.36286690980511477, 'nmae': 0.36286690980511477, 'relative_mse': 0.07612653553724233}
2026-08-07 02:38:52,461 INFO [training.train] step=9000 train_batch={'nmse': 0.270622460372746}
2026-08-07 02:38:54,602 INFO [training.train] step=9000 valid[valid1]={'mse': 0.4729250678546492, 'nmse': 0.4729250678546492, 'mae': 0.3504180508875841, 'nmae': 0.3504180508875841, 'relative_mse': 0.07388926257173342}
2026-08-07 02:39:00,265 INFO [training.train] step=10000 train_batch={'nmse': 0.2806250275857747}
2026-08-07 02:39:02,325 INFO [training.train] step=10000 valid[valid1]={'mse': 0.47336401206918166, 'nmse': 0.47336401206918166, 'mae': 0.3540163679533469, 'nmae': 0.3540163679533469, 'relative_mse': 0.0736384704179748}
2026-08-07 02:39:02,325 INFO [training.train] training_done steps=10000 seconds=77.38
2026-08-07 02:39:02,479 INFO [__main__] saved criterion_loss=criterion_loss.pdf
2026-08-07 02:39:02,480 INFO [__main__] training done
2026-08-07 02:39:02,480 INFO [__main__] evaluation start
2026-08-07 02:39:12,380 INFO [__main__] evaluation done
2026-08-07 02:39:12,381 INFO [__main__] experiment done seconds=367.89
2026-08-07 02:39:12,381 INFO [__main__] ========================================================================

2026-08-07T02:39:13+02:00 configuration dataset=electricity lags=504 horizon=168 method=patchtst_keep module=scripts.experiment requested_seeds=1,2,3 run_seeds=1,2,3 data_root=/home/h61084/codes/timetensors/../datasets train_sampling=random train_stride=1 eval_sampling=all eval_stride=168 batch_size=256 learning_rate=1e-5 epochs=10000 rebuild_dataset=false rebuild_reason=not_needed overrides=+model.name=patchtst +model.path=patchtst +normalization.name=instance +data.sampling.remove_train_cte=false +data.sampling.remove_eval_cte=false ++data.sampling.drop_train_constant_individuals=false ++data.sampling.drop_eval_constant_individuals=false
2026-08-07 02:39:17,757 INFO [__main__] ========================================================================
2026-08-07 02:39:17,757 INFO [__main__] experiment model=patchtst out=/home/h61084/codes/timetensors/outputs/constants/electricity/504_168/patchtst_keep/seed_1 rebuild_dataset=False evaluate=True
2026-08-07 02:39:17,757 INFO [__main__] stats recompute=True
2026-08-07 02:39:17,757 INFO [__main__] dataset rebuild skipped
2026-08-07 02:39:17,757 INFO [__main__] training start
2026-08-07 02:43:45,126 INFO [training.train] device requested=gpu resolved=cuda:0 cuda=True
2026-08-07 02:43:45,127 INFO [training.train] data_shape=[504, 1, 168]
2026-08-07 02:43:45,127 INFO [training.train] Splits:
train	idx_mode=random	{'values': (312, 1, 26304), 'individual_context': None, 'global_context': None, 'sampled_individuals': 312, 'sampled_dates': 15111, 'samples': 1}
valid1	idx_mode=all	{'values': (312, 1, 26304), 'individual_context': None, 'global_context': None, 'sampled_individuals': 312, 'sampled_dates': 31, 'samples': 9672}
test1	idx_mode=all	{'values': (312, 1, 26304), 'individual_context': None, 'global_context': None, 'sampled_individuals': 312, 'sampled_dates': 31, 'samples': 9672}
2026-08-07 02:43:45,127 INFO [training.train] Batch:
 batches=train=1, valid1=38, test1=38
 inputs=[1, 1, 504]
 targets=[1, 1, 168]
 individual_context=None
 global_context=None
2026-08-07 02:43:45,135 INFO [training.train] training epochs=10000 steps_per_epoch=1 total_steps=10000 valid_eval_freq=1000 logging_eval_freq=1000
2026-08-07 02:43:53,296 INFO [training.train] step=1000 train_batch={'nmse': 0.5879717252254486}
2026-08-07 02:43:53,903 INFO [training.train] step=1000 valid[valid1]={'mse': 0.4940965855228196, 'nmse': 0.4940965855228196, 'mae': 0.43776405175508154, 'nmae': 0.43776405175508154, 'relative_mse': 0.08989809767897261}
2026-08-07 02:43:59,538 INFO [training.train] step=2000 train_batch={'nmse': 0.43858858598023653}
2026-08-07 02:44:00,143 INFO [training.train] step=2000 valid[valid1]={'mse': 0.455322022219999, 'nmse': 0.455322022219999, 'mae': 0.41097779356436503, 'nmae': 0.41097779356436503, 'relative_mse': 0.08183365877844066}
2026-08-07 02:44:05,791 INFO [training.train] step=3000 train_batch={'nmse': 0.3782791358530521}
2026-08-07 02:44:06,499 INFO [training.train] step=3000 valid[valid1]={'mse': 0.4245310708298793, 'nmse': 0.4245310708298793, 'mae': 0.38557618528932003, 'nmae': 0.38557618528932003, 'relative_mse': 0.07617645582201876}
2026-08-07 02:44:12,146 INFO [training.train] step=4000 train_batch={'nmse': 0.34913338405638933}
2026-08-07 02:44:12,747 INFO [training.train] step=4000 valid[valid1]={'mse': 0.4249210278784765, 'nmse': 0.4249210278784765, 'mae': 0.3874568020430231, 'nmae': 0.3874568020430231, 'relative_mse': 0.07522749349588181}
2026-08-07 02:44:18,390 INFO [training.train] step=5000 train_batch={'nmse': 0.9712234530001879}
2026-08-07 02:44:18,990 INFO [training.train] step=5000 valid[valid1]={'mse': 0.41726071339959986, 'nmse': 0.41726071339959986, 'mae': 0.38121415010945314, 'nmae': 0.38121415010945314, 'relative_mse': 0.07385958556215386}
2026-08-07 02:44:24,626 INFO [training.train] step=6000 train_batch={'nmse': 0.33409451236575843}
2026-08-07 02:44:25,322 INFO [training.train] step=6000 valid[valid1]={'mse': 0.413813726265981, 'nmse': 0.413813726265981, 'mae': 0.3836598613224708, 'nmae': 0.3836598613224708, 'relative_mse': 0.0724935050440584}
2026-08-07 02:44:30,962 INFO [training.train] step=7000 train_batch={'nmse': 0.3371874921992421}
2026-08-07 02:44:31,562 INFO [training.train] step=7000 valid[valid1]={'mse': 0.4205994111507752, 'nmse': 0.4205994111507752, 'mae': 0.38737296134067967, 'nmae': 0.38737296134067967, 'relative_mse': 0.07320256882858772}
2026-08-07 02:44:37,208 INFO [training.train] step=8000 train_batch={'nmse': 0.3308313953354955}
2026-08-07 02:44:37,810 INFO [training.train] step=8000 valid[valid1]={'mse': 0.4086656996768947, 'nmse': 0.4086656996768947, 'mae': 0.3749269280157007, 'nmae': 0.3749269280157007, 'relative_mse': 0.0712610354283227}
2026-08-07 02:44:43,459 INFO [training.train] step=9000 train_batch={'nmse': 0.3146788305044174}
2026-08-07 02:44:44,150 INFO [training.train] step=9000 valid[valid1]={'mse': 0.4081127718616299, 'nmse': 0.4081127718616299, 'mae': 0.3747844946211173, 'nmae': 0.3747844946211173, 'relative_mse': 0.07059720440647865}
2026-08-07 02:44:49,793 INFO [training.train] step=10000 train_batch={'nmse': 0.4456446328498423}
2026-08-07 02:44:50,394 INFO [training.train] step=10000 valid[valid1]={'mse': 0.40898719381021154, 'nmse': 0.40898719381021154, 'mae': 0.37829788113650814, 'nmae': 0.37829788113650814, 'relative_mse': 0.070148191933202}
2026-08-07 02:44:50,395 INFO [training.train] training_done steps=10000 seconds=65.26
2026-08-07 02:44:50,991 INFO [__main__] saved criterion_loss=criterion_loss.pdf
2026-08-07 02:44:50,992 INFO [__main__] training done
2026-08-07 02:44:50,992 INFO [__main__] evaluation start
2026-08-07 02:44:54,208 INFO [__main__] evaluation done
2026-08-07 02:44:54,208 INFO [__main__] experiment done seconds=336.45
2026-08-07 02:44:54,208 INFO [__main__] ========================================================================
2026-08-07 02:44:54,220 INFO [__main__] ========================================================================
2026-08-07 02:44:54,221 INFO [__main__] experiment model=patchtst out=/home/h61084/codes/timetensors/outputs/constants/electricity/504_168/patchtst_keep/seed_2 rebuild_dataset=False evaluate=True
2026-08-07 02:44:54,221 INFO [__main__] stats recompute=True
2026-08-07 02:44:54,221 INFO [__main__] dataset rebuild skipped
2026-08-07 02:44:54,221 INFO [__main__] training start
2026-08-07 02:49:24,833 INFO [training.train] device requested=gpu resolved=cuda:0 cuda=True
2026-08-07 02:49:24,834 INFO [training.train] data_shape=[504, 1, 168]
2026-08-07 02:49:24,834 INFO [training.train] Splits:
train	idx_mode=random	{'values': (312, 1, 26304), 'individual_context': None, 'global_context': None, 'sampled_individuals': 312, 'sampled_dates': 15111, 'samples': 1}
valid1	idx_mode=all	{'values': (312, 1, 26304), 'individual_context': None, 'global_context': None, 'sampled_individuals': 312, 'sampled_dates': 31, 'samples': 9672}
test1	idx_mode=all	{'values': (312, 1, 26304), 'individual_context': None, 'global_context': None, 'sampled_individuals': 312, 'sampled_dates': 31, 'samples': 9672}
2026-08-07 02:49:24,834 INFO [training.train] Batch:
 batches=train=1, valid1=38, test1=38
 inputs=[1, 1, 504]
 targets=[1, 1, 168]
 individual_context=None
 global_context=None
2026-08-07 02:49:24,842 INFO [training.train] training epochs=10000 steps_per_epoch=1 total_steps=10000 valid_eval_freq=1000 logging_eval_freq=1000
2026-08-07 02:49:30,512 INFO [training.train] step=1000 train_batch={'nmse': 0.5286440611332655}
2026-08-07 02:49:31,120 INFO [training.train] step=1000 valid[valid1]={'mse': 0.4934934820203493, 'nmse': 0.4934934820203493, 'mae': 0.4362310485948024, 'nmae': 0.4362310485948024, 'relative_mse': 0.09143819481790584}
2026-08-07 02:49:36,787 INFO [training.train] step=2000 train_batch={'nmse': 0.4432972849532962}
2026-08-07 02:49:37,520 INFO [training.train] step=2000 valid[valid1]={'mse': 0.45350028543653714, 'nmse': 0.45350028543653714, 'mae': 0.40812576247668314, 'nmae': 0.40812576247668314, 'relative_mse': 0.08247588279844621}
2026-08-07 02:49:43,179 INFO [training.train] step=3000 train_batch={'nmse': 0.3865073593780398}
2026-08-07 02:49:43,782 INFO [training.train] step=3000 valid[valid1]={'mse': 0.4288635380116251, 'nmse': 0.4288635380116251, 'mae': 0.3897262916413189, 'nmae': 0.3897262916413189, 'relative_mse': 0.07713067434392724}
2026-08-07 02:49:49,438 INFO [training.train] step=4000 train_batch={'nmse': 0.3575834005996585}
2026-08-07 02:49:50,043 INFO [training.train] step=4000 valid[valid1]={'mse': 0.4160433061586134, 'nmse': 0.4160433061586134, 'mae': 0.3793130428616662, 'nmae': 0.3793130428616662, 'relative_mse': 0.0740982208017563}
2026-08-07 02:49:55,704 INFO [training.train] step=5000 train_batch={'nmse': 0.35927552078664304}
2026-08-07 02:49:56,402 INFO [training.train] step=5000 valid[valid1]={'mse': 0.42906349491944407, 'nmse': 0.42906349491944407, 'mae': 0.3948782523764213, 'nmae': 0.3948782523764213, 'relative_mse': 0.07478301928631124}
2026-08-07 02:50:02,058 INFO [training.train] step=6000 train_batch={'nmse': 0.45618292777240277}
2026-08-07 02:50:02,661 INFO [training.train] step=6000 valid[valid1]={'mse': 0.4917567428642356, 'nmse': 0.4917567428642356, 'mae': 0.4556904574585081, 'nmae': 0.4556904574585081, 'relative_mse': 0.08196228464871752}
2026-08-07 02:50:08,320 INFO [training.train] step=7000 train_batch={'nmse': 0.4563604378700256}
2026-08-07 02:50:09,024 INFO [training.train] step=7000 valid[valid1]={'mse': 0.43193514625320634, 'nmse': 0.43193514625320634, 'mae': 0.39917729133703017, 'nmae': 0.39917729133703017, 'relative_mse': 0.0744350316455109}
2026-08-07 02:50:14,685 INFO [training.train] step=8000 train_batch={'nmse': 0.349077392604202}
2026-08-07 02:50:15,291 INFO [training.train] step=8000 valid[valid1]={'mse': 0.4054588838637596, 'nmse': 0.4054588838637596, 'mae': 0.3712137132064914, 'nmae': 0.3712137132064914, 'relative_mse': 0.07059237446995886}
2026-08-07 02:50:20,952 INFO [training.train] step=9000 train_batch={'nmse': 0.3726289352811873}
2026-08-07 02:50:21,558 INFO [training.train] step=9000 valid[valid1]={'mse': 0.3993908224309048, 'nmse': 0.3993908224309048, 'mae': 0.3677834173454409, 'nmae': 0.3677834173454409, 'relative_mse': 0.06983729718617857}
2026-08-07 02:50:27,214 INFO [training.train] step=10000 train_batch={'nmse': 0.6385508932173252}
2026-08-07 02:50:27,915 INFO [training.train] step=10000 valid[valid1]={'mse': 0.40886195773019857, 'nmse': 0.40886195773019857, 'mae': 0.37809371181967183, 'nmae': 0.37809371181967183, 'relative_mse': 0.07227282092327947}
2026-08-07 02:50:27,915 INFO [training.train] training_done steps=10000 seconds=63.07
2026-08-07 02:50:28,056 INFO [__main__] saved criterion_loss=criterion_loss.pdf
2026-08-07 02:50:28,056 INFO [__main__] training done
2026-08-07 02:50:28,056 INFO [__main__] evaluation start
2026-08-07 02:50:31,323 INFO [__main__] evaluation done
2026-08-07 02:50:31,323 INFO [__main__] experiment done seconds=337.10
2026-08-07 02:50:31,323 INFO [__main__] ========================================================================
2026-08-07 02:50:31,334 INFO [__main__] ========================================================================
2026-08-07 02:50:31,334 INFO [__main__] experiment model=patchtst out=/home/h61084/codes/timetensors/outputs/constants/electricity/504_168/patchtst_keep/seed_3 rebuild_dataset=False evaluate=True
2026-08-07 02:50:31,334 INFO [__main__] stats recompute=True
2026-08-07 02:50:31,334 INFO [__main__] dataset rebuild skipped
2026-08-07 02:50:31,334 INFO [__main__] training start
2026-08-07 02:55:00,269 INFO [training.train] device requested=gpu resolved=cuda:0 cuda=True
2026-08-07 02:55:00,270 INFO [training.train] data_shape=[504, 1, 168]
2026-08-07 02:55:00,270 INFO [training.train] Splits:
train	idx_mode=random	{'values': (312, 1, 26304), 'individual_context': None, 'global_context': None, 'sampled_individuals': 312, 'sampled_dates': 15111, 'samples': 1}
valid1	idx_mode=all	{'values': (312, 1, 26304), 'individual_context': None, 'global_context': None, 'sampled_individuals': 312, 'sampled_dates': 31, 'samples': 9672}
test1	idx_mode=all	{'values': (312, 1, 26304), 'individual_context': None, 'global_context': None, 'sampled_individuals': 312, 'sampled_dates': 31, 'samples': 9672}
2026-08-07 02:55:00,270 INFO [training.train] Batch:
 batches=train=1, valid1=38, test1=38
 inputs=[1, 1, 504]
 targets=[1, 1, 168]
 individual_context=None
 global_context=None
2026-08-07 02:55:00,278 INFO [training.train] training epochs=10000 steps_per_epoch=1 total_steps=10000 valid_eval_freq=1000 logging_eval_freq=1000
2026-08-07 02:55:05,954 INFO [training.train] step=1000 train_batch={'nmse': 0.5535462889522315}
2026-08-07 02:55:06,562 INFO [training.train] step=1000 valid[valid1]={'mse': 0.4788041596921818, 'nmse': 0.4788041596921818, 'mae': 0.42197514282741017, 'nmae': 0.42197514282741017, 'relative_mse': 0.08804533096488368}
2026-08-07 02:55:12,217 INFO [training.train] step=2000 train_batch={'nmse': 0.42248729307204486}
2026-08-07 02:55:12,951 INFO [training.train] step=2000 valid[valid1]={'mse': 0.45670880087767923, 'nmse': 0.45670880087767923, 'mae': 0.4130158332537128, 'nmae': 0.4130158332537128, 'relative_mse': 0.08091502952342797}
2026-08-07 02:55:18,607 INFO [training.train] step=3000 train_batch={'nmse': 0.5798256267532707}
2026-08-07 02:55:19,213 INFO [training.train] step=3000 valid[valid1]={'mse': 0.4330231581936629, 'nmse': 0.4330231581936629, 'mae': 0.3935538376859965, 'nmae': 0.3935538376859965, 'relative_mse': 0.07618808967956642}
2026-08-07 02:55:24,873 INFO [training.train] step=4000 train_batch={'nmse': 0.42122080067545176}
2026-08-07 02:55:25,477 INFO [training.train] step=4000 valid[valid1]={'mse': 0.43091558881403025, 'nmse': 0.43091558881403025, 'mae': 0.3973397500565036, 'nmae': 0.3973397500565036, 'relative_mse': 0.07465811713692465}
2026-08-07 02:55:31,144 INFO [training.train] step=5000 train_batch={'nmse': 0.3353945046514273}
2026-08-07 02:55:31,867 INFO [training.train] step=5000 valid[valid1]={'mse': 0.4200303074204441, 'nmse': 0.4200303074204441, 'mae': 0.3870783258974728, 'nmae': 0.3870783258974728, 'relative_mse': 0.07246654598694797}
2026-08-07 02:55:37,533 INFO [training.train] step=6000 train_batch={'nmse': 0.42967184269428255}
2026-08-07 02:55:38,139 INFO [training.train] step=6000 valid[valid1]={'mse': 0.4085579554014534, 'nmse': 0.4085579554014534, 'mae': 0.37485168101239247, 'nmae': 0.37485168101239247, 'relative_mse': 0.07073379574297563}
2026-08-07 02:55:43,801 INFO [training.train] step=7000 train_batch={'nmse': 0.34186930626630785}
2026-08-07 02:55:44,408 INFO [training.train] step=7000 valid[valid1]={'mse': 0.41726102381610114, 'nmse': 0.41726102381610114, 'mae': 0.38638595225863687, 'nmae': 0.38638595225863687, 'relative_mse': 0.07172109946526962}
2026-08-07 02:55:50,072 INFO [training.train] step=8000 train_batch={'nmse': 0.5921703940108418}
2026-08-07 02:55:50,781 INFO [training.train] step=8000 valid[valid1]={'mse': 0.40958936245717803, 'nmse': 0.40958936245717803, 'mae': 0.37810650049872424, 'nmae': 0.37810650049872424, 'relative_mse': 0.06990276806050924}
2026-08-07 02:55:56,445 INFO [training.train] step=9000 train_batch={'nmse': 0.7284888148233295}
2026-08-07 02:55:57,049 INFO [training.train] step=9000 valid[valid1]={'mse': 0.3993116235520804, 'nmse': 0.3993116235520804, 'mae': 0.3669601591280688, 'nmae': 0.3669601591280688, 'relative_mse': 0.06823126531360026}
2026-08-07 02:56:02,709 INFO [training.train] step=10000 train_batch={'nmse': 0.592432769998908}
2026-08-07 02:56:03,311 INFO [training.train] step=10000 valid[valid1]={'mse': 0.3964270423042652, 'nmse': 0.3964270423042652, 'mae': 0.3635489432140965, 'nmae': 0.3635489432140965, 'relative_mse': 0.06847831785873719}
2026-08-07 02:56:03,311 INFO [training.train] training_done steps=10000 seconds=63.03
2026-08-07 02:56:03,464 INFO [__main__] saved criterion_loss=criterion_loss.pdf
2026-08-07 02:56:03,464 INFO [__main__] training done
2026-08-07 02:56:03,464 INFO [__main__] evaluation start
2026-08-07 02:56:06,761 INFO [__main__] evaluation done
2026-08-07 02:56:06,761 INFO [__main__] experiment done seconds=335.43
2026-08-07 02:56:06,762 INFO [__main__] ========================================================================

2026-08-07T02:56:07+02:00 configuration dataset=electricity lags=504 horizon=168 method=patchtst_remove_train_windows module=scripts.experiment requested_seeds=1,2,3 run_seeds=1,2,3 data_root=/home/h61084/codes/timetensors/../datasets train_sampling=random train_stride=1 eval_sampling=all eval_stride=168 batch_size=256 learning_rate=1e-5 epochs=10000 rebuild_dataset=false rebuild_reason=not_needed overrides=+model.name=patchtst +model.path=patchtst +normalization.name=instance +data.sampling.remove_train_cte=true +data.sampling.remove_eval_cte=false ++data.sampling.drop_train_constant_individuals=false ++data.sampling.drop_eval_constant_individuals=false
2026-08-07 02:56:12,090 INFO [__main__] ========================================================================
2026-08-07 02:56:12,090 INFO [__main__] experiment model=patchtst out=/home/h61084/codes/timetensors/outputs/constants/electricity/504_168/patchtst_remove_train_windows/seed_1 rebuild_dataset=False evaluate=True
2026-08-07 02:56:12,090 INFO [__main__] stats recompute=True
2026-08-07 02:56:12,090 INFO [__main__] dataset rebuild skipped
2026-08-07 02:56:12,090 INFO [__main__] training start
2026-08-07 03:08:18,707 INFO [training.train] device requested=gpu resolved=cuda:0 cuda=True
2026-08-07 03:08:18,717 INFO [training.train] data_shape=[504, 1, 168]
2026-08-07 03:08:18,717 INFO [training.train] Splits:
train	idx_mode=random	{'values': (312, 1, 26304), 'individual_context': None, 'global_context': None, 'sampled_individuals': 312, 'sampled_dates': 15111, 'samples': 1}
valid1	idx_mode=all	{'values': (312, 1, 26304), 'individual_context': None, 'global_context': None, 'sampled_individuals': 312, 'sampled_dates': 31, 'samples': 9672}
test1	idx_mode=all	{'values': (312, 1, 26304), 'individual_context': None, 'global_context': None, 'sampled_individuals': 312, 'sampled_dates': 31, 'samples': 9672}
2026-08-07 03:08:18,717 INFO [training.train] Batch:
 batches=train=1, valid1=38, test1=38
 inputs=[1, 1, 504]
 targets=[1, 1, 168]
 individual_context=None
 global_context=None
2026-08-07 03:08:18,724 INFO [training.train] training epochs=10000 steps_per_epoch=1 total_steps=10000 valid_eval_freq=1000 logging_eval_freq=1000
2026-08-07 03:08:35,752 INFO [training.train] step=1000 train_batch={'nmse': 0.5879717252254486}
2026-08-07 03:08:36,367 INFO [training.train] step=1000 valid[valid1]={'mse': 0.4940965855228196, 'nmse': 0.4940965855228196, 'mae': 0.43776405175508154, 'nmae': 0.43776405175508154, 'relative_mse': 0.08989809767897261}
2026-08-07 03:08:51,017 INFO [training.train] step=2000 train_batch={'nmse': 0.43858858598023653}
2026-08-07 03:08:51,627 INFO [training.train] step=2000 valid[valid1]={'mse': 0.455322022219999, 'nmse': 0.455322022219999, 'mae': 0.41097779356436503, 'nmae': 0.41097779356436503, 'relative_mse': 0.08183365877844066}
2026-08-07 03:09:06,260 INFO [training.train] step=3000 train_batch={'nmse': 0.3782791358530521}
2026-08-07 03:09:06,985 INFO [training.train] step=3000 valid[valid1]={'mse': 0.4245310708298793, 'nmse': 0.4245310708298793, 'mae': 0.38557618528932003, 'nmae': 0.38557618528932003, 'relative_mse': 0.07617645582201876}
2026-08-07 03:09:21,618 INFO [training.train] step=4000 train_batch={'nmse': 0.34913338405638933}
2026-08-07 03:09:22,224 INFO [training.train] step=4000 valid[valid1]={'mse': 0.4249210278784765, 'nmse': 0.4249210278784765, 'mae': 0.3874568020430231, 'nmae': 0.3874568020430231, 'relative_mse': 0.07522749349588181}
2026-08-07 03:09:36,854 INFO [training.train] step=5000 train_batch={'nmse': 0.9712234530001879}
2026-08-07 03:09:37,459 INFO [training.train] step=5000 valid[valid1]={'mse': 0.41726071339959986, 'nmse': 0.41726071339959986, 'mae': 0.38121415010945314, 'nmae': 0.38121415010945314, 'relative_mse': 0.07385958556215386}
2026-08-07 03:09:52,076 INFO [training.train] step=6000 train_batch={'nmse': 0.33409451236575843}
2026-08-07 03:09:52,772 INFO [training.train] step=6000 valid[valid1]={'mse': 0.413813726265981, 'nmse': 0.413813726265981, 'mae': 0.3836598613224708, 'nmae': 0.3836598613224708, 'relative_mse': 0.0724935050440584}
2026-08-07 03:10:07,423 INFO [training.train] step=7000 train_batch={'nmse': 0.3371874921992421}
2026-08-07 03:10:08,028 INFO [training.train] step=7000 valid[valid1]={'mse': 0.4205994111507752, 'nmse': 0.4205994111507752, 'mae': 0.38737296134067967, 'nmae': 0.38737296134067967, 'relative_mse': 0.07320256882858772}
2026-08-07 03:10:22,650 INFO [training.train] step=8000 train_batch={'nmse': 0.3308313953354955}
2026-08-07 03:10:23,255 INFO [training.train] step=8000 valid[valid1]={'mse': 0.4086656996768947, 'nmse': 0.4086656996768947, 'mae': 0.3749269280157007, 'nmae': 0.3749269280157007, 'relative_mse': 0.0712610354283227}
2026-08-07 03:10:37,879 INFO [training.train] step=9000 train_batch={'nmse': 0.3146788305044174}
2026-08-07 03:10:38,575 INFO [training.train] step=9000 valid[valid1]={'mse': 0.4081127718616299, 'nmse': 0.4081127718616299, 'mae': 0.3747844946211173, 'nmae': 0.3747844946211173, 'relative_mse': 0.07059720440647865}
2026-08-07 03:10:53,230 INFO [training.train] step=10000 train_batch={'nmse': 0.4456446328498423}
2026-08-07 03:10:53,836 INFO [training.train] step=10000 valid[valid1]={'mse': 0.40898719381021154, 'nmse': 0.40898719381021154, 'mae': 0.37829788113650814, 'nmae': 0.37829788113650814, 'relative_mse': 0.070148191933202}
2026-08-07 03:10:53,836 INFO [training.train] training_done steps=10000 seconds=155.11
2026-08-07 03:10:54,352 INFO [__main__] saved criterion_loss=criterion_loss.pdf
2026-08-07 03:10:54,352 INFO [__main__] training done
2026-08-07 03:10:54,352 INFO [__main__] evaluation start
2026-08-07 03:10:57,612 INFO [__main__] evaluation done
2026-08-07 03:10:57,612 INFO [__main__] experiment done seconds=885.53
2026-08-07 03:10:57,612 INFO [__main__] ========================================================================
2026-08-07 03:10:57,635 INFO [__main__] ========================================================================
2026-08-07 03:10:57,635 INFO [__main__] experiment model=patchtst out=/home/h61084/codes/timetensors/outputs/constants/electricity/504_168/patchtst_remove_train_windows/seed_2 rebuild_dataset=False evaluate=True
2026-08-07 03:10:57,635 INFO [__main__] stats recompute=True
2026-08-07 03:10:57,636 INFO [__main__] dataset rebuild skipped
2026-08-07 03:10:57,636 INFO [__main__] training start
2026-08-07 03:23:14,152 INFO [training.train] device requested=gpu resolved=cuda:0 cuda=True
2026-08-07 03:23:14,162 INFO [training.train] data_shape=[504, 1, 168]
2026-08-07 03:23:14,162 INFO [training.train] Splits:
train	idx_mode=random	{'values': (312, 1, 26304), 'individual_context': None, 'global_context': None, 'sampled_individuals': 312, 'sampled_dates': 15111, 'samples': 1}
valid1	idx_mode=all	{'values': (312, 1, 26304), 'individual_context': None, 'global_context': None, 'sampled_individuals': 312, 'sampled_dates': 31, 'samples': 9672}
test1	idx_mode=all	{'values': (312, 1, 26304), 'individual_context': None, 'global_context': None, 'sampled_individuals': 312, 'sampled_dates': 31, 'samples': 9672}
2026-08-07 03:23:14,162 INFO [training.train] Batch:
 batches=train=1, valid1=38, test1=38
 inputs=[1, 1, 504]
 targets=[1, 1, 168]
 individual_context=None
 global_context=None
2026-08-07 03:23:14,171 INFO [training.train] training epochs=10000 steps_per_epoch=1 total_steps=10000 valid_eval_freq=1000 logging_eval_freq=1000
2026-08-07 03:23:28,814 INFO [training.train] step=1000 train_batch={'nmse': 0.5286440611332655}
2026-08-07 03:23:29,427 INFO [training.train] step=1000 valid[valid1]={'mse': 0.4934934820203493, 'nmse': 0.4934934820203493, 'mae': 0.4362310485948024, 'nmae': 0.4362310485948024, 'relative_mse': 0.09143819481790584}
2026-08-07 03:23:44,087 INFO [training.train] step=2000 train_batch={'nmse': 0.4432972849532962}
2026-08-07 03:23:44,834 INFO [training.train] step=2000 valid[valid1]={'mse': 0.45350028543653714, 'nmse': 0.45350028543653714, 'mae': 0.40812576247668314, 'nmae': 0.40812576247668314, 'relative_mse': 0.08247588279844621}
2026-08-07 03:23:59,494 INFO [training.train] step=3000 train_batch={'nmse': 0.3865073593780398}
2026-08-07 03:24:00,108 INFO [training.train] step=3000 valid[valid1]={'mse': 0.4288635380116251, 'nmse': 0.4288635380116251, 'mae': 0.3897262916413189, 'nmae': 0.3897262916413189, 'relative_mse': 0.07713067434392724}
2026-08-07 03:24:14,766 INFO [training.train] step=4000 train_batch={'nmse': 0.3575834005996585}
2026-08-07 03:24:15,379 INFO [training.train] step=4000 valid[valid1]={'mse': 0.4160433061586134, 'nmse': 0.4160433061586134, 'mae': 0.3793130428616662, 'nmae': 0.3793130428616662, 'relative_mse': 0.0740982208017563}
2026-08-07 03:24:30,059 INFO [training.train] step=5000 train_batch={'nmse': 0.35927552078664304}
2026-08-07 03:24:30,794 INFO [training.train] step=5000 valid[valid1]={'mse': 0.42906349491944407, 'nmse': 0.42906349491944407, 'mae': 0.3948782523764213, 'nmae': 0.3948782523764213, 'relative_mse': 0.07478301928631124}
2026-08-07 03:24:45,447 INFO [training.train] step=6000 train_batch={'nmse': 0.45618292777240277}
2026-08-07 03:24:46,058 INFO [training.train] step=6000 valid[valid1]={'mse': 0.4917567428642356, 'nmse': 0.4917567428642356, 'mae': 0.4556904574585081, 'nmae': 0.4556904574585081, 'relative_mse': 0.08196228464871752}
2026-08-07 03:25:00,724 INFO [training.train] step=7000 train_batch={'nmse': 0.4563604378700256}
2026-08-07 03:25:01,442 INFO [training.train] step=7000 valid[valid1]={'mse': 0.43193514625320634, 'nmse': 0.43193514625320634, 'mae': 0.39917729133703017, 'nmae': 0.39917729133703017, 'relative_mse': 0.0744350316455109}
2026-08-07 03:25:16,116 INFO [training.train] step=8000 train_batch={'nmse': 0.349077392604202}
2026-08-07 03:25:16,730 INFO [training.train] step=8000 valid[valid1]={'mse': 0.4054588838637596, 'nmse': 0.4054588838637596, 'mae': 0.3712137132064914, 'nmae': 0.3712137132064914, 'relative_mse': 0.07059237446995886}
2026-08-07 03:25:31,400 INFO [training.train] step=9000 train_batch={'nmse': 0.3726289352811873}
2026-08-07 03:25:32,013 INFO [training.train] step=9000 valid[valid1]={'mse': 0.3993908224309048, 'nmse': 0.3993908224309048, 'mae': 0.3677834173454409, 'nmae': 0.3677834173454409, 'relative_mse': 0.06983729718617857}
2026-08-07 03:25:46,671 INFO [training.train] step=10000 train_batch={'nmse': 0.6385508932173252}
2026-08-07 03:25:47,396 INFO [training.train] step=10000 valid[valid1]={'mse': 0.40886195773019857, 'nmse': 0.40886195773019857, 'mae': 0.37809371181967183, 'nmae': 0.37809371181967183, 'relative_mse': 0.07227282092327947}
2026-08-07 03:25:47,396 INFO [training.train] training_done steps=10000 seconds=153.22
2026-08-07 03:25:47,538 INFO [__main__] saved criterion_loss=criterion_loss.pdf
2026-08-07 03:25:47,538 INFO [__main__] training done
2026-08-07 03:25:47,538 INFO [__main__] evaluation start
2026-08-07 03:25:50,827 INFO [__main__] evaluation done
2026-08-07 03:25:50,828 INFO [__main__] experiment done seconds=893.21
2026-08-07 03:25:50,828 INFO [__main__] ========================================================================
2026-08-07 03:25:50,857 INFO [__main__] ========================================================================
2026-08-07 03:25:50,857 INFO [__main__] experiment model=patchtst out=/home/h61084/codes/timetensors/outputs/constants/electricity/504_168/patchtst_remove_train_windows/seed_3 rebuild_dataset=False evaluate=True
2026-08-07 03:25:50,857 INFO [__main__] stats recompute=True
2026-08-07 03:25:50,857 INFO [__main__] dataset rebuild skipped
2026-08-07 03:25:50,857 INFO [__main__] training start
2026-08-07 03:38:07,547 INFO [training.train] device requested=gpu resolved=cuda:0 cuda=True
2026-08-07 03:38:07,557 INFO [training.train] data_shape=[504, 1, 168]
2026-08-07 03:38:07,557 INFO [training.train] Splits:
train	idx_mode=random	{'values': (312, 1, 26304), 'individual_context': None, 'global_context': None, 'sampled_individuals': 312, 'sampled_dates': 15111, 'samples': 1}
valid1	idx_mode=all	{'values': (312, 1, 26304), 'individual_context': None, 'global_context': None, 'sampled_individuals': 312, 'sampled_dates': 31, 'samples': 9672}
test1	idx_mode=all	{'values': (312, 1, 26304), 'individual_context': None, 'global_context': None, 'sampled_individuals': 312, 'sampled_dates': 31, 'samples': 9672}
2026-08-07 03:38:07,557 INFO [training.train] Batch:
 batches=train=1, valid1=38, test1=38
 inputs=[1, 1, 504]
 targets=[1, 1, 168]
 individual_context=None
 global_context=None
2026-08-07 03:38:07,569 INFO [training.train] training epochs=10000 steps_per_epoch=1 total_steps=10000 valid_eval_freq=1000 logging_eval_freq=1000
2026-08-07 03:38:22,227 INFO [training.train] step=1000 train_batch={'nmse': 0.5535462889522315}
2026-08-07 03:38:22,841 INFO [training.train] step=1000 valid[valid1]={'mse': 0.4788041596921818, 'nmse': 0.4788041596921818, 'mae': 0.42197514282741017, 'nmae': 0.42197514282741017, 'relative_mse': 0.08804533096488368}
2026-08-07 03:38:37,485 INFO [training.train] step=2000 train_batch={'nmse': 0.42248729307204486}
2026-08-07 03:38:38,231 INFO [training.train] step=2000 valid[valid1]={'mse': 0.45670880087767923, 'nmse': 0.45670880087767923, 'mae': 0.4130158332537128, 'nmae': 0.4130158332537128, 'relative_mse': 0.08091502952342797}
2026-08-07 03:38:52,867 INFO [training.train] step=3000 train_batch={'nmse': 0.5798256267532707}
2026-08-07 03:38:53,479 INFO [training.train] step=3000 valid[valid1]={'mse': 0.4330231581936629, 'nmse': 0.4330231581936629, 'mae': 0.3935538376859965, 'nmae': 0.3935538376859965, 'relative_mse': 0.07618808967956642}
2026-08-07 03:39:08,135 INFO [training.train] step=4000 train_batch={'nmse': 0.42122080067545176}
2026-08-07 03:39:08,748 INFO [training.train] step=4000 valid[valid1]={'mse': 0.43091558881403025, 'nmse': 0.43091558881403025, 'mae': 0.3973397500565036, 'nmae': 0.3973397500565036, 'relative_mse': 0.07465811713692465}
2026-08-07 03:39:23,384 INFO [training.train] step=5000 train_batch={'nmse': 0.3353945046514273}
2026-08-07 03:39:24,115 INFO [training.train] step=5000 valid[valid1]={'mse': 0.4200303074204441, 'nmse': 0.4200303074204441, 'mae': 0.3870783258974728, 'nmae': 0.3870783258974728, 'relative_mse': 0.07246654598694797}
2026-08-07 03:39:38,782 INFO [training.train] step=6000 train_batch={'nmse': 0.42967184269428255}
2026-08-07 03:39:39,392 INFO [training.train] step=6000 valid[valid1]={'mse': 0.4085579554014534, 'nmse': 0.4085579554014534, 'mae': 0.37485168101239247, 'nmae': 0.37485168101239247, 'relative_mse': 0.07073379574297563}
2026-08-07 03:39:54,044 INFO [training.train] step=7000 train_batch={'nmse': 0.34186930626630785}
2026-08-07 03:39:54,659 INFO [training.train] step=7000 valid[valid1]={'mse': 0.41726102381610114, 'nmse': 0.41726102381610114, 'mae': 0.38638595225863687, 'nmae': 0.38638595225863687, 'relative_mse': 0.07172109946526962}
2026-08-07 03:40:09,319 INFO [training.train] step=8000 train_batch={'nmse': 0.5921703940108418}
2026-08-07 03:40:10,062 INFO [training.train] step=8000 valid[valid1]={'mse': 0.40958936245717803, 'nmse': 0.40958936245717803, 'mae': 0.37810650049872424, 'nmae': 0.37810650049872424, 'relative_mse': 0.06990276806050924}
2026-08-07 03:40:24,710 INFO [training.train] step=9000 train_batch={'nmse': 0.7284888148233295}
2026-08-07 03:40:25,321 INFO [training.train] step=9000 valid[valid1]={'mse': 0.3993116235520804, 'nmse': 0.3993116235520804, 'mae': 0.3669601591280688, 'nmae': 0.3669601591280688, 'relative_mse': 0.06823126531360026}
2026-08-07 03:40:39,965 INFO [training.train] step=10000 train_batch={'nmse': 0.592432769998908}
2026-08-07 03:40:40,576 INFO [training.train] step=10000 valid[valid1]={'mse': 0.3964270423042652, 'nmse': 0.3964270423042652, 'mae': 0.3635489432140965, 'nmae': 0.3635489432140965, 'relative_mse': 0.06847831785873719}
2026-08-07 03:40:40,576 INFO [training.train] training_done steps=10000 seconds=153.01
2026-08-07 03:40:40,734 INFO [__main__] saved criterion_loss=criterion_loss.pdf
2026-08-07 03:40:40,734 INFO [__main__] training done
2026-08-07 03:40:40,734 INFO [__main__] evaluation start
2026-08-07 03:40:44,052 INFO [__main__] evaluation done
2026-08-07 03:40:44,052 INFO [__main__] experiment done seconds=893.22
2026-08-07 03:40:44,052 INFO [__main__] ========================================================================

2026-08-07T03:40:45+02:00 configuration dataset=electricity lags=504 horizon=168 method=patchtst_remove_eval_windows module=scripts.experiment requested_seeds=1,2,3 run_seeds=1,2,3 data_root=/home/h61084/codes/timetensors/../datasets train_sampling=random train_stride=1 eval_sampling=all eval_stride=168 batch_size=256 learning_rate=1e-5 epochs=10000 rebuild_dataset=false rebuild_reason=not_needed overrides=+model.name=patchtst +model.path=patchtst +normalization.name=instance +data.sampling.remove_train_cte=false +data.sampling.remove_eval_cte=true ++data.sampling.drop_train_constant_individuals=false ++data.sampling.drop_eval_constant_individuals=false
2026-08-07 03:40:50,390 INFO [__main__] ========================================================================
2026-08-07 03:40:50,390 INFO [__main__] experiment model=patchtst out=/home/h61084/codes/timetensors/outputs/constants/electricity/504_168/patchtst_remove_eval_windows/seed_1 rebuild_dataset=False evaluate=True
2026-08-07 03:40:50,390 INFO [__main__] stats recompute=True
2026-08-07 03:40:50,390 INFO [__main__] dataset rebuild skipped
2026-08-07 03:40:50,390 INFO [__main__] training start
2026-08-07 03:45:21,767 INFO [training.train] device requested=gpu resolved=cuda:0 cuda=True
2026-08-07 03:45:21,768 INFO [training.train] data_shape=[504, 1, 168]
2026-08-07 03:45:21,768 INFO [training.train] Splits:
train	idx_mode=random	{'values': (312, 1, 26304), 'individual_context': None, 'global_context': None, 'sampled_individuals': 312, 'sampled_dates': 15111, 'samples': 1}
valid1	idx_mode=all	{'values': (312, 1, 26304), 'individual_context': None, 'global_context': None, 'sampled_individuals': 312, 'sampled_dates': 31, 'samples': 9672}
test1	idx_mode=all	{'values': (312, 1, 26304), 'individual_context': None, 'global_context': None, 'sampled_individuals': 312, 'sampled_dates': 31, 'samples': 9672}
2026-08-07 03:45:21,768 INFO [training.train] Batch:
 batches=train=1, valid1=38, test1=38
 inputs=[1, 1, 504]
 targets=[1, 1, 168]
 individual_context=None
 global_context=None
2026-08-07 03:45:21,776 INFO [training.train] training epochs=10000 steps_per_epoch=1 total_steps=10000 valid_eval_freq=1000 logging_eval_freq=1000
2026-08-07 03:45:30,197 INFO [training.train] step=1000 train_batch={'nmse': 0.5879717252254486}
2026-08-07 03:45:31,089 INFO [training.train] step=1000 valid[valid1]={'mse': 0.4940965855228196, 'nmse': 0.4940965855228196, 'mae': 0.43776405175508154, 'nmae': 0.43776405175508154, 'relative_mse': 0.08989809767897261}
2026-08-07 03:45:36,744 INFO [training.train] step=2000 train_batch={'nmse': 0.43858858598023653}
2026-08-07 03:45:37,631 INFO [training.train] step=2000 valid[valid1]={'mse': 0.455322022219999, 'nmse': 0.455322022219999, 'mae': 0.41097779356436503, 'nmae': 0.41097779356436503, 'relative_mse': 0.08183365877844066}
2026-08-07 03:45:43,300 INFO [training.train] step=3000 train_batch={'nmse': 0.3782791358530521}
2026-08-07 03:45:44,291 INFO [training.train] step=3000 valid[valid1]={'mse': 0.4245310708298793, 'nmse': 0.4245310708298793, 'mae': 0.38557618528932003, 'nmae': 0.38557618528932003, 'relative_mse': 0.07617645582201876}
2026-08-07 03:45:49,963 INFO [training.train] step=4000 train_batch={'nmse': 0.34913338405638933}
2026-08-07 03:45:50,846 INFO [training.train] step=4000 valid[valid1]={'mse': 0.4249210278784765, 'nmse': 0.4249210278784765, 'mae': 0.3874568020430231, 'nmae': 0.3874568020430231, 'relative_mse': 0.07522749349588181}
2026-08-07 03:45:56,517 INFO [training.train] step=5000 train_batch={'nmse': 0.9712234530001879}
2026-08-07 03:45:57,500 INFO [training.train] step=5000 valid[valid1]={'mse': 0.41726071339959986, 'nmse': 0.41726071339959986, 'mae': 0.38121415010945314, 'nmae': 0.38121415010945314, 'relative_mse': 0.07385958556215386}
2026-08-07 03:46:03,167 INFO [training.train] step=6000 train_batch={'nmse': 0.33409451236575843}
2026-08-07 03:46:04,056 INFO [training.train] step=6000 valid[valid1]={'mse': 0.413813726265981, 'nmse': 0.413813726265981, 'mae': 0.3836598613224708, 'nmae': 0.3836598613224708, 'relative_mse': 0.0724935050440584}
2026-08-07 03:46:09,726 INFO [training.train] step=7000 train_batch={'nmse': 0.3371874921992421}
2026-08-07 03:46:10,612 INFO [training.train] step=7000 valid[valid1]={'mse': 0.4205994111507752, 'nmse': 0.4205994111507752, 'mae': 0.38737296134067967, 'nmae': 0.38737296134067967, 'relative_mse': 0.07320256882858772}
2026-08-07 03:46:16,277 INFO [training.train] step=8000 train_batch={'nmse': 0.3308313953354955}
2026-08-07 03:46:17,250 INFO [training.train] step=8000 valid[valid1]={'mse': 0.4086656996768947, 'nmse': 0.4086656996768947, 'mae': 0.3749269280157007, 'nmae': 0.3749269280157007, 'relative_mse': 0.0712610354283227}
2026-08-07 03:46:22,910 INFO [training.train] step=9000 train_batch={'nmse': 0.3146788305044174}
2026-08-07 03:46:23,789 INFO [training.train] step=9000 valid[valid1]={'mse': 0.4081127718616299, 'nmse': 0.4081127718616299, 'mae': 0.3747844946211173, 'nmae': 0.3747844946211173, 'relative_mse': 0.07059720440647865}
2026-08-07 03:46:29,454 INFO [training.train] step=10000 train_batch={'nmse': 0.4456446328498423}
2026-08-07 03:46:30,428 INFO [training.train] step=10000 valid[valid1]={'mse': 0.40898719381021154, 'nmse': 0.40898719381021154, 'mae': 0.37829788113650814, 'nmae': 0.37829788113650814, 'relative_mse': 0.070148191933202}
2026-08-07 03:46:30,428 INFO [training.train] training_done steps=10000 seconds=68.65
2026-08-07 03:46:30,866 INFO [__main__] saved criterion_loss=criterion_loss.pdf
2026-08-07 03:46:30,866 INFO [__main__] training done
2026-08-07 03:46:30,866 INFO [__main__] evaluation start
2026-08-07 03:46:35,190 INFO [__main__] evaluation done
2026-08-07 03:46:35,190 INFO [__main__] experiment done seconds=344.80
2026-08-07 03:46:35,190 INFO [__main__] ========================================================================
2026-08-07 03:46:35,202 INFO [__main__] ========================================================================
2026-08-07 03:46:35,202 INFO [__main__] experiment model=patchtst out=/home/h61084/codes/timetensors/outputs/constants/electricity/504_168/patchtst_remove_eval_windows/seed_2 rebuild_dataset=False evaluate=True
2026-08-07 03:46:35,202 INFO [__main__] stats recompute=True
2026-08-07 03:46:35,202 INFO [__main__] dataset rebuild skipped
2026-08-07 03:46:35,202 INFO [__main__] training start
2026-08-07 03:51:06,657 INFO [training.train] device requested=gpu resolved=cuda:0 cuda=True
2026-08-07 03:51:06,658 INFO [training.train] data_shape=[504, 1, 168]
2026-08-07 03:51:06,658 INFO [training.train] Splits:
train	idx_mode=random	{'values': (312, 1, 26304), 'individual_context': None, 'global_context': None, 'sampled_individuals': 312, 'sampled_dates': 15111, 'samples': 1}
valid1	idx_mode=all	{'values': (312, 1, 26304), 'individual_context': None, 'global_context': None, 'sampled_individuals': 312, 'sampled_dates': 31, 'samples': 9672}
test1	idx_mode=all	{'values': (312, 1, 26304), 'individual_context': None, 'global_context': None, 'sampled_individuals': 312, 'sampled_dates': 31, 'samples': 9672}
2026-08-07 03:51:06,658 INFO [training.train] Batch:
 batches=train=1, valid1=38, test1=38
 inputs=[1, 1, 504]
 targets=[1, 1, 168]
 individual_context=None
 global_context=None
2026-08-07 03:51:06,666 INFO [training.train] training epochs=10000 steps_per_epoch=1 total_steps=10000 valid_eval_freq=1000 logging_eval_freq=1000
2026-08-07 03:51:12,360 INFO [training.train] step=1000 train_batch={'nmse': 0.5286440611332655}
2026-08-07 03:51:13,374 INFO [training.train] step=1000 valid[valid1]={'mse': 0.4934934820203493, 'nmse': 0.4934934820203493, 'mae': 0.4362310485948024, 'nmae': 0.4362310485948024, 'relative_mse': 0.09143819481790584}
2026-08-07 03:51:19,062 INFO [training.train] step=2000 train_batch={'nmse': 0.4432972849532962}
2026-08-07 03:51:19,946 INFO [training.train] step=2000 valid[valid1]={'mse': 0.45350028543653714, 'nmse': 0.45350028543653714, 'mae': 0.40812576247668314, 'nmae': 0.40812576247668314, 'relative_mse': 0.08247588279844621}
2026-08-07 03:51:25,633 INFO [training.train] step=3000 train_batch={'nmse': 0.3865073593780398}
2026-08-07 03:51:26,621 INFO [training.train] step=3000 valid[valid1]={'mse': 0.4288635380116251, 'nmse': 0.4288635380116251, 'mae': 0.3897262916413189, 'nmae': 0.3897262916413189, 'relative_mse': 0.07713067434392724}
2026-08-07 03:51:32,317 INFO [training.train] step=4000 train_batch={'nmse': 0.3575834005996585}
2026-08-07 03:51:33,207 INFO [training.train] step=4000 valid[valid1]={'mse': 0.4160433061586134, 'nmse': 0.4160433061586134, 'mae': 0.3793130428616662, 'nmae': 0.3793130428616662, 'relative_mse': 0.0740982208017563}
2026-08-07 03:51:38,896 INFO [training.train] step=5000 train_batch={'nmse': 0.35927552078664304}
2026-08-07 03:51:39,782 INFO [training.train] step=5000 valid[valid1]={'mse': 0.42906349491944407, 'nmse': 0.42906349491944407, 'mae': 0.3948782523764213, 'nmae': 0.3948782523764213, 'relative_mse': 0.07478301928631124}
2026-08-07 03:51:45,475 INFO [training.train] step=6000 train_batch={'nmse': 0.45618292777240277}
2026-08-07 03:51:46,493 INFO [training.train] step=6000 valid[valid1]={'mse': 0.4917567428642356, 'nmse': 0.4917567428642356, 'mae': 0.4556904574585081, 'nmae': 0.4556904574585081, 'relative_mse': 0.08196228464871752}
2026-08-07 03:51:52,187 INFO [training.train] step=7000 train_batch={'nmse': 0.4563604378700256}
2026-08-07 03:51:53,073 INFO [training.train] step=7000 valid[valid1]={'mse': 0.43193514625320634, 'nmse': 0.43193514625320634, 'mae': 0.39917729133703017, 'nmae': 0.39917729133703017, 'relative_mse': 0.0744350316455109}
2026-08-07 03:51:58,769 INFO [training.train] step=8000 train_batch={'nmse': 0.349077392604202}
2026-08-07 03:51:59,658 INFO [training.train] step=8000 valid[valid1]={'mse': 0.4054588838637596, 'nmse': 0.4054588838637596, 'mae': 0.3712137132064914, 'nmae': 0.3712137132064914, 'relative_mse': 0.07059237446995886}
2026-08-07 03:52:05,349 INFO [training.train] step=9000 train_batch={'nmse': 0.3726289352811873}
2026-08-07 03:52:06,337 INFO [training.train] step=9000 valid[valid1]={'mse': 0.3993908224309048, 'nmse': 0.3993908224309048, 'mae': 0.3677834173454409, 'nmae': 0.3677834173454409, 'relative_mse': 0.06983729718617857}
2026-08-07 03:52:12,033 INFO [training.train] step=10000 train_batch={'nmse': 0.6385508932173252}
2026-08-07 03:52:12,919 INFO [training.train] step=10000 valid[valid1]={'mse': 0.40886195773019857, 'nmse': 0.40886195773019857, 'mae': 0.37809371181967183, 'nmae': 0.37809371181967183, 'relative_mse': 0.07227282092327947}
2026-08-07 03:52:12,919 INFO [training.train] training_done steps=10000 seconds=66.25
2026-08-07 03:52:13,058 INFO [__main__] saved criterion_loss=criterion_loss.pdf
2026-08-07 03:52:13,059 INFO [__main__] training done
2026-08-07 03:52:13,059 INFO [__main__] evaluation start
2026-08-07 03:52:17,460 INFO [__main__] evaluation done
2026-08-07 03:52:17,461 INFO [__main__] experiment done seconds=342.26
2026-08-07 03:52:17,461 INFO [__main__] ========================================================================
2026-08-07 03:52:17,554 INFO [__main__] ========================================================================
2026-08-07 03:52:17,555 INFO [__main__] experiment model=patchtst out=/home/h61084/codes/timetensors/outputs/constants/electricity/504_168/patchtst_remove_eval_windows/seed_3 rebuild_dataset=False evaluate=True
2026-08-07 03:52:17,555 INFO [__main__] stats recompute=True
2026-08-07 03:52:17,555 INFO [__main__] dataset rebuild skipped
2026-08-07 03:52:17,555 INFO [__main__] training start
2026-08-07 03:56:46,326 INFO [training.train] device requested=gpu resolved=cuda:0 cuda=True
2026-08-07 03:56:46,327 INFO [training.train] data_shape=[504, 1, 168]
2026-08-07 03:56:46,327 INFO [training.train] Splits:
train	idx_mode=random	{'values': (312, 1, 26304), 'individual_context': None, 'global_context': None, 'sampled_individuals': 312, 'sampled_dates': 15111, 'samples': 1}
valid1	idx_mode=all	{'values': (312, 1, 26304), 'individual_context': None, 'global_context': None, 'sampled_individuals': 312, 'sampled_dates': 31, 'samples': 9672}
test1	idx_mode=all	{'values': (312, 1, 26304), 'individual_context': None, 'global_context': None, 'sampled_individuals': 312, 'sampled_dates': 31, 'samples': 9672}
2026-08-07 03:56:46,327 INFO [training.train] Batch:
 batches=train=1, valid1=38, test1=38
 inputs=[1, 1, 504]
 targets=[1, 1, 168]
 individual_context=None
 global_context=None
2026-08-07 03:56:46,335 INFO [training.train] training epochs=10000 steps_per_epoch=1 total_steps=10000 valid_eval_freq=1000 logging_eval_freq=1000
2026-08-07 03:56:52,028 INFO [training.train] step=1000 train_batch={'nmse': 0.5535462889522315}
2026-08-07 03:56:53,052 INFO [training.train] step=1000 valid[valid1]={'mse': 0.4788041596921818, 'nmse': 0.4788041596921818, 'mae': 0.42197514282741017, 'nmae': 0.42197514282741017, 'relative_mse': 0.08804533096488368}
2026-08-07 03:56:58,743 INFO [training.train] step=2000 train_batch={'nmse': 0.42248729307204486}
2026-08-07 03:56:59,628 INFO [training.train] step=2000 valid[valid1]={'mse': 0.45670880087767923, 'nmse': 0.45670880087767923, 'mae': 0.4130158332537128, 'nmae': 0.4130158332537128, 'relative_mse': 0.08091502952342797}
2026-08-07 03:57:05,317 INFO [training.train] step=3000 train_batch={'nmse': 0.5798256267532707}
2026-08-07 03:57:06,204 INFO [training.train] step=3000 valid[valid1]={'mse': 0.4330231581936629, 'nmse': 0.4330231581936629, 'mae': 0.3935538376859965, 'nmae': 0.3935538376859965, 'relative_mse': 0.07618808967956642}
2026-08-07 03:57:11,897 INFO [training.train] step=4000 train_batch={'nmse': 0.42122080067545176}
2026-08-07 03:57:12,878 INFO [training.train] step=4000 valid[valid1]={'mse': 0.43091558881403025, 'nmse': 0.43091558881403025, 'mae': 0.3973397500565036, 'nmae': 0.3973397500565036, 'relative_mse': 0.07465811713692465}
2026-08-07 03:57:18,569 INFO [training.train] step=5000 train_batch={'nmse': 0.3353945046514273}
2026-08-07 03:57:19,455 INFO [training.train] step=5000 valid[valid1]={'mse': 0.4200303074204441, 'nmse': 0.4200303074204441, 'mae': 0.3870783258974728, 'nmae': 0.3870783258974728, 'relative_mse': 0.07246654598694797}
2026-08-07 03:57:25,142 INFO [training.train] step=6000 train_batch={'nmse': 0.42967184269428255}
2026-08-07 03:57:26,025 INFO [training.train] step=6000 valid[valid1]={'mse': 0.4085579554014534, 'nmse': 0.4085579554014534, 'mae': 0.37485168101239247, 'nmae': 0.37485168101239247, 'relative_mse': 0.07073379574297563}
2026-08-07 03:57:31,720 INFO [training.train] step=7000 train_batch={'nmse': 0.34186930626630785}
2026-08-07 03:57:32,701 INFO [training.train] step=7000 valid[valid1]={'mse': 0.41726102381610114, 'nmse': 0.41726102381610114, 'mae': 0.38638595225863687, 'nmae': 0.38638595225863687, 'relative_mse': 0.07172109946526962}
2026-08-07 03:57:38,392 INFO [training.train] step=8000 train_batch={'nmse': 0.5921703940108418}
2026-08-07 03:57:39,276 INFO [training.train] step=8000 valid[valid1]={'mse': 0.40958936245717803, 'nmse': 0.40958936245717803, 'mae': 0.37810650049872424, 'nmae': 0.37810650049872424, 'relative_mse': 0.06990276806050924}
2026-08-07 03:57:44,965 INFO [training.train] step=9000 train_batch={'nmse': 0.7284888148233295}
2026-08-07 03:57:45,856 INFO [training.train] step=9000 valid[valid1]={'mse': 0.3993116235520804, 'nmse': 0.3993116235520804, 'mae': 0.3669601591280688, 'nmae': 0.3669601591280688, 'relative_mse': 0.06823126531360026}
2026-08-07 03:57:51,548 INFO [training.train] step=10000 train_batch={'nmse': 0.592432769998908}
2026-08-07 03:57:52,528 INFO [training.train] step=10000 valid[valid1]={'mse': 0.3964270423042652, 'nmse': 0.3964270423042652, 'mae': 0.3635489432140965, 'nmae': 0.3635489432140965, 'relative_mse': 0.06847831785873719}
2026-08-07 03:57:52,528 INFO [training.train] training_done steps=10000 seconds=66.19
2026-08-07 03:57:52,680 INFO [__main__] saved criterion_loss=criterion_loss.pdf
2026-08-07 03:57:52,680 INFO [__main__] training done
2026-08-07 03:57:52,680 INFO [__main__] evaluation start
2026-08-07 03:57:57,070 INFO [__main__] evaluation done
2026-08-07 03:57:57,070 INFO [__main__] experiment done seconds=339.60
2026-08-07 03:57:57,070 INFO [__main__] ========================================================================

2026-08-07T03:57:57+02:00 configuration dataset=electricity lags=504 horizon=168 method=patchtst_remove_all_windows module=scripts.experiment requested_seeds=1,2,3 run_seeds=1,2,3 data_root=/home/h61084/codes/timetensors/../datasets train_sampling=random train_stride=1 eval_sampling=all eval_stride=168 batch_size=256 learning_rate=1e-5 epochs=10000 rebuild_dataset=false rebuild_reason=not_needed overrides=+model.name=patchtst +model.path=patchtst +normalization.name=instance +data.sampling.remove_train_cte=true +data.sampling.remove_eval_cte=true ++data.sampling.drop_train_constant_individuals=false ++data.sampling.drop_eval_constant_individuals=false
2026-08-07 03:58:02,697 INFO [__main__] ========================================================================
2026-08-07 03:58:02,697 INFO [__main__] experiment model=patchtst out=/home/h61084/codes/timetensors/outputs/constants/electricity/504_168/patchtst_remove_all_windows/seed_1 rebuild_dataset=False evaluate=True
2026-08-07 03:58:02,697 INFO [__main__] stats recompute=True
2026-08-07 03:58:02,697 INFO [__main__] dataset rebuild skipped
2026-08-07 03:58:02,697 INFO [__main__] training start
2026-08-07 04:10:15,199 INFO [training.train] device requested=gpu resolved=cuda:0 cuda=True
2026-08-07 04:10:15,209 INFO [training.train] data_shape=[504, 1, 168]
2026-08-07 04:10:15,209 INFO [training.train] Splits:
train	idx_mode=random	{'values': (312, 1, 26304), 'individual_context': None, 'global_context': None, 'sampled_individuals': 312, 'sampled_dates': 15111, 'samples': 1}
valid1	idx_mode=all	{'values': (312, 1, 26304), 'individual_context': None, 'global_context': None, 'sampled_individuals': 312, 'sampled_dates': 31, 'samples': 9672}
test1	idx_mode=all	{'values': (312, 1, 26304), 'individual_context': None, 'global_context': None, 'sampled_individuals': 312, 'sampled_dates': 31, 'samples': 9672}
2026-08-07 04:10:15,209 INFO [training.train] Batch:
 batches=train=1, valid1=38, test1=38
 inputs=[1, 1, 504]
 targets=[1, 1, 168]
 individual_context=None
 global_context=None
2026-08-07 04:10:15,217 INFO [training.train] training epochs=10000 steps_per_epoch=1 total_steps=10000 valid_eval_freq=1000 logging_eval_freq=1000
2026-08-07 04:10:32,367 INFO [training.train] step=1000 train_batch={'nmse': 0.5879717252254486}
2026-08-07 04:10:33,264 INFO [training.train] step=1000 valid[valid1]={'mse': 0.4940965855228196, 'nmse': 0.4940965855228196, 'mae': 0.43776405175508154, 'nmae': 0.43776405175508154, 'relative_mse': 0.08989809767897261}
2026-08-07 04:10:47,787 INFO [training.train] step=2000 train_batch={'nmse': 0.43858858598023653}
2026-08-07 04:10:48,671 INFO [training.train] step=2000 valid[valid1]={'mse': 0.455322022219999, 'nmse': 0.455322022219999, 'mae': 0.41097779356436503, 'nmae': 0.41097779356436503, 'relative_mse': 0.08183365877844066}
2026-08-07 04:11:03,184 INFO [training.train] step=3000 train_batch={'nmse': 0.3782791358530521}
2026-08-07 04:11:04,173 INFO [training.train] step=3000 valid[valid1]={'mse': 0.4245310708298793, 'nmse': 0.4245310708298793, 'mae': 0.38557618528932003, 'nmae': 0.38557618528932003, 'relative_mse': 0.07617645582201876}
2026-08-07 04:11:18,689 INFO [training.train] step=4000 train_batch={'nmse': 0.34913338405638933}
2026-08-07 04:11:19,575 INFO [training.train] step=4000 valid[valid1]={'mse': 0.4249210278784765, 'nmse': 0.4249210278784765, 'mae': 0.3874568020430231, 'nmae': 0.3874568020430231, 'relative_mse': 0.07522749349588181}
2026-08-07 04:11:34,101 INFO [training.train] step=5000 train_batch={'nmse': 0.9712234530001879}
2026-08-07 04:11:35,075 INFO [training.train] step=5000 valid[valid1]={'mse': 0.41726071339959986, 'nmse': 0.41726071339959986, 'mae': 0.38121415010945314, 'nmae': 0.38121415010945314, 'relative_mse': 0.07385958556215386}
2026-08-07 04:11:49,595 INFO [training.train] step=6000 train_batch={'nmse': 0.33409451236575843}
2026-08-07 04:11:50,482 INFO [training.train] step=6000 valid[valid1]={'mse': 0.413813726265981, 'nmse': 0.413813726265981, 'mae': 0.3836598613224708, 'nmae': 0.3836598613224708, 'relative_mse': 0.0724935050440584}
2026-08-07 04:12:05,008 INFO [training.train] step=7000 train_batch={'nmse': 0.3371874921992421}
2026-08-07 04:12:05,890 INFO [training.train] step=7000 valid[valid1]={'mse': 0.4205994111507752, 'nmse': 0.4205994111507752, 'mae': 0.38737296134067967, 'nmae': 0.38737296134067967, 'relative_mse': 0.07320256882858772}
2026-08-07 04:12:20,406 INFO [training.train] step=8000 train_batch={'nmse': 0.3308313953354955}
2026-08-07 04:12:21,379 INFO [training.train] step=8000 valid[valid1]={'mse': 0.4086656996768947, 'nmse': 0.4086656996768947, 'mae': 0.3749269280157007, 'nmae': 0.3749269280157007, 'relative_mse': 0.0712610354283227}
2026-08-07 04:12:35,905 INFO [training.train] step=9000 train_batch={'nmse': 0.3146788305044174}
2026-08-07 04:12:36,791 INFO [training.train] step=9000 valid[valid1]={'mse': 0.4081127718616299, 'nmse': 0.4081127718616299, 'mae': 0.3747844946211173, 'nmae': 0.3747844946211173, 'relative_mse': 0.07059720440647865}
2026-08-07 04:12:51,317 INFO [training.train] step=10000 train_batch={'nmse': 0.4456446328498423}
2026-08-07 04:12:52,290 INFO [training.train] step=10000 valid[valid1]={'mse': 0.40898719381021154, 'nmse': 0.40898719381021154, 'mae': 0.37829788113650814, 'nmae': 0.37829788113650814, 'relative_mse': 0.070148191933202}
2026-08-07 04:12:52,291 INFO [training.train] training_done steps=10000 seconds=157.07
2026-08-07 04:12:52,768 INFO [__main__] saved criterion_loss=criterion_loss.pdf
2026-08-07 04:12:52,768 INFO [__main__] training done
2026-08-07 04:12:52,768 INFO [__main__] evaluation start
2026-08-07 04:12:57,113 INFO [__main__] evaluation done
2026-08-07 04:12:57,113 INFO [__main__] experiment done seconds=894.42
2026-08-07 04:12:57,113 INFO [__main__] ========================================================================
2026-08-07 04:12:57,125 INFO [__main__] ========================================================================
2026-08-07 04:12:57,125 INFO [__main__] experiment model=patchtst out=/home/h61084/codes/timetensors/outputs/constants/electricity/504_168/patchtst_remove_all_windows/seed_2 rebuild_dataset=False evaluate=True
2026-08-07 04:12:57,125 INFO [__main__] stats recompute=True
2026-08-07 04:12:57,125 INFO [__main__] dataset rebuild skipped
2026-08-07 04:12:57,126 INFO [__main__] training start
2026-08-07 04:25:10,208 INFO [training.train] device requested=gpu resolved=cuda:0 cuda=True
2026-08-07 04:25:10,218 INFO [training.train] data_shape=[504, 1, 168]
2026-08-07 04:25:10,218 INFO [training.train] Splits:
train	idx_mode=random	{'values': (312, 1, 26304), 'individual_context': None, 'global_context': None, 'sampled_individuals': 312, 'sampled_dates': 15111, 'samples': 1}
valid1	idx_mode=all	{'values': (312, 1, 26304), 'individual_context': None, 'global_context': None, 'sampled_individuals': 312, 'sampled_dates': 31, 'samples': 9672}
test1	idx_mode=all	{'values': (312, 1, 26304), 'individual_context': None, 'global_context': None, 'sampled_individuals': 312, 'sampled_dates': 31, 'samples': 9672}
2026-08-07 04:25:10,218 INFO [training.train] Batch:
 batches=train=1, valid1=38, test1=38
 inputs=[1, 1, 504]
 targets=[1, 1, 168]
 individual_context=None
 global_context=None
2026-08-07 04:25:10,229 INFO [training.train] training epochs=10000 steps_per_epoch=1 total_steps=10000 valid_eval_freq=1000 logging_eval_freq=1000
2026-08-07 04:25:24,777 INFO [training.train] step=1000 train_batch={'nmse': 0.5286440611332655}
2026-08-07 04:25:25,795 INFO [training.train] step=1000 valid[valid1]={'mse': 0.4934934820203493, 'nmse': 0.4934934820203493, 'mae': 0.4362310485948024, 'nmae': 0.4362310485948024, 'relative_mse': 0.09143819481790584}
2026-08-07 04:25:40,349 INFO [training.train] step=2000 train_batch={'nmse': 0.4432972849532962}
2026-08-07 04:25:41,235 INFO [training.train] step=2000 valid[valid1]={'mse': 0.45350028543653714, 'nmse': 0.45350028543653714, 'mae': 0.40812576247668314, 'nmae': 0.40812576247668314, 'relative_mse': 0.08247588279844621}
2026-08-07 04:25:55,788 INFO [training.train] step=3000 train_batch={'nmse': 0.3865073593780398}
2026-08-07 04:25:56,773 INFO [training.train] step=3000 valid[valid1]={'mse': 0.4288635380116251, 'nmse': 0.4288635380116251, 'mae': 0.3897262916413189, 'nmae': 0.3897262916413189, 'relative_mse': 0.07713067434392724}
2026-08-07 04:26:11,319 INFO [training.train] step=4000 train_batch={'nmse': 0.3575834005996585}
2026-08-07 04:26:12,205 INFO [training.train] step=4000 valid[valid1]={'mse': 0.4160433061586134, 'nmse': 0.4160433061586134, 'mae': 0.3793130428616662, 'nmae': 0.3793130428616662, 'relative_mse': 0.0740982208017563}
2026-08-07 04:26:26,757 INFO [training.train] step=5000 train_batch={'nmse': 0.35927552078664304}
2026-08-07 04:26:27,649 INFO [training.train] step=5000 valid[valid1]={'mse': 0.42906349491944407, 'nmse': 0.42906349491944407, 'mae': 0.3948782523764213, 'nmae': 0.3948782523764213, 'relative_mse': 0.07478301928631124}
2026-08-07 04:26:42,204 INFO [training.train] step=6000 train_batch={'nmse': 0.45618292777240277}
2026-08-07 04:26:43,241 INFO [training.train] step=6000 valid[valid1]={'mse': 0.4917567428642356, 'nmse': 0.4917567428642356, 'mae': 0.4556904574585081, 'nmae': 0.4556904574585081, 'relative_mse': 0.08196228464871752}
2026-08-07 04:26:57,799 INFO [training.train] step=7000 train_batch={'nmse': 0.4563604378700256}
2026-08-07 04:26:58,685 INFO [training.train] step=7000 valid[valid1]={'mse': 0.43193514625320634, 'nmse': 0.43193514625320634, 'mae': 0.39917729133703017, 'nmae': 0.39917729133703017, 'relative_mse': 0.0744350316455109}
2026-08-07 04:27:13,244 INFO [training.train] step=8000 train_batch={'nmse': 0.349077392604202}
2026-08-07 04:27:14,129 INFO [training.train] step=8000 valid[valid1]={'mse': 0.4054588838637596, 'nmse': 0.4054588838637596, 'mae': 0.3712137132064914, 'nmae': 0.3712137132064914, 'relative_mse': 0.07059237446995886}
2026-08-07 04:27:28,683 INFO [training.train] step=9000 train_batch={'nmse': 0.3726289352811873}
2026-08-07 04:27:29,668 INFO [training.train] step=9000 valid[valid1]={'mse': 0.3993908224309048, 'nmse': 0.3993908224309048, 'mae': 0.3677834173454409, 'nmae': 0.3677834173454409, 'relative_mse': 0.06983729718617857}
2026-08-07 04:27:44,227 INFO [training.train] step=10000 train_batch={'nmse': 0.6385508932173252}
2026-08-07 04:27:45,113 INFO [training.train] step=10000 valid[valid1]={'mse': 0.40886195773019857, 'nmse': 0.40886195773019857, 'mae': 0.37809371181967183, 'nmae': 0.37809371181967183, 'relative_mse': 0.07227282092327947}
2026-08-07 04:27:45,113 INFO [training.train] training_done steps=10000 seconds=154.88
2026-08-07 04:27:45,262 INFO [__main__] saved criterion_loss=criterion_loss.pdf
2026-08-07 04:27:45,262 INFO [__main__] training done
2026-08-07 04:27:45,262 INFO [__main__] evaluation start
2026-08-07 04:27:49,674 INFO [__main__] evaluation done
2026-08-07 04:27:49,675 INFO [__main__] experiment done seconds=892.55
2026-08-07 04:27:49,675 INFO [__main__] ========================================================================
2026-08-07 04:27:49,684 INFO [__main__] ========================================================================
2026-08-07 04:27:49,684 INFO [__main__] experiment model=patchtst out=/home/h61084/codes/timetensors/outputs/constants/electricity/504_168/patchtst_remove_all_windows/seed_3 rebuild_dataset=False evaluate=True
2026-08-07 04:27:49,684 INFO [__main__] stats recompute=True
2026-08-07 04:27:49,684 INFO [__main__] dataset rebuild skipped
2026-08-07 04:27:49,684 INFO [__main__] training start
2026-08-07 04:40:05,007 INFO [training.train] device requested=gpu resolved=cuda:0 cuda=True
2026-08-07 04:40:05,017 INFO [training.train] data_shape=[504, 1, 168]
2026-08-07 04:40:05,017 INFO [training.train] Splits:
train	idx_mode=random	{'values': (312, 1, 26304), 'individual_context': None, 'global_context': None, 'sampled_individuals': 312, 'sampled_dates': 15111, 'samples': 1}
valid1	idx_mode=all	{'values': (312, 1, 26304), 'individual_context': None, 'global_context': None, 'sampled_individuals': 312, 'sampled_dates': 31, 'samples': 9672}
test1	idx_mode=all	{'values': (312, 1, 26304), 'individual_context': None, 'global_context': None, 'sampled_individuals': 312, 'sampled_dates': 31, 'samples': 9672}
2026-08-07 04:40:05,017 INFO [training.train] Batch:
 batches=train=1, valid1=38, test1=38
 inputs=[1, 1, 504]
 targets=[1, 1, 168]
 individual_context=None
 global_context=None
2026-08-07 04:40:05,026 INFO [training.train] training epochs=10000 steps_per_epoch=1 total_steps=10000 valid_eval_freq=1000 logging_eval_freq=1000
2026-08-07 04:40:19,576 INFO [training.train] step=1000 train_batch={'nmse': 0.5535462889522315}
2026-08-07 04:40:20,602 INFO [training.train] step=1000 valid[valid1]={'mse': 0.4788041596921818, 'nmse': 0.4788041596921818, 'mae': 0.42197514282741017, 'nmae': 0.42197514282741017, 'relative_mse': 0.08804533096488368}
2026-08-07 04:40:35,159 INFO [training.train] step=2000 train_batch={'nmse': 0.42248729307204486}
2026-08-07 04:40:36,047 INFO [training.train] step=2000 valid[valid1]={'mse': 0.45670880087767923, 'nmse': 0.45670880087767923, 'mae': 0.4130158332537128, 'nmae': 0.4130158332537128, 'relative_mse': 0.08091502952342797}
2026-08-07 04:40:50,592 INFO [training.train] step=3000 train_batch={'nmse': 0.5798256267532707}
2026-08-07 04:40:51,479 INFO [training.train] step=3000 valid[valid1]={'mse': 0.4330231581936629, 'nmse': 0.4330231581936629, 'mae': 0.3935538376859965, 'nmae': 0.3935538376859965, 'relative_mse': 0.07618808967956642}
2026-08-07 04:41:06,020 INFO [training.train] step=4000 train_batch={'nmse': 0.42122080067545176}
2026-08-07 04:41:07,025 INFO [training.train] step=4000 valid[valid1]={'mse': 0.43091558881403025, 'nmse': 0.43091558881403025, 'mae': 0.3973397500565036, 'nmae': 0.3973397500565036, 'relative_mse': 0.07465811713692465}
2026-08-07 04:41:21,583 INFO [training.train] step=5000 train_batch={'nmse': 0.3353945046514273}
2026-08-07 04:41:22,475 INFO [training.train] step=5000 valid[valid1]={'mse': 0.4200303074204441, 'nmse': 0.4200303074204441, 'mae': 0.3870783258974728, 'nmae': 0.3870783258974728, 'relative_mse': 0.07246654598694797}
2026-08-07 04:41:37,022 INFO [training.train] step=6000 train_batch={'nmse': 0.42967184269428255}
2026-08-07 04:41:37,911 INFO [training.train] step=6000 valid[valid1]={'mse': 0.4085579554014534, 'nmse': 0.4085579554014534, 'mae': 0.37485168101239247, 'nmae': 0.37485168101239247, 'relative_mse': 0.07073379574297563}
2026-08-07 04:41:52,460 INFO [training.train] step=7000 train_batch={'nmse': 0.34186930626630785}
2026-08-07 04:41:53,474 INFO [training.train] step=7000 valid[valid1]={'mse': 0.41726102381610114, 'nmse': 0.41726102381610114, 'mae': 0.38638595225863687, 'nmae': 0.38638595225863687, 'relative_mse': 0.07172109946526962}
2026-08-07 04:42:08,018 INFO [training.train] step=8000 train_batch={'nmse': 0.5921703940108418}
2026-08-07 04:42:08,904 INFO [training.train] step=8000 valid[valid1]={'mse': 0.40958936245717803, 'nmse': 0.40958936245717803, 'mae': 0.37810650049872424, 'nmae': 0.37810650049872424, 'relative_mse': 0.06990276806050924}
2026-08-07 04:42:23,451 INFO [training.train] step=9000 train_batch={'nmse': 0.7284888148233295}
2026-08-07 04:42:24,338 INFO [training.train] step=9000 valid[valid1]={'mse': 0.3993116235520804, 'nmse': 0.3993116235520804, 'mae': 0.3669601591280688, 'nmae': 0.3669601591280688, 'relative_mse': 0.06823126531360026}
2026-08-07 04:42:38,894 INFO [training.train] step=10000 train_batch={'nmse': 0.592432769998908}
2026-08-07 04:42:39,875 INFO [training.train] step=10000 valid[valid1]={'mse': 0.3964270423042652, 'nmse': 0.3964270423042652, 'mae': 0.3635489432140965, 'nmae': 0.3635489432140965, 'relative_mse': 0.06847831785873719}
2026-08-07 04:42:39,875 INFO [training.train] training_done steps=10000 seconds=154.85
2026-08-07 04:42:40,021 INFO [__main__] saved criterion_loss=criterion_loss.pdf
2026-08-07 04:42:40,022 INFO [__main__] training done
2026-08-07 04:42:40,022 INFO [__main__] evaluation start
2026-08-07 04:42:44,428 INFO [__main__] evaluation done
2026-08-07 04:42:44,428 INFO [__main__] experiment done seconds=894.75
2026-08-07 04:42:44,428 INFO [__main__] ========================================================================

2026-08-07T04:42:45+02:00 configuration dataset=electricity lags=504 horizon=168 method=patchtst_drop_all_users module=scripts.experiment requested_seeds=1,2,3 run_seeds=1,2,3 data_root=/home/h61084/codes/timetensors/../datasets train_sampling=random train_stride=1 eval_sampling=all eval_stride=168 batch_size=256 learning_rate=1e-5 epochs=10000 rebuild_dataset=false rebuild_reason=not_needed overrides=+model.name=patchtst +model.path=patchtst +normalization.name=instance +data.sampling.remove_train_cte=false +data.sampling.remove_eval_cte=false ++data.sampling.drop_train_constant_individuals=true ++data.sampling.drop_eval_constant_individuals=true
2026-08-07 04:42:49,832 INFO [__main__] ========================================================================
2026-08-07 04:42:49,832 INFO [__main__] experiment model=patchtst out=/home/h61084/codes/timetensors/outputs/constants/electricity/504_168/patchtst_drop_all_users/seed_1 rebuild_dataset=False evaluate=True
2026-08-07 04:42:49,832 INFO [__main__] stats recompute=True
2026-08-07 04:42:49,832 INFO [__main__] dataset rebuild skipped
2026-08-07 04:42:49,832 INFO [__main__] training start
2026-08-07 04:47:36,780 INFO [training.train] device requested=gpu resolved=cuda:0 cuda=True
2026-08-07 04:47:36,781 INFO [training.train] data_shape=[504, 1, 168]
2026-08-07 04:47:36,781 INFO [training.train] Splits:
train	idx_mode=random	{'values': (312, 1, 26304), 'individual_context': None, 'global_context': None, 'sampled_individuals': 312, 'sampled_dates': 15111, 'samples': 1}
valid1	idx_mode=all	{'values': (312, 1, 26304), 'individual_context': None, 'global_context': None, 'sampled_individuals': 312, 'sampled_dates': 31, 'samples': 9672}
test1	idx_mode=all	{'values': (312, 1, 26304), 'individual_context': None, 'global_context': None, 'sampled_individuals': 312, 'sampled_dates': 31, 'samples': 9672}
2026-08-07 04:47:36,781 INFO [training.train] Batch:
 batches=train=1, valid1=38, test1=38
 inputs=[1, 1, 504]
 targets=[1, 1, 168]
 individual_context=None
 global_context=None
2026-08-07 04:47:36,788 INFO [training.train] training epochs=10000 steps_per_epoch=1 total_steps=10000 valid_eval_freq=1000 logging_eval_freq=1000
2026-08-07 04:47:44,667 INFO [training.train] step=1000 train_batch={'nmse': 0.5879717252254486}
2026-08-07 04:47:45,274 INFO [training.train] step=1000 valid[valid1]={'mse': 0.4940965855228196, 'nmse': 0.4940965855228196, 'mae': 0.43776405175508154, 'nmae': 0.43776405175508154, 'relative_mse': 0.08989809767897261}
2026-08-07 04:47:50,884 INFO [training.train] step=2000 train_batch={'nmse': 0.43858858598023653}
2026-08-07 04:47:51,482 INFO [training.train] step=2000 valid[valid1]={'mse': 0.455322022219999, 'nmse': 0.455322022219999, 'mae': 0.41097779356436503, 'nmae': 0.41097779356436503, 'relative_mse': 0.08183365877844066}
2026-08-07 04:47:57,090 INFO [training.train] step=3000 train_batch={'nmse': 0.3782791358530521}
2026-08-07 04:47:57,778 INFO [training.train] step=3000 valid[valid1]={'mse': 0.4245310708298793, 'nmse': 0.4245310708298793, 'mae': 0.38557618528932003, 'nmae': 0.38557618528932003, 'relative_mse': 0.07617645582201876}
2026-08-07 04:48:03,386 INFO [training.train] step=4000 train_batch={'nmse': 0.34913338405638933}
2026-08-07 04:48:03,982 INFO [training.train] step=4000 valid[valid1]={'mse': 0.4249210278784765, 'nmse': 0.4249210278784765, 'mae': 0.3874568020430231, 'nmae': 0.3874568020430231, 'relative_mse': 0.07522749349588181}
2026-08-07 04:48:09,589 INFO [training.train] step=5000 train_batch={'nmse': 0.9712234530001879}
2026-08-07 04:48:10,185 INFO [training.train] step=5000 valid[valid1]={'mse': 0.41726071339959986, 'nmse': 0.41726071339959986, 'mae': 0.38121415010945314, 'nmae': 0.38121415010945314, 'relative_mse': 0.07385958556215386}
2026-08-07 04:48:15,789 INFO [training.train] step=6000 train_batch={'nmse': 0.33409451236575843}
2026-08-07 04:48:16,471 INFO [training.train] step=6000 valid[valid1]={'mse': 0.413813726265981, 'nmse': 0.413813726265981, 'mae': 0.3836598613224708, 'nmae': 0.3836598613224708, 'relative_mse': 0.0724935050440584}
2026-08-07 04:48:22,083 INFO [training.train] step=7000 train_batch={'nmse': 0.3371874921992421}
2026-08-07 04:48:22,683 INFO [training.train] step=7000 valid[valid1]={'mse': 0.4205994111507752, 'nmse': 0.4205994111507752, 'mae': 0.38737296134067967, 'nmae': 0.38737296134067967, 'relative_mse': 0.07320256882858772}
2026-08-07 04:48:28,294 INFO [training.train] step=8000 train_batch={'nmse': 0.3308313953354955}
2026-08-07 04:48:28,981 INFO [training.train] step=8000 valid[valid1]={'mse': 0.4086656996768947, 'nmse': 0.4086656996768947, 'mae': 0.3749269280157007, 'nmae': 0.3749269280157007, 'relative_mse': 0.0712610354283227}
2026-08-07 04:48:34,594 INFO [training.train] step=9000 train_batch={'nmse': 0.3146788305044174}
2026-08-07 04:48:35,192 INFO [training.train] step=9000 valid[valid1]={'mse': 0.4081127718616299, 'nmse': 0.4081127718616299, 'mae': 0.3747844946211173, 'nmae': 0.3747844946211173, 'relative_mse': 0.07059720440647865}
2026-08-07 04:48:40,797 INFO [training.train] step=10000 train_batch={'nmse': 0.4456446328498423}
2026-08-07 04:48:41,393 INFO [training.train] step=10000 valid[valid1]={'mse': 0.40898719381021154, 'nmse': 0.40898719381021154, 'mae': 0.37829788113650814, 'nmae': 0.37829788113650814, 'relative_mse': 0.070148191933202}
2026-08-07 04:48:41,394 INFO [training.train] training_done steps=10000 seconds=64.61
2026-08-07 04:48:41,912 INFO [__main__] saved criterion_loss=criterion_loss.pdf
2026-08-07 04:48:41,912 INFO [__main__] training done
2026-08-07 04:48:41,913 INFO [__main__] evaluation start
2026-08-07 04:48:45,168 INFO [__main__] evaluation done
2026-08-07 04:48:45,169 INFO [__main__] experiment done seconds=355.34
2026-08-07 04:48:45,169 INFO [__main__] ========================================================================
2026-08-07 04:48:45,180 INFO [__main__] ========================================================================
2026-08-07 04:48:45,180 INFO [__main__] experiment model=patchtst out=/home/h61084/codes/timetensors/outputs/constants/electricity/504_168/patchtst_drop_all_users/seed_2 rebuild_dataset=False evaluate=True
2026-08-07 04:48:45,180 INFO [__main__] stats recompute=True
2026-08-07 04:48:45,180 INFO [__main__] dataset rebuild skipped
2026-08-07 04:48:45,180 INFO [__main__] training start
2026-08-07 04:53:33,950 INFO [training.train] device requested=gpu resolved=cuda:0 cuda=True
2026-08-07 04:53:33,951 INFO [training.train] data_shape=[504, 1, 168]
2026-08-07 04:53:33,951 INFO [training.train] Splits:
train	idx_mode=random	{'values': (312, 1, 26304), 'individual_context': None, 'global_context': None, 'sampled_individuals': 312, 'sampled_dates': 15111, 'samples': 1}
valid1	idx_mode=all	{'values': (312, 1, 26304), 'individual_context': None, 'global_context': None, 'sampled_individuals': 312, 'sampled_dates': 31, 'samples': 9672}
test1	idx_mode=all	{'values': (312, 1, 26304), 'individual_context': None, 'global_context': None, 'sampled_individuals': 312, 'sampled_dates': 31, 'samples': 9672}
2026-08-07 04:53:33,951 INFO [training.train] Batch:
 batches=train=1, valid1=38, test1=38
 inputs=[1, 1, 504]
 targets=[1, 1, 168]
 individual_context=None
 global_context=None
2026-08-07 04:53:33,959 INFO [training.train] training epochs=10000 steps_per_epoch=1 total_steps=10000 valid_eval_freq=1000 logging_eval_freq=1000
2026-08-07 04:53:39,612 INFO [training.train] step=1000 train_batch={'nmse': 0.5286440611332655}
2026-08-07 04:53:40,344 INFO [training.train] step=1000 valid[valid1]={'mse': 0.4934934820203493, 'nmse': 0.4934934820203493, 'mae': 0.4362310485948024, 'nmae': 0.4362310485948024, 'relative_mse': 0.09143819481790584}
2026-08-07 04:53:45,996 INFO [training.train] step=2000 train_batch={'nmse': 0.4432972849532962}
2026-08-07 04:53:46,597 INFO [training.train] step=2000 valid[valid1]={'mse': 0.45350028543653714, 'nmse': 0.45350028543653714, 'mae': 0.40812576247668314, 'nmae': 0.40812576247668314, 'relative_mse': 0.08247588279844621}
2026-08-07 04:53:52,252 INFO [training.train] step=3000 train_batch={'nmse': 0.3865073593780398}
2026-08-07 04:53:52,855 INFO [training.train] step=3000 valid[valid1]={'mse': 0.4288635380116251, 'nmse': 0.4288635380116251, 'mae': 0.3897262916413189, 'nmae': 0.3897262916413189, 'relative_mse': 0.07713067434392724}
2026-08-07 04:53:58,511 INFO [training.train] step=4000 train_batch={'nmse': 0.3575834005996585}
2026-08-07 04:53:59,219 INFO [training.train] step=4000 valid[valid1]={'mse': 0.4160433061586134, 'nmse': 0.4160433061586134, 'mae': 0.3793130428616662, 'nmae': 0.3793130428616662, 'relative_mse': 0.0740982208017563}
2026-08-07 04:54:04,877 INFO [training.train] step=5000 train_batch={'nmse': 0.35927552078664304}
2026-08-07 04:54:05,484 INFO [training.train] step=5000 valid[valid1]={'mse': 0.42906349491944407, 'nmse': 0.42906349491944407, 'mae': 0.3948782523764213, 'nmae': 0.3948782523764213, 'relative_mse': 0.07478301928631124}
2026-08-07 04:54:11,135 INFO [training.train] step=6000 train_batch={'nmse': 0.45618292777240277}
2026-08-07 04:54:11,735 INFO [training.train] step=6000 valid[valid1]={'mse': 0.4917567428642356, 'nmse': 0.4917567428642356, 'mae': 0.4556904574585081, 'nmae': 0.4556904574585081, 'relative_mse': 0.08196228464871752}
2026-08-07 04:54:17,379 INFO [training.train] step=7000 train_batch={'nmse': 0.4563604378700256}
2026-08-07 04:54:18,084 INFO [training.train] step=7000 valid[valid1]={'mse': 0.43193514625320634, 'nmse': 0.43193514625320634, 'mae': 0.39917729133703017, 'nmae': 0.39917729133703017, 'relative_mse': 0.0744350316455109}
2026-08-07 04:54:23,733 INFO [training.train] step=8000 train_batch={'nmse': 0.349077392604202}
2026-08-07 04:54:24,334 INFO [training.train] step=8000 valid[valid1]={'mse': 0.4054588838637596, 'nmse': 0.4054588838637596, 'mae': 0.3712137132064914, 'nmae': 0.3712137132064914, 'relative_mse': 0.07059237446995886}
2026-08-07 04:54:29,986 INFO [training.train] step=9000 train_batch={'nmse': 0.3726289352811873}
2026-08-07 04:54:30,586 INFO [training.train] step=9000 valid[valid1]={'mse': 0.3993908224309048, 'nmse': 0.3993908224309048, 'mae': 0.3677834173454409, 'nmae': 0.3677834173454409, 'relative_mse': 0.06983729718617857}
2026-08-07 04:54:36,238 INFO [training.train] step=10000 train_batch={'nmse': 0.6385508932173252}
2026-08-07 04:54:36,940 INFO [training.train] step=10000 valid[valid1]={'mse': 0.40886195773019857, 'nmse': 0.40886195773019857, 'mae': 0.37809371181967183, 'nmae': 0.37809371181967183, 'relative_mse': 0.07227282092327947}
2026-08-07 04:54:36,940 INFO [training.train] training_done steps=10000 seconds=62.98
2026-08-07 04:54:37,081 INFO [__main__] saved criterion_loss=criterion_loss.pdf
2026-08-07 04:54:37,081 INFO [__main__] training done
2026-08-07 04:54:37,081 INFO [__main__] evaluation start
2026-08-07 04:54:40,334 INFO [__main__] evaluation done
2026-08-07 04:54:40,334 INFO [__main__] experiment done seconds=355.16
2026-08-07 04:54:40,334 INFO [__main__] ========================================================================
2026-08-07 04:54:40,341 INFO [__main__] ========================================================================
2026-08-07 04:54:40,341 INFO [__main__] experiment model=patchtst out=/home/h61084/codes/timetensors/outputs/constants/electricity/504_168/patchtst_drop_all_users/seed_3 rebuild_dataset=False evaluate=True
2026-08-07 04:54:40,341 INFO [__main__] stats recompute=True
2026-08-07 04:54:40,341 INFO [__main__] dataset rebuild skipped
2026-08-07 04:54:40,342 INFO [__main__] training start
2026-08-07 04:59:26,818 INFO [training.train] device requested=gpu resolved=cuda:0 cuda=True
2026-08-07 04:59:26,819 INFO [training.train] data_shape=[504, 1, 168]
2026-08-07 04:59:26,819 INFO [training.train] Splits:
train	idx_mode=random	{'values': (312, 1, 26304), 'individual_context': None, 'global_context': None, 'sampled_individuals': 312, 'sampled_dates': 15111, 'samples': 1}
valid1	idx_mode=all	{'values': (312, 1, 26304), 'individual_context': None, 'global_context': None, 'sampled_individuals': 312, 'sampled_dates': 31, 'samples': 9672}
test1	idx_mode=all	{'values': (312, 1, 26304), 'individual_context': None, 'global_context': None, 'sampled_individuals': 312, 'sampled_dates': 31, 'samples': 9672}
2026-08-07 04:59:26,819 INFO [training.train] Batch:
 batches=train=1, valid1=38, test1=38
 inputs=[1, 1, 504]
 targets=[1, 1, 168]
 individual_context=None
 global_context=None
2026-08-07 04:59:26,829 INFO [training.train] training epochs=10000 steps_per_epoch=1 total_steps=10000 valid_eval_freq=1000 logging_eval_freq=1000
2026-08-07 04:59:32,496 INFO [training.train] step=1000 train_batch={'nmse': 0.5535462889522315}
2026-08-07 04:59:33,228 INFO [training.train] step=1000 valid[valid1]={'mse': 0.4788041596921818, 'nmse': 0.4788041596921818, 'mae': 0.42197514282741017, 'nmae': 0.42197514282741017, 'relative_mse': 0.08804533096488368}
2026-08-07 04:59:38,877 INFO [training.train] step=2000 train_batch={'nmse': 0.42248729307204486}
2026-08-07 04:59:39,481 INFO [training.train] step=2000 valid[valid1]={'mse': 0.45670880087767923, 'nmse': 0.45670880087767923, 'mae': 0.4130158332537128, 'nmae': 0.4130158332537128, 'relative_mse': 0.08091502952342797}
2026-08-07 04:59:45,128 INFO [training.train] step=3000 train_batch={'nmse': 0.5798256267532707}
2026-08-07 04:59:45,732 INFO [training.train] step=3000 valid[valid1]={'mse': 0.4330231581936629, 'nmse': 0.4330231581936629, 'mae': 0.3935538376859965, 'nmae': 0.3935538376859965, 'relative_mse': 0.07618808967956642}
2026-08-07 04:59:51,377 INFO [training.train] step=4000 train_batch={'nmse': 0.42122080067545176}
2026-08-07 04:59:52,073 INFO [training.train] step=4000 valid[valid1]={'mse': 0.43091558881403025, 'nmse': 0.43091558881403025, 'mae': 0.3973397500565036, 'nmae': 0.3973397500565036, 'relative_mse': 0.07465811713692465}
2026-08-07 04:59:57,722 INFO [training.train] step=5000 train_batch={'nmse': 0.3353945046514273}
2026-08-07 04:59:58,327 INFO [training.train] step=5000 valid[valid1]={'mse': 0.4200303074204441, 'nmse': 0.4200303074204441, 'mae': 0.3870783258974728, 'nmae': 0.3870783258974728, 'relative_mse': 0.07246654598694797}
2026-08-07 05:00:03,973 INFO [training.train] step=6000 train_batch={'nmse': 0.42967184269428255}
2026-08-07 05:00:04,576 INFO [training.train] step=6000 valid[valid1]={'mse': 0.4085579554014534, 'nmse': 0.4085579554014534, 'mae': 0.37485168101239247, 'nmae': 0.37485168101239247, 'relative_mse': 0.07073379574297563}
2026-08-07 05:00:10,219 INFO [training.train] step=7000 train_batch={'nmse': 0.34186930626630785}
2026-08-07 05:00:10,929 INFO [training.train] step=7000 valid[valid1]={'mse': 0.41726102381610114, 'nmse': 0.41726102381610114, 'mae': 0.38638595225863687, 'nmae': 0.38638595225863687, 'relative_mse': 0.07172109946526962}
2026-08-07 05:00:16,583 INFO [training.train] step=8000 train_batch={'nmse': 0.5921703940108418}
2026-08-07 05:00:17,189 INFO [training.train] step=8000 valid[valid1]={'mse': 0.40958936245717803, 'nmse': 0.40958936245717803, 'mae': 0.37810650049872424, 'nmae': 0.37810650049872424, 'relative_mse': 0.06990276806050924}
2026-08-07 05:00:22,846 INFO [training.train] step=9000 train_batch={'nmse': 0.7284888148233295}
2026-08-07 05:00:23,450 INFO [training.train] step=9000 valid[valid1]={'mse': 0.3993116235520804, 'nmse': 0.3993116235520804, 'mae': 0.3669601591280688, 'nmae': 0.3669601591280688, 'relative_mse': 0.06823126531360026}
2026-08-07 05:00:29,100 INFO [training.train] step=10000 train_batch={'nmse': 0.592432769998908}
2026-08-07 05:00:29,795 INFO [training.train] step=10000 valid[valid1]={'mse': 0.3964270423042652, 'nmse': 0.3964270423042652, 'mae': 0.3635489432140965, 'nmae': 0.3635489432140965, 'relative_mse': 0.06847831785873719}
2026-08-07 05:00:29,795 INFO [training.train] training_done steps=10000 seconds=62.97
2026-08-07 05:00:29,945 INFO [__main__] saved criterion_loss=criterion_loss.pdf
2026-08-07 05:00:29,945 INFO [__main__] training done
2026-08-07 05:00:29,945 INFO [__main__] evaluation start
2026-08-07 05:00:33,106 INFO [__main__] evaluation done
2026-08-07 05:00:33,106 INFO [__main__] experiment done seconds=352.77
2026-08-07 05:00:33,107 INFO [__main__] ========================================================================

2026-08-07T05:00:33+02:00 configuration dataset=traffic lags=168 horizon=24 method=patchtst_keep module=scripts.experiment requested_seeds=1,2,3 run_seeds=1,2,3 data_root=/home/h61084/codes/timetensors/../datasets train_sampling=random train_stride=1 eval_sampling=all eval_stride=24 batch_size=256 learning_rate=1e-5 epochs=10000 rebuild_dataset=true rebuild_reason=missing_tensor_payload overrides=+model.name=patchtst +model.path=patchtst +normalization.name=instance +data.sampling.remove_train_cte=false +data.sampling.remove_eval_cte=false ++data.sampling.drop_train_constant_individuals=false ++data.sampling.drop_eval_constant_individuals=false
2026-08-07 05:00:38,495 INFO [__main__] ========================================================================
2026-08-07 05:00:38,495 INFO [__main__] experiment model=patchtst out=/home/h61084/codes/timetensors/outputs/constants/traffic/168_24/patchtst_keep/seed_1 rebuild_dataset=True evaluate=True
2026-08-07 05:00:38,495 INFO [__main__] stats recompute=True
2026-08-07 05:00:38,495 INFO [__main__] dataset start
2026-08-07 05:00:38,497 INFO [dataset.load] loaded dataset config path=/home/h61084/codes/timetensors/../datasets/traffic/config.json keys=['aggr', 'date_col', 'drop_users']
2026-08-07 05:08:47,492 INFO [__main__] dataset done
2026-08-07 05:08:47,493 INFO [__main__] training start
2026-08-07 05:08:47,674 INFO [training.train] device requested=gpu resolved=cuda:0 cuda=True
2026-08-07 05:08:47,674 INFO [training.train] data_shape=[168, 1, 24]
2026-08-07 05:08:47,675 INFO [training.train] Splits:
train	idx_mode=random	{'values': (860, 1, 17544), 'individual_context': None, 'global_context': None, 'sampled_individuals': 860, 'sampled_dates': 10335, 'samples': 1}
valid1	idx_mode=all	{'values': (860, 1, 17544), 'individual_context': None, 'global_context': None, 'sampled_individuals': 860, 'sampled_dates': 146, 'samples': 125560}
test1	idx_mode=all	{'values': (860, 1, 17544), 'individual_context': None, 'global_context': None, 'sampled_individuals': 860, 'sampled_dates': 146, 'samples': 125560}
2026-08-07 05:08:47,675 INFO [training.train] Batch:
 batches=train=1, valid1=491, test1=491
 inputs=[1, 1, 168]
 targets=[1, 1, 24]
 individual_context=None
 global_context=None
2026-08-07 05:08:47,682 INFO [training.train] training epochs=10000 steps_per_epoch=1 total_steps=10000 valid_eval_freq=1000 logging_eval_freq=1000
2026-08-07 05:08:55,427 INFO [training.train] step=1000 train_batch={'nmse': 0.7917732509374619}
2026-08-07 05:09:02,693 INFO [training.train] step=1000 valid[valid1]={'mse': 0.548399490594636, 'nmse': 0.548399490594636, 'mae': 0.472750585190845, 'nmae': 0.472750585190845, 'relative_mse': 0.35845283124684096}
2026-08-07 05:09:08,234 INFO [training.train] step=2000 train_batch={'nmse': 0.6534161676764488}
2026-08-07 05:09:15,419 INFO [training.train] step=2000 valid[valid1]={'mse': 0.5086154459337273, 'nmse': 0.5086154459337273, 'mae': 0.4612554701875701, 'nmae': 0.4612554701875701, 'relative_mse': 0.32796544527392285}
2026-08-07 05:09:20,950 INFO [training.train] step=3000 train_batch={'nmse': 0.5731818321943283}
2026-08-07 05:09:28,168 INFO [training.train] step=3000 valid[valid1]={'mse': 0.45524290254367467, 'nmse': 0.45524290254367467, 'mae': 0.42448895006685156, 'nmae': 0.42448895006685156, 'relative_mse': 0.29403911293647944}
2026-08-07 05:09:33,700 INFO [training.train] step=4000 train_batch={'nmse': 0.7604302806407213}
2026-08-07 05:09:40,846 INFO [training.train] step=4000 valid[valid1]={'mse': 0.4331638393906432, 'nmse': 0.4331638393906432, 'mae': 0.41222077967495985, 'nmae': 0.41222077967495985, 'relative_mse': 0.2790252658811182}
2026-08-07 05:09:46,377 INFO [training.train] step=5000 train_batch={'nmse': 0.44012820538133385}
2026-08-07 05:09:53,632 INFO [training.train] step=5000 valid[valid1]={'mse': 0.4200482087643192, 'nmse': 0.4200482087643192, 'mae': 0.39762930341924946, 'nmae': 0.39762930341924946, 'relative_mse': 0.2691943471340841}
2026-08-07 05:09:59,167 INFO [training.train] step=6000 train_batch={'nmse': 0.4933800507001579}
2026-08-07 05:10:06,438 INFO [training.train] step=6000 valid[valid1]={'mse': 0.4198803608288643, 'nmse': 0.4198803608288643, 'mae': 0.40295796037365883, 'nmae': 0.40295796037365883, 'relative_mse': 0.2684497512828725}
2026-08-07 05:10:11,976 INFO [training.train] step=7000 train_batch={'nmse': 1.092338194258511}
2026-08-07 05:10:19,134 INFO [training.train] step=7000 valid[valid1]={'mse': 0.3813733729078624, 'nmse': 0.3813733729078624, 'mae': 0.3692152040936682, 'nmae': 0.3692152040936682, 'relative_mse': 0.2469086884920595}
2026-08-07 05:10:24,671 INFO [training.train] step=8000 train_batch={'nmse': 0.38319776264950633}
2026-08-07 05:10:31,898 INFO [training.train] step=8000 valid[valid1]={'mse': 0.4060964650784732, 'nmse': 0.4060964650784732, 'mae': 0.3929386661679828, 'nmae': 0.3929386661679828, 'relative_mse': 0.2599291014066228}
2026-08-07 05:10:37,437 INFO [training.train] step=9000 train_batch={'nmse': 0.45578506543114783}
2026-08-07 05:10:44,639 INFO [training.train] step=9000 valid[valid1]={'mse': 0.3825715212757653, 'nmse': 0.3825715212757653, 'mae': 0.36949570993968506, 'nmae': 0.36949570993968506, 'relative_mse': 0.24658245061554573}
2026-08-07 05:10:50,173 INFO [training.train] step=10000 train_batch={'nmse': 0.3573970032595098}
2026-08-07 05:10:57,402 INFO [training.train] step=10000 valid[valid1]={'mse': 0.3815879505202435, 'nmse': 0.3815879505202435, 'mae': 0.37479197253109453, 'nmae': 0.37479197253109453, 'relative_mse': 0.2445189283698484}
2026-08-07 05:10:57,402 INFO [training.train] training_done steps=10000 seconds=129.72
2026-08-07 05:10:57,794 INFO [__main__] saved criterion_loss=criterion_loss.pdf
2026-08-07 05:10:57,794 INFO [__main__] training done
2026-08-07 05:10:57,794 INFO [__main__] evaluation start
2026-08-07 05:11:31,195 INFO [__main__] evaluation done
2026-08-07 05:11:31,195 INFO [__main__] experiment done seconds=652.70
2026-08-07 05:11:31,195 INFO [__main__] ========================================================================
2026-08-07 05:11:31,217 INFO [__main__] ========================================================================
2026-08-07 05:11:31,217 INFO [__main__] experiment model=patchtst out=/home/h61084/codes/timetensors/outputs/constants/traffic/168_24/patchtst_keep/seed_2 rebuild_dataset=False evaluate=True
2026-08-07 05:11:31,217 INFO [__main__] stats recompute=True
2026-08-07 05:11:31,217 INFO [__main__] dataset rebuild skipped
2026-08-07 05:11:31,217 INFO [__main__] training start
2026-08-07 05:19:39,356 INFO [training.train] device requested=gpu resolved=cuda:0 cuda=True
2026-08-07 05:19:39,357 INFO [training.train] data_shape=[168, 1, 24]
2026-08-07 05:19:39,357 INFO [training.train] Splits:
train	idx_mode=random	{'values': (860, 1, 17544), 'individual_context': None, 'global_context': None, 'sampled_individuals': 860, 'sampled_dates': 10335, 'samples': 1}
valid1	idx_mode=all	{'values': (860, 1, 17544), 'individual_context': None, 'global_context': None, 'sampled_individuals': 860, 'sampled_dates': 146, 'samples': 125560}
test1	idx_mode=all	{'values': (860, 1, 17544), 'individual_context': None, 'global_context': None, 'sampled_individuals': 860, 'sampled_dates': 146, 'samples': 125560}
2026-08-07 05:19:39,357 INFO [training.train] Batch:
 batches=train=1, valid1=491, test1=491
 inputs=[1, 1, 168]
 targets=[1, 1, 24]
 individual_context=None
 global_context=None
2026-08-07 05:19:39,366 INFO [training.train] training epochs=10000 steps_per_epoch=1 total_steps=10000 valid_eval_freq=1000 logging_eval_freq=1000
2026-08-07 05:19:44,922 INFO [training.train] step=1000 train_batch={'nmse': 0.7338384300917387}
2026-08-07 05:19:52,130 INFO [training.train] step=1000 valid[valid1]={'mse': 0.5427089914364636, 'nmse': 0.5427089914364636, 'mae': 0.4650346263599102, 'nmae': 0.4650346263599102, 'relative_mse': 0.3530645002867622}
2026-08-07 05:19:57,691 INFO [training.train] step=2000 train_batch={'nmse': 0.5767208685725927}
2026-08-07 05:20:04,884 INFO [training.train] step=2000 valid[valid1]={'mse': 0.4639606232778325, 'nmse': 0.4639606232778325, 'mae': 0.4215838771875565, 'nmae': 0.4215838771875565, 'relative_mse': 0.30076887151599246}
2026-08-07 05:20:10,442 INFO [training.train] step=3000 train_batch={'nmse': 0.5055756594613194}
2026-08-07 05:20:17,696 INFO [training.train] step=3000 valid[valid1]={'mse': 0.4328229412805177, 'nmse': 0.4328229412805177, 'mae': 0.39594319142947926, 'nmae': 0.39594319142947926, 'relative_mse': 0.2788369335439082}
2026-08-07 05:20:23,263 INFO [training.train] step=4000 train_batch={'nmse': 0.4767583473324776}
2026-08-07 05:20:30,554 INFO [training.train] step=4000 valid[valid1]={'mse': 0.43169086971163456, 'nmse': 0.43169086971163456, 'mae': 0.41262230032047575, 'nmae': 0.41262230032047575, 'relative_mse': 0.279518834985314}
2026-08-07 05:20:36,121 INFO [training.train] step=5000 train_batch={'nmse': 0.45098927710950376}
2026-08-07 05:20:43,305 INFO [training.train] step=5000 valid[valid1]={'mse': 0.3990853794013237, 'nmse': 0.3990853794013237, 'mae': 0.3714708517017265, 'nmae': 0.3714708517017265, 'relative_mse': 0.2581038893591994}
2026-08-07 05:20:48,871 INFO [training.train] step=6000 train_batch={'nmse': 0.4497816232331097}
2026-08-07 05:20:56,130 INFO [training.train] step=6000 valid[valid1]={'mse': 0.39906170121851503, 'nmse': 0.39906170121851503, 'mae': 0.3858773299459567, 'nmae': 0.3858773299459567, 'relative_mse': 0.2595860610383451}
2026-08-07 05:21:01,695 INFO [training.train] step=7000 train_batch={'nmse': 0.4935994905494154}
2026-08-07 05:21:08,962 INFO [training.train] step=7000 valid[valid1]={'mse': 0.38690622584308626, 'nmse': 0.38690622584308626, 'mae': 0.37583594748051513, 'nmae': 0.37583594748051513, 'relative_mse': 0.2496959140830654}
2026-08-07 05:21:14,529 INFO [training.train] step=8000 train_batch={'nmse': 0.3740772949978709}
2026-08-07 05:21:21,727 INFO [training.train] step=8000 valid[valid1]={'mse': 0.372354249831685, 'nmse': 0.372354249831685, 'mae': 0.35908144729790875, 'nmae': 0.35908144729790875, 'relative_mse': 0.2401648890963276}
2026-08-07 05:21:27,290 INFO [training.train] step=9000 train_batch={'nmse': 0.44166777132079005}
2026-08-07 05:21:34,546 INFO [training.train] step=9000 valid[valid1]={'mse': 0.38672587457603996, 'nmse': 0.38672587457603996, 'mae': 0.37543456415923976, 'nmae': 0.37543456415923976, 'relative_mse': 0.2492674108648852}
2026-08-07 05:21:40,116 INFO [training.train] step=10000 train_batch={'nmse': 0.41621907860040663}
2026-08-07 05:21:47,383 INFO [training.train] step=10000 valid[valid1]={'mse': 0.36324198764259424, 'nmse': 0.36324198764259424, 'mae': 0.3540868421313337, 'nmae': 0.3540868421313337, 'relative_mse': 0.23427404675296856}
2026-08-07 05:21:47,383 INFO [training.train] training_done steps=10000 seconds=128.02
2026-08-07 05:21:47,521 INFO [__main__] saved criterion_loss=criterion_loss.pdf
2026-08-07 05:21:47,521 INFO [__main__] training done
2026-08-07 05:21:47,521 INFO [__main__] evaluation start
2026-08-07 05:22:20,480 INFO [__main__] evaluation done
2026-08-07 05:22:20,480 INFO [__main__] experiment done seconds=649.27
2026-08-07 05:22:20,480 INFO [__main__] ========================================================================
2026-08-07 05:22:20,494 INFO [__main__] ========================================================================
2026-08-07 05:22:20,494 INFO [__main__] experiment model=patchtst out=/home/h61084/codes/timetensors/outputs/constants/traffic/168_24/patchtst_keep/seed_3 rebuild_dataset=False evaluate=True
2026-08-07 05:22:20,494 INFO [__main__] stats recompute=True
2026-08-07 05:22:20,494 INFO [__main__] dataset rebuild skipped
2026-08-07 05:22:20,494 INFO [__main__] training start
2026-08-07 05:30:28,082 INFO [training.train] device requested=gpu resolved=cuda:0 cuda=True
2026-08-07 05:30:28,083 INFO [training.train] data_shape=[168, 1, 24]
2026-08-07 05:30:28,083 INFO [training.train] Splits:
train	idx_mode=random	{'values': (860, 1, 17544), 'individual_context': None, 'global_context': None, 'sampled_individuals': 860, 'sampled_dates': 10335, 'samples': 1}
valid1	idx_mode=all	{'values': (860, 1, 17544), 'individual_context': None, 'global_context': None, 'sampled_individuals': 860, 'sampled_dates': 146, 'samples': 125560}
test1	idx_mode=all	{'values': (860, 1, 17544), 'individual_context': None, 'global_context': None, 'sampled_individuals': 860, 'sampled_dates': 146, 'samples': 125560}
2026-08-07 05:30:28,083 INFO [training.train] Batch:
 batches=train=1, valid1=491, test1=491
 inputs=[1, 1, 168]
 targets=[1, 1, 24]
 individual_context=None
 global_context=None
2026-08-07 05:30:28,091 INFO [training.train] training epochs=10000 steps_per_epoch=1 total_steps=10000 valid_eval_freq=1000 logging_eval_freq=1000
2026-08-07 05:30:33,660 INFO [training.train] step=1000 train_batch={'nmse': 0.8228717418015004}
2026-08-07 05:30:40,997 INFO [training.train] step=1000 valid[valid1]={'mse': 0.5088765465480274, 'nmse': 0.5088765465480274, 'mae': 0.45402634790701457, 'nmae': 0.45402634790701457, 'relative_mse': 0.3287318583214322}
2026-08-07 05:30:46,564 INFO [training.train] step=2000 train_batch={'nmse': 0.5940075373873115}
2026-08-07 05:30:53,889 INFO [training.train] step=2000 valid[valid1]={'mse': 0.456966793404221, 'nmse': 0.456966793404221, 'mae': 0.4261198297609781, 'nmae': 0.4261198297609781, 'relative_mse': 0.29466906131624077}
2026-08-07 05:30:59,462 INFO [training.train] step=3000 train_batch={'nmse': 0.4992103340625763}
2026-08-07 05:31:06,675 INFO [training.train] step=3000 valid[valid1]={'mse': 0.4207820943982482, 'nmse': 0.4207820943982482, 'mae': 0.3996662112346713, 'nmae': 0.3996662112346713, 'relative_mse': 0.2707382611893185}
2026-08-07 05:31:12,244 INFO [training.train] step=4000 train_batch={'nmse': 0.5011273451969027}
2026-08-07 05:31:19,601 INFO [training.train] step=4000 valid[valid1]={'mse': 0.41184900819945136, 'nmse': 0.41184900819945136, 'mae': 0.399167320937681, 'nmae': 0.399167320937681, 'relative_mse': 0.2645611052783011}
2026-08-07 05:31:25,177 INFO [training.train] step=5000 train_batch={'nmse': 0.510470102135092}
2026-08-07 05:31:32,430 INFO [training.train] step=5000 valid[valid1]={'mse': 0.40250977824748774, 'nmse': 0.40250977824748774, 'mae': 0.39846601414303245, 'nmae': 0.39846601414303245, 'relative_mse': 0.2587671342493053}
2026-08-07 05:31:37,995 INFO [training.train] step=6000 train_batch={'nmse': 0.41560081027448176}
2026-08-07 05:31:45,182 INFO [training.train] step=6000 valid[valid1]={'mse': 0.38558588756096646, 'nmse': 0.38558588756096646, 'mae': 0.37863454953416764, 'nmae': 0.37863454953416764, 'relative_mse': 0.24599381973754325}
2026-08-07 05:31:50,748 INFO [training.train] step=7000 train_batch={'nmse': 0.43612626334652305}
2026-08-07 05:31:58,037 INFO [training.train] step=7000 valid[valid1]={'mse': 0.39153169877237737, 'nmse': 0.39153169877237737, 'mae': 0.3905555037666281, 'nmae': 0.3905555037666281, 'relative_mse': 0.2504271161420793}
2026-08-07 05:32:03,609 INFO [training.train] step=8000 train_batch={'nmse': 0.3917031315155327}
2026-08-07 05:32:10,836 INFO [training.train] step=8000 valid[valid1]={'mse': 0.37572153283239007, 'nmse': 0.37572153283239007, 'mae': 0.3659076268979036, 'nmae': 0.3659076268979036, 'relative_mse': 0.24076395252523902}
2026-08-07 05:32:16,411 INFO [training.train] step=9000 train_batch={'nmse': 0.4234677215926349}
2026-08-07 05:32:23,694 INFO [training.train] step=9000 valid[valid1]={'mse': 0.37218494111468514, 'nmse': 0.37218494111468514, 'mae': 0.3643801754670651, 'nmae': 0.3643801754670651, 'relative_mse': 0.23897567745782747}
2026-08-07 05:32:29,267 INFO [training.train] step=10000 train_batch={'nmse': 0.4101348533369601}
2026-08-07 05:32:36,538 INFO [training.train] step=10000 valid[valid1]={'mse': 0.3841088338630954, 'nmse': 0.3841088338630954, 'mae': 0.3847793259488507, 'nmae': 0.3847793259488507, 'relative_mse': 0.24515417928818217}
2026-08-07 05:32:36,538 INFO [training.train] training_done steps=10000 seconds=128.45
2026-08-07 05:32:36,686 INFO [__main__] saved criterion_loss=criterion_loss.pdf
2026-08-07 05:32:36,686 INFO [__main__] training done
2026-08-07 05:32:36,686 INFO [__main__] evaluation start
2026-08-07 05:33:10,152 INFO [__main__] evaluation done
2026-08-07 05:33:10,152 INFO [__main__] experiment done seconds=649.66
2026-08-07 05:33:10,152 INFO [__main__] ========================================================================

2026-08-07T05:33:10+02:00 configuration dataset=traffic lags=168 horizon=24 method=patchtst_remove_train_windows module=scripts.experiment requested_seeds=1,2,3 run_seeds=1,2,3 data_root=/home/h61084/codes/timetensors/../datasets train_sampling=random train_stride=1 eval_sampling=all eval_stride=24 batch_size=256 learning_rate=1e-5 epochs=10000 rebuild_dataset=false rebuild_reason=not_needed overrides=+model.name=patchtst +model.path=patchtst +normalization.name=instance +data.sampling.remove_train_cte=true +data.sampling.remove_eval_cte=false ++data.sampling.drop_train_constant_individuals=false ++data.sampling.drop_eval_constant_individuals=false
2026-08-07 05:33:15,441 INFO [__main__] ========================================================================
2026-08-07 05:33:15,441 INFO [__main__] experiment model=patchtst out=/home/h61084/codes/timetensors/outputs/constants/traffic/168_24/patchtst_remove_train_windows/seed_1 rebuild_dataset=False evaluate=True
2026-08-07 05:33:15,441 INFO [__main__] stats recompute=True
2026-08-07 05:33:15,442 INFO [__main__] dataset rebuild skipped
2026-08-07 05:33:15,442 INFO [__main__] training start
2026-08-07 05:54:59,984 INFO [training.train] device requested=gpu resolved=cuda:0 cuda=True
2026-08-07 05:55:00,008 INFO [training.train] data_shape=[168, 1, 24]
2026-08-07 05:55:00,008 INFO [training.train] Splits:
train	idx_mode=random	{'values': (860, 1, 17544), 'individual_context': None, 'global_context': None, 'sampled_individuals': 860, 'sampled_dates': 10335, 'samples': 1}
valid1	idx_mode=all	{'values': (860, 1, 17544), 'individual_context': None, 'global_context': None, 'sampled_individuals': 860, 'sampled_dates': 146, 'samples': 125560}
test1	idx_mode=all	{'values': (860, 1, 17544), 'individual_context': None, 'global_context': None, 'sampled_individuals': 860, 'sampled_dates': 146, 'samples': 125560}
2026-08-07 05:55:00,008 INFO [training.train] Batch:
 batches=train=1, valid1=491, test1=491
 inputs=[1, 1, 168]
 targets=[1, 1, 24]
 individual_context=None
 global_context=None
2026-08-07 05:55:00,023 INFO [training.train] training epochs=10000 steps_per_epoch=1 total_steps=10000 valid_eval_freq=1000 logging_eval_freq=1000
2026-08-07 05:55:31,622 INFO [training.train] step=1000 train_batch={'nmse': 0.7387878629118204}
2026-08-07 05:55:39,010 INFO [training.train] step=1000 valid[valid1]={'mse': 0.5058797663939509, 'nmse': 0.5058797663939509, 'mae': 0.44763188681633365, 'nmae': 0.44763188681633365, 'relative_mse': 0.3324184977351271}
2026-08-07 05:56:07,785 INFO [training.train] step=2000 train_batch={'nmse': 0.6365356781259179}
2026-08-07 05:56:15,090 INFO [training.train] step=2000 valid[valid1]={'mse': 0.4785833289697442, 'nmse': 0.4785833289697442, 'mae': 0.4428332392901287, 'nmae': 0.4428332392901287, 'relative_mse': 0.31052458215142126}
2026-08-07 05:56:43,837 INFO [training.train] step=3000 train_batch={'nmse': 0.5642658465020358}
2026-08-07 05:56:51,135 INFO [training.train] step=3000 valid[valid1]={'mse': 0.433283621735465, 'nmse': 0.433283621735465, 'mae': 0.4092107130967977, 'nmae': 0.4092107130967977, 'relative_mse': 0.2817539991638242}
2026-08-07 05:57:19,891 INFO [training.train] step=4000 train_batch={'nmse': 0.7605879522711039}
2026-08-07 05:57:27,219 INFO [training.train] step=4000 valid[valid1]={'mse': 0.41726100107812575, 'nmse': 0.41726100107812575, 'mae': 0.39494831291393984, 'nmae': 0.39494831291393984, 'relative_mse': 0.27054295922156113}
2026-08-07 05:57:55,971 INFO [training.train] step=5000 train_batch={'nmse': 0.4349841611534357}
2026-08-07 05:58:03,306 INFO [training.train] step=5000 valid[valid1]={'mse': 0.4083896211217236, 'nmse': 0.4083896211217236, 'mae': 0.3896829736958115, 'nmae': 0.3896829736958115, 'relative_mse': 0.2630488938000142}
2026-08-07 05:58:32,062 INFO [training.train] step=6000 train_batch={'nmse': 0.49426233300566674}
2026-08-07 05:58:39,351 INFO [training.train] step=6000 valid[valid1]={'mse': 0.4006460222631323, 'nmse': 0.4006460222631323, 'mae': 0.38607805614019763, 'nmae': 0.38607805614019763, 'relative_mse': 0.2583223008294261}
2026-08-07 05:59:08,139 INFO [training.train] step=7000 train_batch={'nmse': 1.0921903149411083}
2026-08-07 05:59:15,452 INFO [training.train] step=7000 valid[valid1]={'mse': 0.38671325952165936, 'nmse': 0.38671325952165936, 'mae': 0.3755999480562756, 'nmae': 0.3755999480562756, 'relative_mse': 0.25015607257424566}
2026-08-07 05:59:44,205 INFO [training.train] step=8000 train_batch={'nmse': 0.3889711089767516}
2026-08-07 05:59:51,534 INFO [training.train] step=8000 valid[valid1]={'mse': 0.39180384149112885, 'nmse': 0.39180384149112885, 'mae': 0.3774451018519066, 'nmae': 0.3774451018519066, 'relative_mse': 0.251330549048304}
2026-08-07 06:00:20,290 INFO [training.train] step=9000 train_batch={'nmse': 0.4582388785816729}
2026-08-07 06:00:27,642 INFO [training.train] step=9000 valid[valid1]={'mse': 0.37875496980882417, 'nmse': 0.37875496980882417, 'mae': 0.3612014987228959, 'nmae': 0.3612014987228959, 'relative_mse': 0.2439671925049217}
2026-08-07 06:00:56,393 INFO [training.train] step=10000 train_batch={'nmse': 0.3586427544988692}
2026-08-07 06:01:03,710 INFO [training.train] step=10000 valid[valid1]={'mse': 0.37746837170777003, 'nmse': 0.37746837170777003, 'mae': 0.36768850067485426, 'nmae': 0.36768850067485426, 'relative_mse': 0.24228831978123747}
2026-08-07 06:01:03,710 INFO [training.train] training_done steps=10000 seconds=363.69
2026-08-07 06:01:04,100 INFO [__main__] saved criterion_loss=criterion_loss.pdf
2026-08-07 06:01:04,100 INFO [__main__] training done
2026-08-07 06:01:04,100 INFO [__main__] evaluation start
2026-08-07 06:01:37,769 INFO [__main__] evaluation done
2026-08-07 06:01:37,769 INFO [__main__] experiment done seconds=1702.33
2026-08-07 06:01:37,769 INFO [__main__] ========================================================================
2026-08-07 06:01:37,979 INFO [__main__] ========================================================================
2026-08-07 06:01:37,979 INFO [__main__] experiment model=patchtst out=/home/h61084/codes/timetensors/outputs/constants/traffic/168_24/patchtst_remove_train_windows/seed_2 rebuild_dataset=False evaluate=True
2026-08-07 06:01:37,979 INFO [__main__] stats recompute=True
2026-08-07 06:01:37,979 INFO [__main__] dataset rebuild skipped
2026-08-07 06:01:37,979 INFO [__main__] training start
2026-08-07 06:23:27,214 INFO [training.train] device requested=gpu resolved=cuda:0 cuda=True
2026-08-07 06:23:27,238 INFO [training.train] data_shape=[168, 1, 24]
2026-08-07 06:23:27,238 INFO [training.train] Splits:
train	idx_mode=random	{'values': (860, 1, 17544), 'individual_context': None, 'global_context': None, 'sampled_individuals': 860, 'sampled_dates': 10335, 'samples': 1}
valid1	idx_mode=all	{'values': (860, 1, 17544), 'individual_context': None, 'global_context': None, 'sampled_individuals': 860, 'sampled_dates': 146, 'samples': 125560}
test1	idx_mode=all	{'values': (860, 1, 17544), 'individual_context': None, 'global_context': None, 'sampled_individuals': 860, 'sampled_dates': 146, 'samples': 125560}
2026-08-07 06:23:27,238 INFO [training.train] Batch:
 batches=train=1, valid1=491, test1=491
 inputs=[1, 1, 168]
 targets=[1, 1, 24]
 individual_context=None
 global_context=None
2026-08-07 06:23:27,248 INFO [training.train] training epochs=10000 steps_per_epoch=1 total_steps=10000 valid_eval_freq=1000 logging_eval_freq=1000
2026-08-07 06:23:56,031 INFO [training.train] step=1000 train_batch={'nmse': 0.7338384300917387}
2026-08-07 06:24:03,372 INFO [training.train] step=1000 valid[valid1]={'mse': 0.5427089914364636, 'nmse': 0.5427089914364636, 'mae': 0.4650346263599102, 'nmae': 0.4650346263599102, 'relative_mse': 0.3530645002867622}
2026-08-07 06:24:32,130 INFO [training.train] step=2000 train_batch={'nmse': 0.5767208685725927}
2026-08-07 06:24:39,563 INFO [training.train] step=2000 valid[valid1]={'mse': 0.4639606232778325, 'nmse': 0.4639606232778325, 'mae': 0.4215838771875565, 'nmae': 0.4215838771875565, 'relative_mse': 0.30076887151599246}
2026-08-07 06:25:08,344 INFO [training.train] step=3000 train_batch={'nmse': 0.5055756594613194}
2026-08-07 06:25:15,741 INFO [training.train] step=3000 valid[valid1]={'mse': 0.4328229412805177, 'nmse': 0.4328229412805177, 'mae': 0.39594319142947926, 'nmae': 0.39594319142947926, 'relative_mse': 0.2788369335439082}
2026-08-07 06:25:44,533 INFO [training.train] step=4000 train_batch={'nmse': 0.4767583473324776}
2026-08-07 06:25:51,948 INFO [training.train] step=4000 valid[valid1]={'mse': 0.43169086971163456, 'nmse': 0.43169086971163456, 'mae': 0.41262230032047575, 'nmae': 0.41262230032047575, 'relative_mse': 0.279518834985314}
2026-08-07 06:26:20,729 INFO [training.train] step=5000 train_batch={'nmse': 0.45098927710950376}
2026-08-07 06:26:28,087 INFO [training.train] step=5000 valid[valid1]={'mse': 0.3990853794013237, 'nmse': 0.3990853794013237, 'mae': 0.3714708517017265, 'nmae': 0.3714708517017265, 'relative_mse': 0.2581038893591994}
2026-08-07 06:26:56,872 INFO [training.train] step=6000 train_batch={'nmse': 0.4497816232331097}
2026-08-07 06:27:04,272 INFO [training.train] step=6000 valid[valid1]={'mse': 0.39906170121851503, 'nmse': 0.39906170121851503, 'mae': 0.3858773299459567, 'nmae': 0.3858773299459567, 'relative_mse': 0.2595860610383451}
2026-08-07 06:27:33,024 INFO [training.train] step=7000 train_batch={'nmse': 0.4935994905494154}
2026-08-07 06:27:40,401 INFO [training.train] step=7000 valid[valid1]={'mse': 0.38690622584308626, 'nmse': 0.38690622584308626, 'mae': 0.37583594748051513, 'nmae': 0.37583594748051513, 'relative_mse': 0.2496959140830654}
2026-08-07 06:28:09,171 INFO [training.train] step=8000 train_batch={'nmse': 0.3740772949978709}
2026-08-07 06:28:16,472 INFO [training.train] step=8000 valid[valid1]={'mse': 0.372354249831685, 'nmse': 0.372354249831685, 'mae': 0.35908144729790875, 'nmae': 0.35908144729790875, 'relative_mse': 0.2401648890963276}
2026-08-07 06:28:45,253 INFO [training.train] step=9000 train_batch={'nmse': 0.44166777132079005}
2026-08-07 06:28:52,650 INFO [training.train] step=9000 valid[valid1]={'mse': 0.38672587457603996, 'nmse': 0.38672587457603996, 'mae': 0.37543456415923976, 'nmae': 0.37543456415923976, 'relative_mse': 0.2492674108648852}
2026-08-07 06:29:21,443 INFO [training.train] step=10000 train_batch={'nmse': 0.41621907860040663}
2026-08-07 06:29:28,857 INFO [training.train] step=10000 valid[valid1]={'mse': 0.36324198764259424, 'nmse': 0.36324198764259424, 'mae': 0.3540868421313337, 'nmae': 0.3540868421313337, 'relative_mse': 0.23427404675296856}
2026-08-07 06:29:28,857 INFO [training.train] training_done steps=10000 seconds=361.61
2026-08-07 06:29:28,994 INFO [__main__] saved criterion_loss=criterion_loss.pdf
2026-08-07 06:29:28,994 INFO [__main__] training done
2026-08-07 06:29:28,994 INFO [__main__] evaluation start
2026-08-07 06:30:03,134 INFO [__main__] evaluation done
2026-08-07 06:30:03,135 INFO [__main__] experiment done seconds=1705.35
2026-08-07 06:30:03,135 INFO [__main__] ========================================================================
2026-08-07 06:30:03,161 INFO [__main__] ========================================================================
2026-08-07 06:30:03,161 INFO [__main__] experiment model=patchtst out=/home/h61084/codes/timetensors/outputs/constants/traffic/168_24/patchtst_remove_train_windows/seed_3 rebuild_dataset=False evaluate=True
2026-08-07 06:30:03,161 INFO [__main__] stats recompute=True
2026-08-07 06:30:03,161 INFO [__main__] dataset rebuild skipped
2026-08-07 06:30:03,161 INFO [__main__] training start
2026-08-07 06:51:53,817 INFO [training.train] device requested=gpu resolved=cuda:0 cuda=True
2026-08-07 06:51:53,842 INFO [training.train] data_shape=[168, 1, 24]
2026-08-07 06:51:53,842 INFO [training.train] Splits:
train	idx_mode=random	{'values': (860, 1, 17544), 'individual_context': None, 'global_context': None, 'sampled_individuals': 860, 'sampled_dates': 10335, 'samples': 1}
valid1	idx_mode=all	{'values': (860, 1, 17544), 'individual_context': None, 'global_context': None, 'sampled_individuals': 860, 'sampled_dates': 146, 'samples': 125560}
test1	idx_mode=all	{'values': (860, 1, 17544), 'individual_context': None, 'global_context': None, 'sampled_individuals': 860, 'sampled_dates': 146, 'samples': 125560}
2026-08-07 06:51:53,842 INFO [training.train] Batch:
 batches=train=1, valid1=491, test1=491
 inputs=[1, 1, 168]
 targets=[1, 1, 24]
 individual_context=None
 global_context=None
2026-08-07 06:51:53,851 INFO [training.train] training epochs=10000 steps_per_epoch=1 total_steps=10000 valid_eval_freq=1000 logging_eval_freq=1000
2026-08-07 06:52:22,621 INFO [training.train] step=1000 train_batch={'nmse': 0.8228717418015004}
2026-08-07 06:52:30,000 INFO [training.train] step=1000 valid[valid1]={'mse': 0.5088765465480274, 'nmse': 0.5088765465480274, 'mae': 0.45402634790701457, 'nmae': 0.45402634790701457, 'relative_mse': 0.3287318583214322}
2026-08-07 06:52:58,771 INFO [training.train] step=2000 train_batch={'nmse': 0.5940075373873115}
2026-08-07 06:53:06,096 INFO [training.train] step=2000 valid[valid1]={'mse': 0.456966793404221, 'nmse': 0.456966793404221, 'mae': 0.4261198297609781, 'nmae': 0.4261198297609781, 'relative_mse': 0.29466906131624077}
2026-08-07 06:53:34,875 INFO [training.train] step=3000 train_batch={'nmse': 0.4992103340625763}
2026-08-07 06:53:42,280 INFO [training.train] step=3000 valid[valid1]={'mse': 0.4207820943982482, 'nmse': 0.4207820943982482, 'mae': 0.3996662112346713, 'nmae': 0.3996662112346713, 'relative_mse': 0.2707382611893185}
2026-08-07 06:54:11,047 INFO [training.train] step=4000 train_batch={'nmse': 0.5011273451969027}
2026-08-07 06:54:18,476 INFO [training.train] step=4000 valid[valid1]={'mse': 0.41184900819945136, 'nmse': 0.41184900819945136, 'mae': 0.399167320937681, 'nmae': 0.399167320937681, 'relative_mse': 0.2645611052783011}
2026-08-07 06:54:47,251 INFO [training.train] step=5000 train_batch={'nmse': 0.510470102135092}
2026-08-07 06:54:54,553 INFO [training.train] step=5000 valid[valid1]={'mse': 0.40250977824748774, 'nmse': 0.40250977824748774, 'mae': 0.39846601414303245, 'nmae': 0.39846601414303245, 'relative_mse': 0.2587671342493053}
2026-08-07 06:55:23,334 INFO [training.train] step=6000 train_batch={'nmse': 0.41560081027448176}
2026-08-07 06:55:30,757 INFO [training.train] step=6000 valid[valid1]={'mse': 0.38558588756096646, 'nmse': 0.38558588756096646, 'mae': 0.37863454953416764, 'nmae': 0.37863454953416764, 'relative_mse': 0.24599381973754325}
2026-08-07 06:55:59,515 INFO [training.train] step=7000 train_batch={'nmse': 0.43612626334652305}
2026-08-07 06:56:06,914 INFO [training.train] step=7000 valid[valid1]={'mse': 0.39153169877237737, 'nmse': 0.39153169877237737, 'mae': 0.3905555037666281, 'nmae': 0.3905555037666281, 'relative_mse': 0.2504271161420793}
2026-08-07 06:56:35,674 INFO [training.train] step=8000 train_batch={'nmse': 0.3917031315155327}
2026-08-07 06:56:43,121 INFO [training.train] step=8000 valid[valid1]={'mse': 0.37572153283239007, 'nmse': 0.37572153283239007, 'mae': 0.3659076268979036, 'nmae': 0.3659076268979036, 'relative_mse': 0.24076395252523902}
2026-08-07 06:57:11,889 INFO [training.train] step=9000 train_batch={'nmse': 0.4234677215926349}
2026-08-07 06:57:19,285 INFO [training.train] step=9000 valid[valid1]={'mse': 0.37218494111468514, 'nmse': 0.37218494111468514, 'mae': 0.3643801754670651, 'nmae': 0.3643801754670651, 'relative_mse': 0.23897567745782747}
2026-08-07 06:57:48,061 INFO [training.train] step=10000 train_batch={'nmse': 0.4101348533369601}
2026-08-07 06:57:55,413 INFO [training.train] step=10000 valid[valid1]={'mse': 0.3841088338630954, 'nmse': 0.3841088338630954, 'mae': 0.3847793259488507, 'nmae': 0.3847793259488507, 'relative_mse': 0.24515417928818217}
2026-08-07 06:57:55,413 INFO [training.train] training_done steps=10000 seconds=361.56
2026-08-07 06:57:55,561 INFO [__main__] saved criterion_loss=criterion_loss.pdf
2026-08-07 06:57:55,561 INFO [__main__] training done
2026-08-07 06:57:55,561 INFO [__main__] evaluation start
2026-08-07 06:58:29,487 INFO [__main__] evaluation done
2026-08-07 06:58:29,488 INFO [__main__] experiment done seconds=1706.34
2026-08-07 06:58:29,488 INFO [__main__] ========================================================================

2026-08-07T06:58:30+02:00 configuration dataset=traffic lags=168 horizon=24 method=patchtst_remove_eval_windows module=scripts.experiment requested_seeds=1,2,3 run_seeds=1,2,3 data_root=/home/h61084/codes/timetensors/../datasets train_sampling=random train_stride=1 eval_sampling=all eval_stride=24 batch_size=256 learning_rate=1e-5 epochs=10000 rebuild_dataset=false rebuild_reason=not_needed overrides=+model.name=patchtst +model.path=patchtst +normalization.name=instance +data.sampling.remove_train_cte=false +data.sampling.remove_eval_cte=true ++data.sampling.drop_train_constant_individuals=false ++data.sampling.drop_eval_constant_individuals=false
2026-08-07 06:58:35,139 INFO [__main__] ========================================================================
2026-08-07 06:58:35,139 INFO [__main__] experiment model=patchtst out=/home/h61084/codes/timetensors/outputs/constants/traffic/168_24/patchtst_remove_eval_windows/seed_1 rebuild_dataset=False evaluate=True
2026-08-07 06:58:35,139 INFO [__main__] stats recompute=True
2026-08-07 06:58:35,139 INFO [__main__] dataset rebuild skipped
2026-08-07 06:58:35,139 INFO [__main__] training start
2026-08-07 07:07:05,175 INFO [training.train] device requested=gpu resolved=cuda:0 cuda=True
2026-08-07 07:07:05,176 INFO [training.train] data_shape=[168, 1, 24]
2026-08-07 07:07:05,176 INFO [training.train] Splits:
train	idx_mode=random	{'values': (860, 1, 17544), 'individual_context': None, 'global_context': None, 'sampled_individuals': 860, 'sampled_dates': 10335, 'samples': 1}
valid1	idx_mode=all	{'values': (860, 1, 17544), 'individual_context': None, 'global_context': None, 'sampled_individuals': 860, 'sampled_dates': 146, 'samples': 125560}
test1	idx_mode=all	{'values': (860, 1, 17544), 'individual_context': None, 'global_context': None, 'sampled_individuals': 860, 'sampled_dates': 146, 'samples': 125560}
2026-08-07 07:07:05,176 INFO [training.train] Batch:
 batches=train=1, valid1=491, test1=491
 inputs=[1, 1, 168]
 targets=[1, 1, 24]
 individual_context=None
 global_context=None
2026-08-07 07:07:05,181 INFO [training.train] training epochs=10000 steps_per_epoch=1 total_steps=10000 valid_eval_freq=1000 logging_eval_freq=1000
2026-08-07 07:07:13,072 INFO [training.train] step=1000 train_batch={'nmse': 0.7387878629118204}
2026-08-07 07:07:23,743 INFO [training.train] step=1000 valid[valid1]={'mse': 0.5058797663939509, 'nmse': 0.5058797663939509, 'mae': 0.44763188681633365, 'nmae': 0.44763188681633365, 'relative_mse': 0.3324184977351271}
2026-08-07 07:07:29,280 INFO [training.train] step=2000 train_batch={'nmse': 0.6365356781259179}
2026-08-07 07:07:40,026 INFO [training.train] step=2000 valid[valid1]={'mse': 0.4785833289697442, 'nmse': 0.4785833289697442, 'mae': 0.4428332392901287, 'nmae': 0.4428332392901287, 'relative_mse': 0.31052458215142126}
2026-08-07 07:07:45,556 INFO [training.train] step=3000 train_batch={'nmse': 0.5642658465020358}
2026-08-07 07:07:56,293 INFO [training.train] step=3000 valid[valid1]={'mse': 0.433283621735465, 'nmse': 0.433283621735465, 'mae': 0.4092107130967977, 'nmae': 0.4092107130967977, 'relative_mse': 0.2817539991638242}
2026-08-07 07:08:01,824 INFO [training.train] step=4000 train_batch={'nmse': 0.7605879522711039}
2026-08-07 07:08:12,558 INFO [training.train] step=4000 valid[valid1]={'mse': 0.41726100107812575, 'nmse': 0.41726100107812575, 'mae': 0.39494831291393984, 'nmae': 0.39494831291393984, 'relative_mse': 0.27054295922156113}
2026-08-07 07:08:18,096 INFO [training.train] step=5000 train_batch={'nmse': 0.4349841611534357}
2026-08-07 07:08:28,779 INFO [training.train] step=5000 valid[valid1]={'mse': 0.4083896211217236, 'nmse': 0.4083896211217236, 'mae': 0.3896829736958115, 'nmae': 0.3896829736958115, 'relative_mse': 0.2630488938000142}
2026-08-07 07:08:34,312 INFO [training.train] step=6000 train_batch={'nmse': 0.49426233300566674}
2026-08-07 07:08:45,065 INFO [training.train] step=6000 valid[valid1]={'mse': 0.4006460222631323, 'nmse': 0.4006460222631323, 'mae': 0.38607805614019763, 'nmae': 0.38607805614019763, 'relative_mse': 0.2583223008294261}
2026-08-07 07:08:50,604 INFO [training.train] step=7000 train_batch={'nmse': 1.0921903149411083}
2026-08-07 07:09:01,339 INFO [training.train] step=7000 valid[valid1]={'mse': 0.38671325952165936, 'nmse': 0.38671325952165936, 'mae': 0.3755999480562756, 'nmae': 0.3755999480562756, 'relative_mse': 0.25015607257424566}
2026-08-07 07:09:06,873 INFO [training.train] step=8000 train_batch={'nmse': 0.3889711089767516}
2026-08-07 07:09:17,617 INFO [training.train] step=8000 valid[valid1]={'mse': 0.39180384149112885, 'nmse': 0.39180384149112885, 'mae': 0.3774451018519066, 'nmae': 0.3774451018519066, 'relative_mse': 0.251330549048304}
2026-08-07 07:09:23,150 INFO [training.train] step=9000 train_batch={'nmse': 0.4582388785816729}
2026-08-07 07:09:33,897 INFO [training.train] step=9000 valid[valid1]={'mse': 0.37875496980882417, 'nmse': 0.37875496980882417, 'mae': 0.3612014987228959, 'nmae': 0.3612014987228959, 'relative_mse': 0.2439671925049217}
2026-08-07 07:09:39,437 INFO [training.train] step=10000 train_batch={'nmse': 0.3586427544988692}
2026-08-07 07:09:50,134 INFO [training.train] step=10000 valid[valid1]={'mse': 0.37746837170777003, 'nmse': 0.37746837170777003, 'mae': 0.36768850067485426, 'nmae': 0.36768850067485426, 'relative_mse': 0.24228831978123747}
2026-08-07 07:09:50,134 INFO [training.train] training_done steps=10000 seconds=164.95
2026-08-07 07:09:50,519 INFO [__main__] saved criterion_loss=criterion_loss.pdf
2026-08-07 07:09:50,519 INFO [__main__] training done
2026-08-07 07:09:50,519 INFO [__main__] evaluation start
2026-08-07 07:10:37,973 INFO [__main__] evaluation done
2026-08-07 07:10:37,974 INFO [__main__] experiment done seconds=722.84
2026-08-07 07:10:37,974 INFO [__main__] ========================================================================
2026-08-07 07:10:37,993 INFO [__main__] ========================================================================
2026-08-07 07:10:37,993 INFO [__main__] experiment model=patchtst out=/home/h61084/codes/timetensors/outputs/constants/traffic/168_24/patchtst_remove_eval_windows/seed_2 rebuild_dataset=False evaluate=True
2026-08-07 07:10:37,993 INFO [__main__] stats recompute=True
2026-08-07 07:10:37,993 INFO [__main__] dataset rebuild skipped
2026-08-07 07:10:37,993 INFO [__main__] training start
2026-08-07 07:19:07,987 INFO [training.train] device requested=gpu resolved=cuda:0 cuda=True
2026-08-07 07:19:07,988 INFO [training.train] data_shape=[168, 1, 24]
2026-08-07 07:19:07,988 INFO [training.train] Splits:
train	idx_mode=random	{'values': (860, 1, 17544), 'individual_context': None, 'global_context': None, 'sampled_individuals': 860, 'sampled_dates': 10335, 'samples': 1}
valid1	idx_mode=all	{'values': (860, 1, 17544), 'individual_context': None, 'global_context': None, 'sampled_individuals': 860, 'sampled_dates': 146, 'samples': 125560}
test1	idx_mode=all	{'values': (860, 1, 17544), 'individual_context': None, 'global_context': None, 'sampled_individuals': 860, 'sampled_dates': 146, 'samples': 125560}
2026-08-07 07:19:07,988 INFO [training.train] Batch:
 batches=train=1, valid1=491, test1=491
 inputs=[1, 1, 168]
 targets=[1, 1, 24]
 individual_context=None
 global_context=None
2026-08-07 07:19:07,996 INFO [training.train] training epochs=10000 steps_per_epoch=1 total_steps=10000 valid_eval_freq=1000 logging_eval_freq=1000
2026-08-07 07:19:13,560 INFO [training.train] step=1000 train_batch={'nmse': 0.7338384300917387}
2026-08-07 07:19:24,333 INFO [training.train] step=1000 valid[valid1]={'mse': 0.5427089914364636, 'nmse': 0.5427089914364636, 'mae': 0.4650346263599102, 'nmae': 0.4650346263599102, 'relative_mse': 0.3530645002867622}
2026-08-07 07:19:29,897 INFO [training.train] step=2000 train_batch={'nmse': 0.5767208685725927}
2026-08-07 07:19:40,673 INFO [training.train] step=2000 valid[valid1]={'mse': 0.4639606232778325, 'nmse': 0.4639606232778325, 'mae': 0.4215838771875565, 'nmae': 0.4215838771875565, 'relative_mse': 0.30076887151599246}
2026-08-07 07:19:46,234 INFO [training.train] step=3000 train_batch={'nmse': 0.5055756594613194}
2026-08-07 07:19:57,082 INFO [training.train] step=3000 valid[valid1]={'mse': 0.4328229412805177, 'nmse': 0.4328229412805177, 'mae': 0.39594319142947926, 'nmae': 0.39594319142947926, 'relative_mse': 0.2788369335439082}
2026-08-07 07:20:02,652 INFO [training.train] step=4000 train_batch={'nmse': 0.4767583473324776}
2026-08-07 07:20:13,461 INFO [training.train] step=4000 valid[valid1]={'mse': 0.43169086971163456, 'nmse': 0.43169086971163456, 'mae': 0.41262230032047575, 'nmae': 0.41262230032047575, 'relative_mse': 0.279518834985314}
2026-08-07 07:20:19,027 INFO [training.train] step=5000 train_batch={'nmse': 0.45098927710950376}
2026-08-07 07:20:29,826 INFO [training.train] step=5000 valid[valid1]={'mse': 0.3990853794013237, 'nmse': 0.3990853794013237, 'mae': 0.3714708517017265, 'nmae': 0.3714708517017265, 'relative_mse': 0.2581038893591994}
2026-08-07 07:20:35,388 INFO [training.train] step=6000 train_batch={'nmse': 0.4497816232331097}
2026-08-07 07:20:46,115 INFO [training.train] step=6000 valid[valid1]={'mse': 0.39906170121851503, 'nmse': 0.39906170121851503, 'mae': 0.3858773299459567, 'nmae': 0.3858773299459567, 'relative_mse': 0.2595860610383451}
2026-08-07 07:20:51,690 INFO [training.train] step=7000 train_batch={'nmse': 0.4935994905494154}
2026-08-07 07:21:02,483 INFO [training.train] step=7000 valid[valid1]={'mse': 0.38690622584308626, 'nmse': 0.38690622584308626, 'mae': 0.37583594748051513, 'nmae': 0.37583594748051513, 'relative_mse': 0.2496959140830654}
2026-08-07 07:21:08,053 INFO [training.train] step=8000 train_batch={'nmse': 0.3740772949978709}
2026-08-07 07:21:18,883 INFO [training.train] step=8000 valid[valid1]={'mse': 0.372354249831685, 'nmse': 0.372354249831685, 'mae': 0.35908144729790875, 'nmae': 0.35908144729790875, 'relative_mse': 0.2401648890963276}
2026-08-07 07:21:24,453 INFO [training.train] step=9000 train_batch={'nmse': 0.44166777132079005}
2026-08-07 07:21:35,164 INFO [training.train] step=9000 valid[valid1]={'mse': 0.38672587457603996, 'nmse': 0.38672587457603996, 'mae': 0.37543456415923976, 'nmae': 0.37543456415923976, 'relative_mse': 0.2492674108648852}
2026-08-07 07:21:40,733 INFO [training.train] step=10000 train_batch={'nmse': 0.41621907860040663}
2026-08-07 07:21:51,523 INFO [training.train] step=10000 valid[valid1]={'mse': 0.36324198764259424, 'nmse': 0.36324198764259424, 'mae': 0.3540868421313337, 'nmae': 0.3540868421313337, 'relative_mse': 0.23427404675296856}
2026-08-07 07:21:51,524 INFO [training.train] training_done steps=10000 seconds=163.53
2026-08-07 07:21:51,661 INFO [__main__] saved criterion_loss=criterion_loss.pdf
2026-08-07 07:21:51,661 INFO [__main__] training done
2026-08-07 07:21:51,661 INFO [__main__] evaluation start
2026-08-07 07:22:39,117 INFO [__main__] evaluation done
2026-08-07 07:22:39,117 INFO [__main__] experiment done seconds=721.13
2026-08-07 07:22:39,117 INFO [__main__] ========================================================================
2026-08-07 07:22:39,129 INFO [__main__] ========================================================================
2026-08-07 07:22:39,129 INFO [__main__] experiment model=patchtst out=/home/h61084/codes/timetensors/outputs/constants/traffic/168_24/patchtst_remove_eval_windows/seed_3 rebuild_dataset=False evaluate=True
2026-08-07 07:22:39,129 INFO [__main__] stats recompute=True
2026-08-07 07:22:39,129 INFO [__main__] dataset rebuild skipped
2026-08-07 07:22:39,129 INFO [__main__] training start
2026-08-07 07:31:10,613 INFO [training.train] device requested=gpu resolved=cuda:0 cuda=True
2026-08-07 07:31:10,614 INFO [training.train] data_shape=[168, 1, 24]
2026-08-07 07:31:10,614 INFO [training.train] Splits:
train	idx_mode=random	{'values': (860, 1, 17544), 'individual_context': None, 'global_context': None, 'sampled_individuals': 860, 'sampled_dates': 10335, 'samples': 1}
valid1	idx_mode=all	{'values': (860, 1, 17544), 'individual_context': None, 'global_context': None, 'sampled_individuals': 860, 'sampled_dates': 146, 'samples': 125560}
test1	idx_mode=all	{'values': (860, 1, 17544), 'individual_context': None, 'global_context': None, 'sampled_individuals': 860, 'sampled_dates': 146, 'samples': 125560}
2026-08-07 07:31:10,614 INFO [training.train] Batch:
 batches=train=1, valid1=491, test1=491
 inputs=[1, 1, 168]
 targets=[1, 1, 24]
 individual_context=None
 global_context=None
2026-08-07 07:31:10,622 INFO [training.train] training epochs=10000 steps_per_epoch=1 total_steps=10000 valid_eval_freq=1000 logging_eval_freq=1000
2026-08-07 07:31:16,196 INFO [training.train] step=1000 train_batch={'nmse': 0.8228717418015004}
2026-08-07 07:31:27,047 INFO [training.train] step=1000 valid[valid1]={'mse': 0.5088765465480274, 'nmse': 0.5088765465480274, 'mae': 0.45402634790701457, 'nmae': 0.45402634790701457, 'relative_mse': 0.3287318583214322}
2026-08-07 07:31:32,615 INFO [training.train] step=2000 train_batch={'nmse': 0.5940075373873115}
2026-08-07 07:31:43,431 INFO [training.train] step=2000 valid[valid1]={'mse': 0.456966793404221, 'nmse': 0.456966793404221, 'mae': 0.4261198297609781, 'nmae': 0.4261198297609781, 'relative_mse': 0.29466906131624077}
2026-08-07 07:31:49,000 INFO [training.train] step=3000 train_batch={'nmse': 0.4992103340625763}
2026-08-07 07:31:59,737 INFO [training.train] step=3000 valid[valid1]={'mse': 0.4207820943982482, 'nmse': 0.4207820943982482, 'mae': 0.3996662112346713, 'nmae': 0.3996662112346713, 'relative_mse': 0.2707382611893185}
2026-08-07 07:32:05,309 INFO [training.train] step=4000 train_batch={'nmse': 0.5011273451969027}
2026-08-07 07:32:16,114 INFO [training.train] step=4000 valid[valid1]={'mse': 0.41184900819945136, 'nmse': 0.41184900819945136, 'mae': 0.399167320937681, 'nmae': 0.399167320937681, 'relative_mse': 0.2645611052783011}
2026-08-07 07:32:21,688 INFO [training.train] step=5000 train_batch={'nmse': 0.510470102135092}
2026-08-07 07:32:32,550 INFO [training.train] step=5000 valid[valid1]={'mse': 0.40250977824748774, 'nmse': 0.40250977824748774, 'mae': 0.39846601414303245, 'nmae': 0.39846601414303245, 'relative_mse': 0.2587671342493053}
2026-08-07 07:32:38,126 INFO [training.train] step=6000 train_batch={'nmse': 0.41560081027448176}
2026-08-07 07:32:48,933 INFO [training.train] step=6000 valid[valid1]={'mse': 0.38558588756096646, 'nmse': 0.38558588756096646, 'mae': 0.37863454953416764, 'nmae': 0.37863454953416764, 'relative_mse': 0.24599381973754325}
2026-08-07 07:32:54,508 INFO [training.train] step=7000 train_batch={'nmse': 0.43612626334652305}
2026-08-07 07:33:05,221 INFO [training.train] step=7000 valid[valid1]={'mse': 0.39153169877237737, 'nmse': 0.39153169877237737, 'mae': 0.3905555037666281, 'nmae': 0.3905555037666281, 'relative_mse': 0.2504271161420793}
2026-08-07 07:33:10,794 INFO [training.train] step=8000 train_batch={'nmse': 0.3917031315155327}
2026-08-07 07:33:21,583 INFO [training.train] step=8000 valid[valid1]={'mse': 0.37572153283239007, 'nmse': 0.37572153283239007, 'mae': 0.3659076268979036, 'nmae': 0.3659076268979036, 'relative_mse': 0.24076395252523902}
2026-08-07 07:33:27,162 INFO [training.train] step=9000 train_batch={'nmse': 0.4234677215926349}
2026-08-07 07:33:37,974 INFO [training.train] step=9000 valid[valid1]={'mse': 0.37218494111468514, 'nmse': 0.37218494111468514, 'mae': 0.3643801754670651, 'nmae': 0.3643801754670651, 'relative_mse': 0.23897567745782747}
2026-08-07 07:33:43,551 INFO [training.train] step=10000 train_batch={'nmse': 0.4101348533369601}
2026-08-07 07:33:54,305 INFO [training.train] step=10000 valid[valid1]={'mse': 0.3841088338630954, 'nmse': 0.3841088338630954, 'mae': 0.3847793259488507, 'nmae': 0.3847793259488507, 'relative_mse': 0.24515417928818217}
2026-08-07 07:33:54,306 INFO [training.train] training_done steps=10000 seconds=163.68
2026-08-07 07:33:54,455 INFO [__main__] saved criterion_loss=criterion_loss.pdf
2026-08-07 07:33:54,455 INFO [__main__] training done
2026-08-07 07:33:54,455 INFO [__main__] evaluation start
2026-08-07 07:34:41,950 INFO [__main__] evaluation done
2026-08-07 07:34:41,950 INFO [__main__] experiment done seconds=722.82
2026-08-07 07:34:41,950 INFO [__main__] ========================================================================

2026-08-07T07:34:42+02:00 configuration dataset=traffic lags=168 horizon=24 method=patchtst_remove_all_windows module=scripts.experiment requested_seeds=1,2,3 run_seeds=1,2,3 data_root=/home/h61084/codes/timetensors/../datasets train_sampling=random train_stride=1 eval_sampling=all eval_stride=24 batch_size=256 learning_rate=1e-5 epochs=10000 rebuild_dataset=false rebuild_reason=not_needed overrides=+model.name=patchtst +model.path=patchtst +normalization.name=instance +data.sampling.remove_train_cte=true +data.sampling.remove_eval_cte=true ++data.sampling.drop_train_constant_individuals=false ++data.sampling.drop_eval_constant_individuals=false
2026-08-07 07:34:47,082 INFO [__main__] ========================================================================
2026-08-07 07:34:47,082 INFO [__main__] experiment model=patchtst out=/home/h61084/codes/timetensors/outputs/constants/traffic/168_24/patchtst_remove_all_windows/seed_1 rebuild_dataset=False evaluate=True
2026-08-07 07:34:47,082 INFO [__main__] stats recompute=True
2026-08-07 07:34:47,082 INFO [__main__] dataset rebuild skipped
2026-08-07 07:34:47,082 INFO [__main__] training start
2026-08-07 07:57:26,487 INFO [training.train] device requested=gpu resolved=cuda:0 cuda=True
2026-08-07 07:57:26,511 INFO [training.train] data_shape=[168, 1, 24]
2026-08-07 07:57:26,511 INFO [training.train] Splits:
train	idx_mode=random	{'values': (860, 1, 17544), 'individual_context': None, 'global_context': None, 'sampled_individuals': 860, 'sampled_dates': 10335, 'samples': 1}
valid1	idx_mode=all	{'values': (860, 1, 17544), 'individual_context': None, 'global_context': None, 'sampled_individuals': 860, 'sampled_dates': 146, 'samples': 125560}
test1	idx_mode=all	{'values': (860, 1, 17544), 'individual_context': None, 'global_context': None, 'sampled_individuals': 860, 'sampled_dates': 146, 'samples': 125560}
2026-08-07 07:57:26,511 INFO [training.train] Batch:
 batches=train=1, valid1=491, test1=491
 inputs=[1, 1, 168]
 targets=[1, 1, 24]
 individual_context=None
 global_context=None
2026-08-07 07:57:26,517 INFO [training.train] training epochs=10000 steps_per_epoch=1 total_steps=10000 valid_eval_freq=1000 logging_eval_freq=1000
2026-08-07 07:57:57,593 INFO [training.train] step=1000 train_batch={'nmse': 0.7387878629118204}
2026-08-07 07:58:08,511 INFO [training.train] step=1000 valid[valid1]={'mse': 0.5058797663939509, 'nmse': 0.5058797663939509, 'mae': 0.44763188681633365, 'nmae': 0.44763188681633365, 'relative_mse': 0.3324184977351271}
2026-08-07 07:58:37,271 INFO [training.train] step=2000 train_batch={'nmse': 0.6365356781259179}
2026-08-07 07:58:48,234 INFO [training.train] step=2000 valid[valid1]={'mse': 0.4785833289697442, 'nmse': 0.4785833289697442, 'mae': 0.4428332392901287, 'nmae': 0.4428332392901287, 'relative_mse': 0.31052458215142126}
2026-08-07 07:59:16,991 INFO [training.train] step=3000 train_batch={'nmse': 0.5642658465020358}
2026-08-07 07:59:27,887 INFO [training.train] step=3000 valid[valid1]={'mse': 0.433283621735465, 'nmse': 0.433283621735465, 'mae': 0.4092107130967977, 'nmae': 0.4092107130967977, 'relative_mse': 0.2817539991638242}
2026-08-07 07:59:56,618 INFO [training.train] step=4000 train_batch={'nmse': 0.7605879522711039}
2026-08-07 08:00:07,515 INFO [training.train] step=4000 valid[valid1]={'mse': 0.41726100107812575, 'nmse': 0.41726100107812575, 'mae': 0.39494831291393984, 'nmae': 0.39494831291393984, 'relative_mse': 0.27054295922156113}
2026-08-07 08:00:36,311 INFO [training.train] step=5000 train_batch={'nmse': 0.4349841611534357}
2026-08-07 08:00:47,171 INFO [training.train] step=5000 valid[valid1]={'mse': 0.4083896211217236, 'nmse': 0.4083896211217236, 'mae': 0.3896829736958115, 'nmae': 0.3896829736958115, 'relative_mse': 0.2630488938000142}
2026-08-07 08:01:15,970 INFO [training.train] step=6000 train_batch={'nmse': 0.49426233300566674}
2026-08-07 08:01:26,884 INFO [training.train] step=6000 valid[valid1]={'mse': 0.4006460222631323, 'nmse': 0.4006460222631323, 'mae': 0.38607805614019763, 'nmae': 0.38607805614019763, 'relative_mse': 0.2583223008294261}
2026-08-07 08:01:55,661 INFO [training.train] step=7000 train_batch={'nmse': 1.0921903149411083}
2026-08-07 08:02:06,540 INFO [training.train] step=7000 valid[valid1]={'mse': 0.38671325952165936, 'nmse': 0.38671325952165936, 'mae': 0.3755999480562756, 'nmae': 0.3755999480562756, 'relative_mse': 0.25015607257424566}
2026-08-07 08:02:35,339 INFO [training.train] step=8000 train_batch={'nmse': 0.3889711089767516}
2026-08-07 08:02:46,213 INFO [training.train] step=8000 valid[valid1]={'mse': 0.39180384149112885, 'nmse': 0.39180384149112885, 'mae': 0.3774451018519066, 'nmae': 0.3774451018519066, 'relative_mse': 0.251330549048304}
2026-08-07 08:03:14,969 INFO [training.train] step=9000 train_batch={'nmse': 0.4582388785816729}
2026-08-07 08:03:25,887 INFO [training.train] step=9000 valid[valid1]={'mse': 0.37875496980882417, 'nmse': 0.37875496980882417, 'mae': 0.3612014987228959, 'nmae': 0.3612014987228959, 'relative_mse': 0.2439671925049217}
2026-08-07 08:03:54,626 INFO [training.train] step=10000 train_batch={'nmse': 0.3586427544988692}
2026-08-07 08:04:05,542 INFO [training.train] step=10000 valid[valid1]={'mse': 0.37746837170777003, 'nmse': 0.37746837170777003, 'mae': 0.36768850067485426, 'nmae': 0.36768850067485426, 'relative_mse': 0.24228831978123747}
2026-08-07 08:04:05,543 INFO [training.train] training_done steps=10000 seconds=399.03
2026-08-07 08:04:05,942 INFO [__main__] saved criterion_loss=criterion_loss.pdf
2026-08-07 08:04:05,942 INFO [__main__] training done
2026-08-07 08:04:05,942 INFO [__main__] evaluation start
2026-08-07 08:04:54,256 INFO [__main__] evaluation done
2026-08-07 08:04:54,257 INFO [__main__] experiment done seconds=1807.18
2026-08-07 08:04:54,257 INFO [__main__] ========================================================================
2026-08-07 08:04:54,291 INFO [__main__] ========================================================================
2026-08-07 08:04:54,291 INFO [__main__] experiment model=patchtst out=/home/h61084/codes/timetensors/outputs/constants/traffic/168_24/patchtst_remove_all_windows/seed_2 rebuild_dataset=False evaluate=True
2026-08-07 08:04:54,291 INFO [__main__] stats recompute=True
2026-08-07 08:04:54,291 INFO [__main__] dataset rebuild skipped
2026-08-07 08:04:54,291 INFO [__main__] training start
2026-08-07 08:27:37,721 INFO [training.train] device requested=gpu resolved=cuda:0 cuda=True
2026-08-07 08:27:37,745 INFO [training.train] data_shape=[168, 1, 24]
2026-08-07 08:27:37,745 INFO [training.train] Splits:
train	idx_mode=random	{'values': (860, 1, 17544), 'individual_context': None, 'global_context': None, 'sampled_individuals': 860, 'sampled_dates': 10335, 'samples': 1}
valid1	idx_mode=all	{'values': (860, 1, 17544), 'individual_context': None, 'global_context': None, 'sampled_individuals': 860, 'sampled_dates': 146, 'samples': 125560}
test1	idx_mode=all	{'values': (860, 1, 17544), 'individual_context': None, 'global_context': None, 'sampled_individuals': 860, 'sampled_dates': 146, 'samples': 125560}
2026-08-07 08:27:37,745 INFO [training.train] Batch:
 batches=train=1, valid1=491, test1=491
 inputs=[1, 1, 168]
 targets=[1, 1, 24]
 individual_context=None
 global_context=None
2026-08-07 08:27:37,753 INFO [training.train] training epochs=10000 steps_per_epoch=1 total_steps=10000 valid_eval_freq=1000 logging_eval_freq=1000
2026-08-07 08:28:06,562 INFO [training.train] step=1000 train_batch={'nmse': 0.7338384300917387}
2026-08-07 08:28:17,534 INFO [training.train] step=1000 valid[valid1]={'mse': 0.5427089914364636, 'nmse': 0.5427089914364636, 'mae': 0.4650346263599102, 'nmae': 0.4650346263599102, 'relative_mse': 0.3530645002867622}
2026-08-07 08:28:46,365 INFO [training.train] step=2000 train_batch={'nmse': 0.5767208685725927}
2026-08-07 08:28:57,320 INFO [training.train] step=2000 valid[valid1]={'mse': 0.4639606232778325, 'nmse': 0.4639606232778325, 'mae': 0.4215838771875565, 'nmae': 0.4215838771875565, 'relative_mse': 0.30076887151599246}
2026-08-07 08:29:26,128 INFO [training.train] step=3000 train_batch={'nmse': 0.5055756594613194}
2026-08-07 08:29:37,178 INFO [training.train] step=3000 valid[valid1]={'mse': 0.4328229412805177, 'nmse': 0.4328229412805177, 'mae': 0.39594319142947926, 'nmae': 0.39594319142947926, 'relative_mse': 0.2788369335439082}
2026-08-07 08:30:06,017 INFO [training.train] step=4000 train_batch={'nmse': 0.4767583473324776}
2026-08-07 08:30:17,026 INFO [training.train] step=4000 valid[valid1]={'mse': 0.43169086971163456, 'nmse': 0.43169086971163456, 'mae': 0.41262230032047575, 'nmae': 0.41262230032047575, 'relative_mse': 0.279518834985314}
2026-08-07 08:30:45,844 INFO [training.train] step=5000 train_batch={'nmse': 0.45098927710950376}
2026-08-07 08:30:56,799 INFO [training.train] step=5000 valid[valid1]={'mse': 0.3990853794013237, 'nmse': 0.3990853794013237, 'mae': 0.3714708517017265, 'nmae': 0.3714708517017265, 'relative_mse': 0.2581038893591994}
2026-08-07 08:31:25,622 INFO [training.train] step=6000 train_batch={'nmse': 0.4497816232331097}
2026-08-07 08:31:36,525 INFO [training.train] step=6000 valid[valid1]={'mse': 0.39906170121851503, 'nmse': 0.39906170121851503, 'mae': 0.3858773299459567, 'nmae': 0.3858773299459567, 'relative_mse': 0.2595860610383451}
2026-08-07 08:32:05,382 INFO [training.train] step=7000 train_batch={'nmse': 0.4935994905494154}
2026-08-07 08:32:16,375 INFO [training.train] step=7000 valid[valid1]={'mse': 0.38690622584308626, 'nmse': 0.38690622584308626, 'mae': 0.37583594748051513, 'nmae': 0.37583594748051513, 'relative_mse': 0.2496959140830654}
2026-08-07 08:32:45,251 INFO [training.train] step=8000 train_batch={'nmse': 0.3740772949978709}
2026-08-07 08:32:56,286 INFO [training.train] step=8000 valid[valid1]={'mse': 0.372354249831685, 'nmse': 0.372354249831685, 'mae': 0.35908144729790875, 'nmae': 0.35908144729790875, 'relative_mse': 0.2401648890963276}
2026-08-07 08:33:25,114 INFO [training.train] step=9000 train_batch={'nmse': 0.44166777132079005}
2026-08-07 08:33:36,052 INFO [training.train] step=9000 valid[valid1]={'mse': 0.38672587457603996, 'nmse': 0.38672587457603996, 'mae': 0.37543456415923976, 'nmae': 0.37543456415923976, 'relative_mse': 0.2492674108648852}
2026-08-07 08:34:04,849 INFO [training.train] step=10000 train_batch={'nmse': 0.41621907860040663}
2026-08-07 08:34:15,853 INFO [training.train] step=10000 valid[valid1]={'mse': 0.36324198764259424, 'nmse': 0.36324198764259424, 'mae': 0.3540868421313337, 'nmae': 0.3540868421313337, 'relative_mse': 0.23427404675296856}
2026-08-07 08:34:15,853 INFO [training.train] training_done steps=10000 seconds=398.10
2026-08-07 08:34:15,991 INFO [__main__] saved criterion_loss=criterion_loss.pdf
2026-08-07 08:34:15,992 INFO [__main__] training done
2026-08-07 08:34:15,992 INFO [__main__] evaluation start
2026-08-07 08:35:04,174 INFO [__main__] evaluation done
2026-08-07 08:35:04,174 INFO [__main__] experiment done seconds=1809.90
2026-08-07 08:35:04,174 INFO [__main__] ========================================================================
2026-08-07 08:35:04,195 INFO [__main__] ========================================================================
2026-08-07 08:35:04,195 INFO [__main__] experiment model=patchtst out=/home/h61084/codes/timetensors/outputs/constants/traffic/168_24/patchtst_remove_all_windows/seed_3 rebuild_dataset=False evaluate=True
2026-08-07 08:35:04,195 INFO [__main__] stats recompute=True
2026-08-07 08:35:04,195 INFO [__main__] dataset rebuild skipped
2026-08-07 08:35:04,195 INFO [__main__] training start
2026-08-07 08:57:49,845 INFO [training.train] device requested=gpu resolved=cuda:0 cuda=True
2026-08-07 08:57:49,870 INFO [training.train] data_shape=[168, 1, 24]
2026-08-07 08:57:49,870 INFO [training.train] Splits:
train	idx_mode=random	{'values': (860, 1, 17544), 'individual_context': None, 'global_context': None, 'sampled_individuals': 860, 'sampled_dates': 10335, 'samples': 1}
valid1	idx_mode=all	{'values': (860, 1, 17544), 'individual_context': None, 'global_context': None, 'sampled_individuals': 860, 'sampled_dates': 146, 'samples': 125560}
test1	idx_mode=all	{'values': (860, 1, 17544), 'individual_context': None, 'global_context': None, 'sampled_individuals': 860, 'sampled_dates': 146, 'samples': 125560}
2026-08-07 08:57:49,870 INFO [training.train] Batch:
 batches=train=1, valid1=491, test1=491
 inputs=[1, 1, 168]
 targets=[1, 1, 24]
 individual_context=None
 global_context=None
2026-08-07 08:57:49,878 INFO [training.train] training epochs=10000 steps_per_epoch=1 total_steps=10000 valid_eval_freq=1000 logging_eval_freq=1000
2026-08-07 08:58:18,721 INFO [training.train] step=1000 train_batch={'nmse': 0.8228717418015004}
2026-08-07 08:58:29,722 INFO [training.train] step=1000 valid[valid1]={'mse': 0.5088765465480274, 'nmse': 0.5088765465480274, 'mae': 0.45402634790701457, 'nmae': 0.45402634790701457, 'relative_mse': 0.3287318583214322}
2026-08-07 08:58:58,541 INFO [training.train] step=2000 train_batch={'nmse': 0.5940075373873115}
2026-08-07 08:59:09,527 INFO [training.train] step=2000 valid[valid1]={'mse': 0.456966793404221, 'nmse': 0.456966793404221, 'mae': 0.4261198297609781, 'nmae': 0.4261198297609781, 'relative_mse': 0.29466906131624077}
2026-08-07 08:59:38,333 INFO [training.train] step=3000 train_batch={'nmse': 0.4992103340625763}
2026-08-07 08:59:49,285 INFO [training.train] step=3000 valid[valid1]={'mse': 0.4207820943982482, 'nmse': 0.4207820943982482, 'mae': 0.3996662112346713, 'nmae': 0.3996662112346713, 'relative_mse': 0.2707382611893185}
2026-08-07 09:00:18,091 INFO [training.train] step=4000 train_batch={'nmse': 0.5011273451969027}
2026-08-07 09:00:29,108 INFO [training.train] step=4000 valid[valid1]={'mse': 0.41184900819945136, 'nmse': 0.41184900819945136, 'mae': 0.399167320937681, 'nmae': 0.399167320937681, 'relative_mse': 0.2645611052783011}
2026-08-07 09:00:57,948 INFO [training.train] step=5000 train_batch={'nmse': 0.510470102135092}
2026-08-07 09:01:08,950 INFO [training.train] step=5000 valid[valid1]={'mse': 0.40250977824748774, 'nmse': 0.40250977824748774, 'mae': 0.39846601414303245, 'nmae': 0.39846601414303245, 'relative_mse': 0.2587671342493053}
2026-08-07 09:01:37,757 INFO [training.train] step=6000 train_batch={'nmse': 0.41560081027448176}
2026-08-07 09:01:48,754 INFO [training.train] step=6000 valid[valid1]={'mse': 0.38558588756096646, 'nmse': 0.38558588756096646, 'mae': 0.37863454953416764, 'nmae': 0.37863454953416764, 'relative_mse': 0.24599381973754325}
2026-08-07 09:02:17,567 INFO [training.train] step=7000 train_batch={'nmse': 0.43612626334652305}
2026-08-07 09:02:28,453 INFO [training.train] step=7000 valid[valid1]={'mse': 0.39153169877237737, 'nmse': 0.39153169877237737, 'mae': 0.3905555037666281, 'nmae': 0.3905555037666281, 'relative_mse': 0.2504271161420793}
2026-08-07 09:02:57,316 INFO [training.train] step=8000 train_batch={'nmse': 0.3917031315155327}
2026-08-07 09:03:08,271 INFO [training.train] step=8000 valid[valid1]={'mse': 0.37572153283239007, 'nmse': 0.37572153283239007, 'mae': 0.3659076268979036, 'nmae': 0.3659076268979036, 'relative_mse': 0.24076395252523902}
2026-08-07 09:03:37,111 INFO [training.train] step=9000 train_batch={'nmse': 0.4234677215926349}
2026-08-07 09:03:48,065 INFO [training.train] step=9000 valid[valid1]={'mse': 0.37218494111468514, 'nmse': 0.37218494111468514, 'mae': 0.3643801754670651, 'nmae': 0.3643801754670651, 'relative_mse': 0.23897567745782747}
2026-08-07 09:04:16,908 INFO [training.train] step=10000 train_batch={'nmse': 0.4101348533369601}
2026-08-07 09:04:27,812 INFO [training.train] step=10000 valid[valid1]={'mse': 0.3841088338630954, 'nmse': 0.3841088338630954, 'mae': 0.3847793259488507, 'nmae': 0.3847793259488507, 'relative_mse': 0.24515417928818217}
2026-08-07 09:04:27,812 INFO [training.train] training_done steps=10000 seconds=397.93
2026-08-07 09:04:27,961 INFO [__main__] saved criterion_loss=criterion_loss.pdf
2026-08-07 09:04:27,961 INFO [__main__] training done
2026-08-07 09:04:27,961 INFO [__main__] evaluation start
2026-08-07 09:05:16,065 INFO [__main__] evaluation done
2026-08-07 09:05:16,066 INFO [__main__] experiment done seconds=1811.88
2026-08-07 09:05:16,066 INFO [__main__] ========================================================================

2026-08-07T09:05:16+02:00 configuration dataset=traffic lags=168 horizon=24 method=patchtst_drop_all_users module=scripts.experiment requested_seeds=1,2,3 run_seeds=1,2,3 data_root=/home/h61084/codes/timetensors/../datasets train_sampling=random train_stride=1 eval_sampling=all eval_stride=24 batch_size=256 learning_rate=1e-5 epochs=10000 rebuild_dataset=false rebuild_reason=not_needed overrides=+model.name=patchtst +model.path=patchtst +normalization.name=instance +data.sampling.remove_train_cte=false +data.sampling.remove_eval_cte=false ++data.sampling.drop_train_constant_individuals=true ++data.sampling.drop_eval_constant_individuals=true
2026-08-07 09:05:21,514 INFO [__main__] ========================================================================
2026-08-07 09:05:21,514 INFO [__main__] experiment model=patchtst out=/home/h61084/codes/timetensors/outputs/constants/traffic/168_24/patchtst_drop_all_users/seed_1 rebuild_dataset=False evaluate=True
2026-08-07 09:05:21,514 INFO [__main__] stats recompute=True
2026-08-07 09:05:21,514 INFO [__main__] dataset rebuild skipped
2026-08-07 09:05:21,514 INFO [__main__] training start
2026-08-07 09:13:42,768 INFO [training.train] device requested=gpu resolved=cuda:0 cuda=True
2026-08-07 09:13:42,769 INFO [training.train] data_shape=[168, 1, 24]
2026-08-07 09:13:42,769 INFO [training.train] Splits:
train	idx_mode=random	{'values': (860, 1, 17544), 'individual_context': None, 'global_context': None, 'sampled_individuals': 860, 'sampled_dates': 10335, 'samples': 1}
valid1	idx_mode=all	{'values': (860, 1, 17544), 'individual_context': None, 'global_context': None, 'sampled_individuals': 860, 'sampled_dates': 146, 'samples': 125560}
test1	idx_mode=all	{'values': (860, 1, 17544), 'individual_context': None, 'global_context': None, 'sampled_individuals': 860, 'sampled_dates': 146, 'samples': 125560}
2026-08-07 09:13:42,769 INFO [training.train] Batch:
 batches=train=1, valid1=491, test1=491
 inputs=[1, 1, 168]
 targets=[1, 1, 24]
 individual_context=None
 global_context=None
2026-08-07 09:13:42,776 INFO [training.train] training epochs=10000 steps_per_epoch=1 total_steps=10000 valid_eval_freq=1000 logging_eval_freq=1000
2026-08-07 09:13:50,584 INFO [training.train] step=1000 train_batch={'nmse': 0.7387878629118204}
2026-08-07 09:13:57,832 INFO [training.train] step=1000 valid[valid1]={'mse': 0.5058797663939509, 'nmse': 0.5058797663939509, 'mae': 0.44763188681633365, 'nmae': 0.44763188681633365, 'relative_mse': 0.3324184977351271}
2026-08-07 09:14:03,377 INFO [training.train] step=2000 train_batch={'nmse': 0.6365356781259179}
2026-08-07 09:14:10,627 INFO [training.train] step=2000 valid[valid1]={'mse': 0.4785833289697442, 'nmse': 0.4785833289697442, 'mae': 0.4428332392901287, 'nmae': 0.4428332392901287, 'relative_mse': 0.31052458215142126}
2026-08-07 09:14:16,159 INFO [training.train] step=3000 train_batch={'nmse': 0.5642658465020358}
2026-08-07 09:14:23,375 INFO [training.train] step=3000 valid[valid1]={'mse': 0.433283621735465, 'nmse': 0.433283621735465, 'mae': 0.4092107130967977, 'nmae': 0.4092107130967977, 'relative_mse': 0.2817539991638242}
2026-08-07 09:14:28,914 INFO [training.train] step=4000 train_batch={'nmse': 0.7605879522711039}
2026-08-07 09:14:36,115 INFO [training.train] step=4000 valid[valid1]={'mse': 0.41726100107812575, 'nmse': 0.41726100107812575, 'mae': 0.39494831291393984, 'nmae': 0.39494831291393984, 'relative_mse': 0.27054295922156113}
2026-08-07 09:14:41,663 INFO [training.train] step=5000 train_batch={'nmse': 0.4349841611534357}
2026-08-07 09:14:48,895 INFO [training.train] step=5000 valid[valid1]={'mse': 0.4083896211217236, 'nmse': 0.4083896211217236, 'mae': 0.3896829736958115, 'nmae': 0.3896829736958115, 'relative_mse': 0.2630488938000142}
2026-08-07 09:14:54,439 INFO [training.train] step=6000 train_batch={'nmse': 0.49426233300566674}
2026-08-07 09:15:01,628 INFO [training.train] step=6000 valid[valid1]={'mse': 0.4006460222631323, 'nmse': 0.4006460222631323, 'mae': 0.38607805614019763, 'nmae': 0.38607805614019763, 'relative_mse': 0.2583223008294261}
2026-08-07 09:15:07,173 INFO [training.train] step=7000 train_batch={'nmse': 1.0921903149411083}
2026-08-07 09:15:14,424 INFO [training.train] step=7000 valid[valid1]={'mse': 0.38671325952165936, 'nmse': 0.38671325952165936, 'mae': 0.3755999480562756, 'nmae': 0.3755999480562756, 'relative_mse': 0.25015607257424566}
2026-08-07 09:15:19,970 INFO [training.train] step=8000 train_batch={'nmse': 0.3889711089767516}
2026-08-07 09:15:27,259 INFO [training.train] step=8000 valid[valid1]={'mse': 0.39180384149112885, 'nmse': 0.39180384149112885, 'mae': 0.3774451018519066, 'nmae': 0.3774451018519066, 'relative_mse': 0.251330549048304}
2026-08-07 09:15:32,812 INFO [training.train] step=9000 train_batch={'nmse': 0.4582388785816729}
2026-08-07 09:15:40,032 INFO [training.train] step=9000 valid[valid1]={'mse': 0.37875496980882417, 'nmse': 0.37875496980882417, 'mae': 0.3612014987228959, 'nmae': 0.3612014987228959, 'relative_mse': 0.2439671925049217}
2026-08-07 09:15:45,568 INFO [training.train] step=10000 train_batch={'nmse': 0.3586427544988692}
2026-08-07 09:15:52,795 INFO [training.train] step=10000 valid[valid1]={'mse': 0.37746837170777003, 'nmse': 0.37746837170777003, 'mae': 0.36768850067485426, 'nmae': 0.36768850067485426, 'relative_mse': 0.24228831978123747}
2026-08-07 09:15:52,795 INFO [training.train] training_done steps=10000 seconds=130.02
2026-08-07 09:15:53,191 INFO [__main__] saved criterion_loss=criterion_loss.pdf
2026-08-07 09:15:53,191 INFO [__main__] training done
2026-08-07 09:15:53,191 INFO [__main__] evaluation start
2026-08-07 09:16:26,614 INFO [__main__] evaluation done
2026-08-07 09:16:26,614 INFO [__main__] experiment done seconds=665.10
2026-08-07 09:16:26,614 INFO [__main__] ========================================================================
2026-08-07 09:16:26,630 INFO [__main__] ========================================================================
2026-08-07 09:16:26,631 INFO [__main__] experiment model=patchtst out=/home/h61084/codes/timetensors/outputs/constants/traffic/168_24/patchtst_drop_all_users/seed_2 rebuild_dataset=False evaluate=True
2026-08-07 09:16:26,631 INFO [__main__] stats recompute=True
2026-08-07 09:16:26,631 INFO [__main__] dataset rebuild skipped
2026-08-07 09:16:26,631 INFO [__main__] training start
2026-08-07 09:24:48,648 INFO [training.train] device requested=gpu resolved=cuda:0 cuda=True
2026-08-07 09:24:48,649 INFO [training.train] data_shape=[168, 1, 24]
2026-08-07 09:24:48,649 INFO [training.train] Splits:
train	idx_mode=random	{'values': (860, 1, 17544), 'individual_context': None, 'global_context': None, 'sampled_individuals': 860, 'sampled_dates': 10335, 'samples': 1}
valid1	idx_mode=all	{'values': (860, 1, 17544), 'individual_context': None, 'global_context': None, 'sampled_individuals': 860, 'sampled_dates': 146, 'samples': 125560}
test1	idx_mode=all	{'values': (860, 1, 17544), 'individual_context': None, 'global_context': None, 'sampled_individuals': 860, 'sampled_dates': 146, 'samples': 125560}
2026-08-07 09:24:48,649 INFO [training.train] Batch:
 batches=train=1, valid1=491, test1=491
 inputs=[1, 1, 168]
 targets=[1, 1, 24]
 individual_context=None
 global_context=None
2026-08-07 09:24:48,657 INFO [training.train] training epochs=10000 steps_per_epoch=1 total_steps=10000 valid_eval_freq=1000 logging_eval_freq=1000
2026-08-07 09:24:54,233 INFO [training.train] step=1000 train_batch={'nmse': 0.7338384300917387}
2026-08-07 09:25:01,487 INFO [training.train] step=1000 valid[valid1]={'mse': 0.5427089914364636, 'nmse': 0.5427089914364636, 'mae': 0.4650346263599102, 'nmae': 0.4650346263599102, 'relative_mse': 0.3530645002867622}
2026-08-07 09:25:07,065 INFO [training.train] step=2000 train_batch={'nmse': 0.5767208685725927}
2026-08-07 09:25:14,369 INFO [training.train] step=2000 valid[valid1]={'mse': 0.4639606232778325, 'nmse': 0.4639606232778325, 'mae': 0.4215838771875565, 'nmae': 0.4215838771875565, 'relative_mse': 0.30076887151599246}
2026-08-07 09:25:19,950 INFO [training.train] step=3000 train_batch={'nmse': 0.5055756594613194}
2026-08-07 09:25:27,139 INFO [training.train] step=3000 valid[valid1]={'mse': 0.4328229412805177, 'nmse': 0.4328229412805177, 'mae': 0.39594319142947926, 'nmae': 0.39594319142947926, 'relative_mse': 0.2788369335439082}
2026-08-07 09:25:32,707 INFO [training.train] step=4000 train_batch={'nmse': 0.4767583473324776}
2026-08-07 09:25:39,969 INFO [training.train] step=4000 valid[valid1]={'mse': 0.43169086971163456, 'nmse': 0.43169086971163456, 'mae': 0.41262230032047575, 'nmae': 0.41262230032047575, 'relative_mse': 0.279518834985314}
2026-08-07 09:25:45,547 INFO [training.train] step=5000 train_batch={'nmse': 0.45098927710950376}
2026-08-07 09:25:52,878 INFO [training.train] step=5000 valid[valid1]={'mse': 0.3990853794013237, 'nmse': 0.3990853794013237, 'mae': 0.3714708517017265, 'nmae': 0.3714708517017265, 'relative_mse': 0.2581038893591994}
2026-08-07 09:25:58,459 INFO [training.train] step=6000 train_batch={'nmse': 0.4497816232331097}
2026-08-07 09:26:05,696 INFO [training.train] step=6000 valid[valid1]={'mse': 0.39906170121851503, 'nmse': 0.39906170121851503, 'mae': 0.3858773299459567, 'nmae': 0.3858773299459567, 'relative_mse': 0.2595860610383451}
2026-08-07 09:26:11,272 INFO [training.train] step=7000 train_batch={'nmse': 0.4935994905494154}
2026-08-07 09:26:18,567 INFO [training.train] step=7000 valid[valid1]={'mse': 0.38690622584308626, 'nmse': 0.38690622584308626, 'mae': 0.37583594748051513, 'nmae': 0.37583594748051513, 'relative_mse': 0.2496959140830654}
2026-08-07 09:26:24,147 INFO [training.train] step=8000 train_batch={'nmse': 0.3740772949978709}
2026-08-07 09:26:31,361 INFO [training.train] step=8000 valid[valid1]={'mse': 0.372354249831685, 'nmse': 0.372354249831685, 'mae': 0.35908144729790875, 'nmae': 0.35908144729790875, 'relative_mse': 0.2401648890963276}
2026-08-07 09:26:36,934 INFO [training.train] step=9000 train_batch={'nmse': 0.44166777132079005}
2026-08-07 09:26:44,233 INFO [training.train] step=9000 valid[valid1]={'mse': 0.38672587457603996, 'nmse': 0.38672587457603996, 'mae': 0.37543456415923976, 'nmae': 0.37543456415923976, 'relative_mse': 0.2492674108648852}
2026-08-07 09:26:49,811 INFO [training.train] step=10000 train_batch={'nmse': 0.41621907860040663}
2026-08-07 09:26:57,119 INFO [training.train] step=10000 valid[valid1]={'mse': 0.36324198764259424, 'nmse': 0.36324198764259424, 'mae': 0.3540868421313337, 'nmae': 0.3540868421313337, 'relative_mse': 0.23427404675296856}
2026-08-07 09:26:57,119 INFO [training.train] training_done steps=10000 seconds=128.46
2026-08-07 09:26:57,257 INFO [__main__] saved criterion_loss=criterion_loss.pdf
2026-08-07 09:26:57,257 INFO [__main__] training done
2026-08-07 09:26:57,257 INFO [__main__] evaluation start
2026-08-07 09:27:30,679 INFO [__main__] evaluation done
2026-08-07 09:27:30,679 INFO [__main__] experiment done seconds=664.05
2026-08-07 09:27:30,679 INFO [__main__] ========================================================================
2026-08-07 09:27:30,777 INFO [__main__] ========================================================================
2026-08-07 09:27:30,777 INFO [__main__] experiment model=patchtst out=/home/h61084/codes/timetensors/outputs/constants/traffic/168_24/patchtst_drop_all_users/seed_3 rebuild_dataset=False evaluate=True
2026-08-07 09:27:30,777 INFO [__main__] stats recompute=True
2026-08-07 09:27:30,777 INFO [__main__] dataset rebuild skipped
2026-08-07 09:27:30,777 INFO [__main__] training start
2026-08-07 09:35:51,964 INFO [training.train] device requested=gpu resolved=cuda:0 cuda=True
2026-08-07 09:35:51,965 INFO [training.train] data_shape=[168, 1, 24]
2026-08-07 09:35:51,965 INFO [training.train] Splits:
train	idx_mode=random	{'values': (860, 1, 17544), 'individual_context': None, 'global_context': None, 'sampled_individuals': 860, 'sampled_dates': 10335, 'samples': 1}
valid1	idx_mode=all	{'values': (860, 1, 17544), 'individual_context': None, 'global_context': None, 'sampled_individuals': 860, 'sampled_dates': 146, 'samples': 125560}
test1	idx_mode=all	{'values': (860, 1, 17544), 'individual_context': None, 'global_context': None, 'sampled_individuals': 860, 'sampled_dates': 146, 'samples': 125560}
2026-08-07 09:35:51,965 INFO [training.train] Batch:
 batches=train=1, valid1=491, test1=491
 inputs=[1, 1, 168]
 targets=[1, 1, 24]
 individual_context=None
 global_context=None
2026-08-07 09:35:51,973 INFO [training.train] training epochs=10000 steps_per_epoch=1 total_steps=10000 valid_eval_freq=1000 logging_eval_freq=1000
2026-08-07 09:35:57,556 INFO [training.train] step=1000 train_batch={'nmse': 0.8228717418015004}
2026-08-07 09:36:04,897 INFO [training.train] step=1000 valid[valid1]={'mse': 0.5088765465480274, 'nmse': 0.5088765465480274, 'mae': 0.45402634790701457, 'nmae': 0.45402634790701457, 'relative_mse': 0.3287318583214322}
2026-08-07 09:36:10,481 INFO [training.train] step=2000 train_batch={'nmse': 0.5940075373873115}
2026-08-07 09:36:17,799 INFO [training.train] step=2000 valid[valid1]={'mse': 0.456966793404221, 'nmse': 0.456966793404221, 'mae': 0.4261198297609781, 'nmae': 0.4261198297609781, 'relative_mse': 0.29466906131624077}
2026-08-07 09:36:23,373 INFO [training.train] step=3000 train_batch={'nmse': 0.4992103340625763}
2026-08-07 09:36:30,584 INFO [training.train] step=3000 valid[valid1]={'mse': 0.4207820943982482, 'nmse': 0.4207820943982482, 'mae': 0.3996662112346713, 'nmae': 0.3996662112346713, 'relative_mse': 0.2707382611893185}
2026-08-07 09:36:36,174 INFO [training.train] step=4000 train_batch={'nmse': 0.5011273451969027}
2026-08-07 09:36:43,493 INFO [training.train] step=4000 valid[valid1]={'mse': 0.41184900819945136, 'nmse': 0.41184900819945136, 'mae': 0.399167320937681, 'nmae': 0.399167320937681, 'relative_mse': 0.2645611052783011}
2026-08-07 09:36:49,078 INFO [training.train] step=5000 train_batch={'nmse': 0.510470102135092}
2026-08-07 09:36:56,298 INFO [training.train] step=5000 valid[valid1]={'mse': 0.40250977824748774, 'nmse': 0.40250977824748774, 'mae': 0.39846601414303245, 'nmae': 0.39846601414303245, 'relative_mse': 0.2587671342493053}
2026-08-07 09:37:01,880 INFO [training.train] step=6000 train_batch={'nmse': 0.41560081027448176}
2026-08-07 09:37:09,166 INFO [training.train] step=6000 valid[valid1]={'mse': 0.38558588756096646, 'nmse': 0.38558588756096646, 'mae': 0.37863454953416764, 'nmae': 0.37863454953416764, 'relative_mse': 0.24599381973754325}
2026-08-07 09:37:14,757 INFO [training.train] step=7000 train_batch={'nmse': 0.43612626334652305}
2026-08-07 09:37:22,150 INFO [training.train] step=7000 valid[valid1]={'mse': 0.39153169877237737, 'nmse': 0.39153169877237737, 'mae': 0.3905555037666281, 'nmae': 0.3905555037666281, 'relative_mse': 0.2504271161420793}
2026-08-07 09:37:27,736 INFO [training.train] step=8000 train_batch={'nmse': 0.3917031315155327}
2026-08-07 09:37:34,955 INFO [training.train] step=8000 valid[valid1]={'mse': 0.37572153283239007, 'nmse': 0.37572153283239007, 'mae': 0.3659076268979036, 'nmae': 0.3659076268979036, 'relative_mse': 0.24076395252523902}
2026-08-07 09:37:40,532 INFO [training.train] step=9000 train_batch={'nmse': 0.4234677215926349}
2026-08-07 09:37:47,819 INFO [training.train] step=9000 valid[valid1]={'mse': 0.37218494111468514, 'nmse': 0.37218494111468514, 'mae': 0.3643801754670651, 'nmae': 0.3643801754670651, 'relative_mse': 0.23897567745782747}
2026-08-07 09:37:53,405 INFO [training.train] step=10000 train_batch={'nmse': 0.4101348533369601}
2026-08-07 09:38:00,749 INFO [training.train] step=10000 valid[valid1]={'mse': 0.3841088338630954, 'nmse': 0.3841088338630954, 'mae': 0.3847793259488507, 'nmae': 0.3847793259488507, 'relative_mse': 0.24515417928818217}
2026-08-07 09:38:00,749 INFO [training.train] training_done steps=10000 seconds=128.78
2026-08-07 09:38:00,896 INFO [__main__] saved criterion_loss=criterion_loss.pdf
2026-08-07 09:38:00,896 INFO [__main__] training done
2026-08-07 09:38:00,896 INFO [__main__] evaluation start
2026-08-07 09:38:34,278 INFO [__main__] evaluation done
2026-08-07 09:38:34,279 INFO [__main__] experiment done seconds=663.59
2026-08-07 09:38:34,279 INFO [__main__] ========================================================================

2026-08-07T09:38:35+02:00 configuration dataset=traffic lags=336 horizon=48 method=patchtst_keep module=scripts.experiment requested_seeds=1,2,3 run_seeds=1,2,3 data_root=/home/h61084/codes/timetensors/../datasets train_sampling=random train_stride=1 eval_sampling=all eval_stride=48 batch_size=256 learning_rate=1e-5 epochs=10000 rebuild_dataset=false rebuild_reason=not_needed overrides=+model.name=patchtst +model.path=patchtst +normalization.name=instance +data.sampling.remove_train_cte=false +data.sampling.remove_eval_cte=false ++data.sampling.drop_train_constant_individuals=false ++data.sampling.drop_eval_constant_individuals=false
2026-08-07 09:38:39,517 INFO [__main__] ========================================================================
2026-08-07 09:38:39,517 INFO [__main__] experiment model=patchtst out=/home/h61084/codes/timetensors/outputs/constants/traffic/336_48/patchtst_keep/seed_1 rebuild_dataset=False evaluate=True
2026-08-07 09:38:39,517 INFO [__main__] stats recompute=True
2026-08-07 09:38:39,517 INFO [__main__] dataset rebuild skipped
2026-08-07 09:38:39,517 INFO [__main__] training start
2026-08-07 09:47:07,144 INFO [training.train] device requested=gpu resolved=cuda:0 cuda=True
2026-08-07 09:47:07,145 INFO [training.train] data_shape=[336, 1, 48]
2026-08-07 09:47:07,145 INFO [training.train] Splits:
train	idx_mode=random	{'values': (860, 1, 17544), 'individual_context': None, 'global_context': None, 'sampled_individuals': 860, 'sampled_dates': 10143, 'samples': 1}
valid1	idx_mode=all	{'values': (860, 1, 17544), 'individual_context': None, 'global_context': None, 'sampled_individuals': 860, 'sampled_dates': 73, 'samples': 62780}
test1	idx_mode=all	{'values': (860, 1, 17544), 'individual_context': None, 'global_context': None, 'sampled_individuals': 860, 'sampled_dates': 73, 'samples': 62780}
2026-08-07 09:47:07,145 INFO [training.train] Batch:
 batches=train=1, valid1=246, test1=246
 inputs=[1, 1, 336]
 targets=[1, 1, 48]
 individual_context=None
 global_context=None
2026-08-07 09:47:07,154 INFO [training.train] training epochs=10000 steps_per_epoch=1 total_steps=10000 valid_eval_freq=1000 logging_eval_freq=1000
2026-08-07 09:47:15,152 INFO [training.train] step=1000 train_batch={'nmse': 0.7041774366796016}
2026-08-07 09:47:19,063 INFO [training.train] step=1000 valid[valid1]={'mse': 0.47231997453167623, 'nmse': 0.47231997453167623, 'mae': 0.43368664972719095, 'nmae': 0.43368664972719095, 'relative_mse': 0.31597814534618635}
2026-08-07 09:47:24,591 INFO [training.train] step=2000 train_batch={'nmse': 0.7504184362739325}
2026-08-07 09:47:28,411 INFO [training.train] step=2000 valid[valid1]={'mse': 0.4331768673494438, 'nmse': 0.4331768673494438, 'mae': 0.4163139537298035, 'nmae': 0.4163139537298035, 'relative_mse': 0.28866897778259387}
2026-08-07 09:47:33,941 INFO [training.train] step=3000 train_batch={'nmse': 0.4839123255982995}
2026-08-07 09:47:37,808 INFO [training.train] step=3000 valid[valid1]={'mse': 0.41254585548053313, 'nmse': 0.41254585548053313, 'mae': 0.40211329942703045, 'nmae': 0.40211329942703045, 'relative_mse': 0.274116165551636}
2026-08-07 09:47:43,351 INFO [training.train] step=4000 train_batch={'nmse': 0.48006805508583783}
2026-08-07 09:47:47,182 INFO [training.train] step=4000 valid[valid1]={'mse': 0.39569408258359323, 'nmse': 0.39569408258359323, 'mae': 0.3926158122807738, 'nmae': 0.3926158122807738, 'relative_mse': 0.26251970837801597}
2026-08-07 09:47:52,722 INFO [training.train] step=5000 train_batch={'nmse': 0.4132695059850812}
2026-08-07 09:47:56,614 INFO [training.train] step=5000 valid[valid1]={'mse': 0.3778329103681911, 'nmse': 0.3778329103681911, 'mae': 0.3754679646349718, 'nmae': 0.3754679646349718, 'relative_mse': 0.2501936481626117}
2026-08-07 09:48:02,141 INFO [training.train] step=6000 train_batch={'nmse': 0.4232106283046305}
2026-08-07 09:48:05,944 INFO [training.train] step=6000 valid[valid1]={'mse': 0.37907175728630915, 'nmse': 0.37907175728630915, 'mae': 0.37822401677269685, 'nmae': 0.37822401677269685, 'relative_mse': 0.2510458118940623}
2026-08-07 09:48:11,478 INFO [training.train] step=7000 train_batch={'nmse': 0.40753846568614244}
2026-08-07 09:48:15,281 INFO [training.train] step=7000 valid[valid1]={'mse': 0.36701005607751624, 'nmse': 0.36701005607751624, 'mae': 0.36814737290577537, 'nmae': 0.36814737290577537, 'relative_mse': 0.24415585269869242}
2026-08-07 09:48:20,808 INFO [training.train] step=8000 train_batch={'nmse': 0.38621856246888636}
2026-08-07 09:48:24,673 INFO [training.train] step=8000 valid[valid1]={'mse': 0.36686819343287386, 'nmse': 0.36686819343287386, 'mae': 0.36692938776776785, 'nmae': 0.36692938776776785, 'relative_mse': 0.24172160268222323}
2026-08-07 09:48:30,209 INFO [training.train] step=9000 train_batch={'nmse': 0.3708596169129014}
2026-08-07 09:48:34,020 INFO [training.train] step=9000 valid[valid1]={'mse': 0.3604244990701747, 'nmse': 0.3604244990701747, 'mae': 0.36055931284939824, 'nmae': 0.36055931284939824, 'relative_mse': 0.23749804185355078}
2026-08-07 09:48:39,554 INFO [training.train] step=10000 train_batch={'nmse': 0.3351159044764936}
2026-08-07 09:48:43,422 INFO [training.train] step=10000 valid[valid1]={'mse': 0.35965757614059585, 'nmse': 0.35965757614059585, 'mae': 0.3561658981386436, 'nmae': 0.3561658981386436, 'relative_mse': 0.23722574169802618}
2026-08-07 09:48:43,422 INFO [training.train] training_done steps=10000 seconds=96.27
2026-08-07 09:48:43,880 INFO [__main__] saved criterion_loss=criterion_loss.pdf
2026-08-07 09:48:43,880 INFO [__main__] training done
2026-08-07 09:48:43,880 INFO [__main__] evaluation start
2026-08-07 09:49:01,810 INFO [__main__] evaluation done
2026-08-07 09:49:01,810 INFO [__main__] experiment done seconds=622.30
2026-08-07 09:49:01,810 INFO [__main__] ========================================================================
2026-08-07 09:49:01,859 INFO [__main__] ========================================================================
2026-08-07 09:49:01,859 INFO [__main__] experiment model=patchtst out=/home/h61084/codes/timetensors/outputs/constants/traffic/336_48/patchtst_keep/seed_2 rebuild_dataset=False evaluate=True
2026-08-07 09:49:01,859 INFO [__main__] stats recompute=True
2026-08-07 09:49:01,859 INFO [__main__] dataset rebuild skipped
2026-08-07 09:49:01,859 INFO [__main__] training start
2026-08-07 09:57:30,173 INFO [training.train] device requested=gpu resolved=cuda:0 cuda=True
2026-08-07 09:57:30,174 INFO [training.train] data_shape=[336, 1, 48]
2026-08-07 09:57:30,174 INFO [training.train] Splits:
train	idx_mode=random	{'values': (860, 1, 17544), 'individual_context': None, 'global_context': None, 'sampled_individuals': 860, 'sampled_dates': 10143, 'samples': 1}
valid1	idx_mode=all	{'values': (860, 1, 17544), 'individual_context': None, 'global_context': None, 'sampled_individuals': 860, 'sampled_dates': 73, 'samples': 62780}
test1	idx_mode=all	{'values': (860, 1, 17544), 'individual_context': None, 'global_context': None, 'sampled_individuals': 860, 'sampled_dates': 73, 'samples': 62780}
2026-08-07 09:57:30,174 INFO [training.train] Batch:
 batches=train=1, valid1=246, test1=246
 inputs=[1, 1, 336]
 targets=[1, 1, 48]
 individual_context=None
 global_context=None
2026-08-07 09:57:30,182 INFO [training.train] training epochs=10000 steps_per_epoch=1 total_steps=10000 valid_eval_freq=1000 logging_eval_freq=1000
2026-08-07 09:57:35,752 INFO [training.train] step=1000 train_batch={'nmse': 0.7057727813273669}
2026-08-07 09:57:39,653 INFO [training.train] step=1000 valid[valid1]={'mse': 0.4943788305442399, 'nmse': 0.4943788305442399, 'mae': 0.4526320090146534, 'nmae': 0.4526320090146534, 'relative_mse': 0.3299021290583356}
2026-08-07 09:57:45,217 INFO [training.train] step=2000 train_batch={'nmse': 0.5471732263714075}
2026-08-07 09:57:49,067 INFO [training.train] step=2000 valid[valid1]={'mse': 0.42907208564922766, 'nmse': 0.42907208564922766, 'mae': 0.4137096465387149, 'nmae': 0.4137096465387149, 'relative_mse': 0.28608993513259817}
2026-08-07 09:57:54,626 INFO [training.train] step=3000 train_batch={'nmse': 0.46526746349036696}
2026-08-07 09:57:58,470 INFO [training.train] step=3000 valid[valid1]={'mse': 0.4054817275660704, 'nmse': 0.4054817275660704, 'mae': 0.3961195934093516, 'nmae': 0.3961195934093516, 'relative_mse': 0.26805194827595547}
2026-08-07 09:58:04,053 INFO [training.train] step=4000 train_batch={'nmse': 0.500092181533575}
2026-08-07 09:58:08,092 INFO [training.train] step=4000 valid[valid1]={'mse': 0.41245907310266283, 'nmse': 0.41245907310266283, 'mae': 0.4073786673252656, 'nmae': 0.4073786673252656, 'relative_mse': 0.2720890818880763}
2026-08-07 09:58:13,668 INFO [training.train] step=5000 train_batch={'nmse': 0.4284310767352581}
2026-08-07 09:58:17,579 INFO [training.train] step=5000 valid[valid1]={'mse': 0.38390517654572875, 'nmse': 0.38390517654572875, 'mae': 0.37980863109976293, 'nmae': 0.37980863109976293, 'relative_mse': 0.25539940616007734}
2026-08-07 09:58:23,191 INFO [training.train] step=6000 train_batch={'nmse': 0.4719302569590509}
2026-08-07 09:58:27,140 INFO [training.train] step=6000 valid[valid1]={'mse': 0.4050248892529826, 'nmse': 0.4050248892529826, 'mae': 0.4055089840985691, 'nmae': 0.4055089840985691, 'relative_mse': 0.26952607024307146}
2026-08-07 09:58:32,724 INFO [training.train] step=7000 train_batch={'nmse': 0.39897834096103907}
2026-08-07 09:58:36,642 INFO [training.train] step=7000 valid[valid1]={'mse': 0.3812447154067486, 'nmse': 0.3812447154067486, 'mae': 0.3815532913402449, 'nmae': 0.3815532913402449, 'relative_mse': 0.2517103974981471}
2026-08-07 09:58:42,207 INFO [training.train] step=8000 train_batch={'nmse': 0.38926484214141965}
2026-08-07 09:58:46,032 INFO [training.train] step=8000 valid[valid1]={'mse': 0.3632022086381786, 'nmse': 0.3632022086381786, 'mae': 0.35937634051143585, 'nmae': 0.35937634051143585, 'relative_mse': 0.23997115264516658}
2026-08-07 09:58:51,594 INFO [training.train] step=9000 train_batch={'nmse': 0.411456600099802}
2026-08-07 09:58:55,423 INFO [training.train] step=9000 valid[valid1]={'mse': 0.3717021255112383, 'nmse': 0.3717021255112383, 'mae': 0.3762880013198423, 'nmae': 0.3762880013198423, 'relative_mse': 0.24658618818438838}
2026-08-07 09:59:00,995 INFO [training.train] step=10000 train_batch={'nmse': 0.407816239990294}
2026-08-07 09:59:04,894 INFO [training.train] step=10000 valid[valid1]={'mse': 0.36169298841807196, 'nmse': 0.36169298841807196, 'mae': 0.36386360125112804, 'nmae': 0.36386360125112804, 'relative_mse': 0.2395929564003784}
2026-08-07 09:59:04,894 INFO [training.train] training_done steps=10000 seconds=94.71
2026-08-07 09:59:05,054 INFO [__main__] saved criterion_loss=criterion_loss.pdf
2026-08-07 09:59:05,054 INFO [__main__] training done
2026-08-07 09:59:05,054 INFO [__main__] evaluation start
2026-08-07 09:59:23,021 INFO [__main__] evaluation done
2026-08-07 09:59:23,022 INFO [__main__] experiment done seconds=621.19
2026-08-07 09:59:23,022 INFO [__main__] ========================================================================
2026-08-07 09:59:23,051 INFO [__main__] ========================================================================
2026-08-07 09:59:23,051 INFO [__main__] experiment model=patchtst out=/home/h61084/codes/timetensors/outputs/constants/traffic/336_48/patchtst_keep/seed_3 rebuild_dataset=False evaluate=True
2026-08-07 09:59:23,051 INFO [__main__] stats recompute=True
2026-08-07 09:59:23,051 INFO [__main__] dataset rebuild skipped
2026-08-07 09:59:23,051 INFO [__main__] training start
2026-08-07 10:07:51,758 INFO [training.train] device requested=gpu resolved=cuda:0 cuda=True
2026-08-07 10:07:51,759 INFO [training.train] data_shape=[336, 1, 48]
2026-08-07 10:07:51,759 INFO [training.train] Splits:
train	idx_mode=random	{'values': (860, 1, 17544), 'individual_context': None, 'global_context': None, 'sampled_individuals': 860, 'sampled_dates': 10143, 'samples': 1}
valid1	idx_mode=all	{'values': (860, 1, 17544), 'individual_context': None, 'global_context': None, 'sampled_individuals': 860, 'sampled_dates': 73, 'samples': 62780}
test1	idx_mode=all	{'values': (860, 1, 17544), 'individual_context': None, 'global_context': None, 'sampled_individuals': 860, 'sampled_dates': 73, 'samples': 62780}
2026-08-07 10:07:51,759 INFO [training.train] Batch:
 batches=train=1, valid1=246, test1=246
 inputs=[1, 1, 336]
 targets=[1, 1, 48]
 individual_context=None
 global_context=None
2026-08-07 10:07:51,770 INFO [training.train] training epochs=10000 steps_per_epoch=1 total_steps=10000 valid_eval_freq=1000 logging_eval_freq=1000
2026-08-07 10:07:57,342 INFO [training.train] step=1000 train_batch={'nmse': 0.7247356457933783}
2026-08-07 10:08:01,229 INFO [training.train] step=1000 valid[valid1]={'mse': 0.4744938592261616, 'nmse': 0.4744938592261616, 'mae': 0.4379283476448039, 'nmae': 0.4379283476448039, 'relative_mse': 0.3204204340174508}
2026-08-07 10:08:06,799 INFO [training.train] step=2000 train_batch={'nmse': 0.5285939868763089}
2026-08-07 10:08:10,630 INFO [training.train] step=2000 valid[valid1]={'mse': 0.4346176531685251, 'nmse': 0.4346176531685251, 'mae': 0.41641014077246435, 'nmae': 0.41641014077246435, 'relative_mse': 0.2896262148731236}
2026-08-07 10:08:16,206 INFO [training.train] step=3000 train_batch={'nmse': 0.5002854875326157}
2026-08-07 10:08:20,052 INFO [training.train] step=3000 valid[valid1]={'mse': 0.402188048474637, 'nmse': 0.402188048474637, 'mae': 0.39579956388478577, 'nmae': 0.39579956388478577, 'relative_mse': 0.26801830345219435}
2026-08-07 10:08:25,620 INFO [training.train] step=4000 train_batch={'nmse': 0.4484846018701792}
2026-08-07 10:08:29,570 INFO [training.train] step=4000 valid[valid1]={'mse': 0.391017671009658, 'nmse': 0.391017671009658, 'mae': 0.38861391197740114, 'nmae': 0.38861391197740114, 'relative_mse': 0.25930168378298685}
2026-08-07 10:08:35,134 INFO [training.train] step=5000 train_batch={'nmse': 0.46739281287789347}
2026-08-07 10:08:38,957 INFO [training.train] step=5000 valid[valid1]={'mse': 0.37829736967027044, 'nmse': 0.37829736967027044, 'mae': 0.38001918255985323, 'nmae': 0.38001918255985323, 'relative_mse': 0.2509529024245469}
2026-08-07 10:08:44,520 INFO [training.train] step=6000 train_batch={'nmse': 0.43942699278891084}
2026-08-07 10:08:48,367 INFO [training.train] step=6000 valid[valid1]={'mse': 0.3757268042198295, 'nmse': 0.3757268042198295, 'mae': 0.3803393760430809, 'nmae': 0.3803393760430809, 'relative_mse': 0.2485530393903671}
2026-08-07 10:08:53,948 INFO [training.train] step=7000 train_batch={'nmse': 0.41738650456815957}
2026-08-07 10:08:57,869 INFO [training.train] step=7000 valid[valid1]={'mse': 0.3671180993264757, 'nmse': 0.3671180993264757, 'mae': 0.37125303267014814, 'nmae': 0.37125303267014814, 'relative_mse': 0.24389393297972997}
2026-08-07 10:09:03,439 INFO [training.train] step=8000 train_batch={'nmse': 0.39549652664363383}
2026-08-07 10:09:07,265 INFO [training.train] step=8000 valid[valid1]={'mse': 0.35613305963907343, 'nmse': 0.35613305963907343, 'mae': 0.3585887412299798, 'nmae': 0.3585887412299798, 'relative_mse': 0.23501425118561292}
2026-08-07 10:09:12,828 INFO [training.train] step=9000 train_batch={'nmse': 0.3688541193418205}
2026-08-07 10:09:16,644 INFO [training.train] step=9000 valid[valid1]={'mse': 0.34894176777652003, 'nmse': 0.34894176777652003, 'mae': 0.3486485689780357, 'nmae': 0.3486485689780357, 'relative_mse': 0.23193838436081746}
2026-08-07 10:09:22,209 INFO [training.train] step=10000 train_batch={'nmse': 0.45644645499438047}
2026-08-07 10:09:26,103 INFO [training.train] step=10000 valid[valid1]={'mse': 0.38681376642440046, 'nmse': 0.38681376642440046, 'mae': 0.3904426999845056, 'nmae': 0.3904426999845056, 'relative_mse': 0.25492887868614883}
2026-08-07 10:09:26,103 INFO [training.train] training_done steps=10000 seconds=94.33
2026-08-07 10:09:26,262 INFO [__main__] saved criterion_loss=criterion_loss.pdf
2026-08-07 10:09:26,262 INFO [__main__] training done
2026-08-07 10:09:26,263 INFO [__main__] evaluation start
2026-08-07 10:09:44,259 INFO [__main__] evaluation done
2026-08-07 10:09:44,259 INFO [__main__] experiment done seconds=621.23
2026-08-07 10:09:44,260 INFO [__main__] ========================================================================

2026-08-07T10:09:45+02:00 configuration dataset=traffic lags=336 horizon=48 method=patchtst_remove_train_windows module=scripts.experiment requested_seeds=1,2,3 run_seeds=1,2,3 data_root=/home/h61084/codes/timetensors/../datasets train_sampling=random train_stride=1 eval_sampling=all eval_stride=48 batch_size=256 learning_rate=1e-5 epochs=10000 rebuild_dataset=false rebuild_reason=not_needed overrides=+model.name=patchtst +model.path=patchtst +normalization.name=instance +data.sampling.remove_train_cte=true +data.sampling.remove_eval_cte=false ++data.sampling.drop_train_constant_individuals=false ++data.sampling.drop_eval_constant_individuals=false
2026-08-07 10:09:50,835 INFO [__main__] ========================================================================
2026-08-07 10:09:50,835 INFO [__main__] experiment model=patchtst out=/home/h61084/codes/timetensors/outputs/constants/traffic/336_48/patchtst_remove_train_windows/seed_1 rebuild_dataset=False evaluate=True
2026-08-07 10:09:50,835 INFO [__main__] stats recompute=True
2026-08-07 10:09:50,835 INFO [__main__] dataset rebuild skipped
2026-08-07 10:09:50,835 INFO [__main__] training start
2026-08-07 10:31:46,764 INFO [training.train] device requested=gpu resolved=cuda:0 cuda=True
2026-08-07 10:31:46,790 INFO [training.train] data_shape=[336, 1, 48]
2026-08-07 10:31:46,790 INFO [training.train] Splits:
train	idx_mode=random	{'values': (860, 1, 17544), 'individual_context': None, 'global_context': None, 'sampled_individuals': 860, 'sampled_dates': 10143, 'samples': 1}
valid1	idx_mode=all	{'values': (860, 1, 17544), 'individual_context': None, 'global_context': None, 'sampled_individuals': 860, 'sampled_dates': 73, 'samples': 62780}
test1	idx_mode=all	{'values': (860, 1, 17544), 'individual_context': None, 'global_context': None, 'sampled_individuals': 860, 'sampled_dates': 73, 'samples': 62780}
2026-08-07 10:31:46,790 INFO [training.train] Batch:
 batches=train=1, valid1=246, test1=246
 inputs=[1, 1, 336]
 targets=[1, 1, 48]
 individual_context=None
 global_context=None
2026-08-07 10:31:46,804 INFO [training.train] training epochs=10000 steps_per_epoch=1 total_steps=10000 valid_eval_freq=1000 logging_eval_freq=1000
2026-08-07 10:32:19,237 INFO [training.train] step=1000 train_batch={'nmse': 0.7041774366796016}
2026-08-07 10:32:23,251 INFO [training.train] step=1000 valid[valid1]={'mse': 0.47231997453167623, 'nmse': 0.47231997453167623, 'mae': 0.43368664972719095, 'nmae': 0.43368664972719095, 'relative_mse': 0.31597814534618635}
2026-08-07 10:32:53,006 INFO [training.train] step=2000 train_batch={'nmse': 0.7504184362739325}
2026-08-07 10:32:56,875 INFO [training.train] step=2000 valid[valid1]={'mse': 0.4331768673494438, 'nmse': 0.4331768673494438, 'mae': 0.4163139537298035, 'nmae': 0.4163139537298035, 'relative_mse': 0.28866897778259387}
2026-08-07 10:33:26,694 INFO [training.train] step=3000 train_batch={'nmse': 0.4839123255982995}
2026-08-07 10:33:30,748 INFO [training.train] step=3000 valid[valid1]={'mse': 0.41254585548053313, 'nmse': 0.41254585548053313, 'mae': 0.40211329942703045, 'nmae': 0.40211329942703045, 'relative_mse': 0.274116165551636}
2026-08-07 10:34:00,636 INFO [training.train] step=4000 train_batch={'nmse': 0.48006805508583783}
2026-08-07 10:34:04,518 INFO [training.train] step=4000 valid[valid1]={'mse': 0.39569408258359323, 'nmse': 0.39569408258359323, 'mae': 0.3926158122807738, 'nmae': 0.3926158122807738, 'relative_mse': 0.26251970837801597}
2026-08-07 10:34:34,267 INFO [training.train] step=5000 train_batch={'nmse': 0.4132695059850812}
2026-08-07 10:34:38,221 INFO [training.train] step=5000 valid[valid1]={'mse': 0.3778329103681911, 'nmse': 0.3778329103681911, 'mae': 0.3754679646349718, 'nmae': 0.3754679646349718, 'relative_mse': 0.2501936481626117}
2026-08-07 10:35:07,985 INFO [training.train] step=6000 train_batch={'nmse': 0.4232106283046305}
2026-08-07 10:35:11,843 INFO [training.train] step=6000 valid[valid1]={'mse': 0.37907175728630915, 'nmse': 0.37907175728630915, 'mae': 0.37822401677269685, 'nmae': 0.37822401677269685, 'relative_mse': 0.2510458118940623}
2026-08-07 10:35:41,627 INFO [training.train] step=7000 train_batch={'nmse': 0.40753846568614244}
2026-08-07 10:35:45,535 INFO [training.train] step=7000 valid[valid1]={'mse': 0.36701005607751624, 'nmse': 0.36701005607751624, 'mae': 0.36814737290577537, 'nmae': 0.36814737290577537, 'relative_mse': 0.24415585269869242}
2026-08-07 10:36:15,362 INFO [training.train] step=8000 train_batch={'nmse': 0.38621856246888636}
2026-08-07 10:36:19,355 INFO [training.train] step=8000 valid[valid1]={'mse': 0.36686819343287386, 'nmse': 0.36686819343287386, 'mae': 0.36692938776776785, 'nmae': 0.36692938776776785, 'relative_mse': 0.24172160268222323}
2026-08-07 10:36:49,206 INFO [training.train] step=9000 train_batch={'nmse': 0.3708596169129014}
2026-08-07 10:36:53,135 INFO [training.train] step=9000 valid[valid1]={'mse': 0.3604244990701747, 'nmse': 0.3604244990701747, 'mae': 0.36055931284939824, 'nmae': 0.36055931284939824, 'relative_mse': 0.23749804185355078}
2026-08-07 10:37:22,916 INFO [training.train] step=10000 train_batch={'nmse': 0.3351159044764936}
2026-08-07 10:37:26,934 INFO [training.train] step=10000 valid[valid1]={'mse': 0.35965757614059585, 'nmse': 0.35965757614059585, 'mae': 0.3561658981386436, 'nmae': 0.3561658981386436, 'relative_mse': 0.23722574169802618}
2026-08-07 10:37:26,934 INFO [training.train] training_done steps=10000 seconds=340.13
2026-08-07 10:37:27,319 INFO [__main__] saved criterion_loss=criterion_loss.pdf
2026-08-07 10:37:27,319 INFO [__main__] training done
2026-08-07 10:37:27,319 INFO [__main__] evaluation start
2026-08-07 10:37:45,775 INFO [__main__] evaluation done
2026-08-07 10:37:45,776 INFO [__main__] experiment done seconds=1674.94
2026-08-07 10:37:45,776 INFO [__main__] ========================================================================
2026-08-07 10:37:45,791 INFO [__main__] ========================================================================
2026-08-07 10:37:45,791 INFO [__main__] experiment model=patchtst out=/home/h61084/codes/timetensors/outputs/constants/traffic/336_48/patchtst_remove_train_windows/seed_2 rebuild_dataset=False evaluate=True
2026-08-07 10:37:45,791 INFO [__main__] stats recompute=True
2026-08-07 10:37:45,791 INFO [__main__] dataset rebuild skipped
2026-08-07 10:37:45,791 INFO [__main__] training start
2026-08-07 10:59:47,243 INFO [training.train] device requested=gpu resolved=cuda:0 cuda=True
2026-08-07 10:59:47,269 INFO [training.train] data_shape=[336, 1, 48]
2026-08-07 10:59:47,269 INFO [training.train] Splits:
train	idx_mode=random	{'values': (860, 1, 17544), 'individual_context': None, 'global_context': None, 'sampled_individuals': 860, 'sampled_dates': 10143, 'samples': 1}
valid1	idx_mode=all	{'values': (860, 1, 17544), 'individual_context': None, 'global_context': None, 'sampled_individuals': 860, 'sampled_dates': 73, 'samples': 62780}
test1	idx_mode=all	{'values': (860, 1, 17544), 'individual_context': None, 'global_context': None, 'sampled_individuals': 860, 'sampled_dates': 73, 'samples': 62780}
2026-08-07 10:59:47,269 INFO [training.train] Batch:
 batches=train=1, valid1=246, test1=246
 inputs=[1, 1, 336]
 targets=[1, 1, 48]
 individual_context=None
 global_context=None
2026-08-07 10:59:47,280 INFO [training.train] training epochs=10000 steps_per_epoch=1 total_steps=10000 valid_eval_freq=1000 logging_eval_freq=1000
2026-08-07 11:00:17,006 INFO [training.train] step=1000 train_batch={'nmse': 0.7057727813273669}
2026-08-07 11:00:21,004 INFO [training.train] step=1000 valid[valid1]={'mse': 0.4943788305442399, 'nmse': 0.4943788305442399, 'mae': 0.4526320090146534, 'nmae': 0.4526320090146534, 'relative_mse': 0.3299021290583356}
2026-08-07 11:00:50,748 INFO [training.train] step=2000 train_batch={'nmse': 0.5471732263714075}
2026-08-07 11:00:54,676 INFO [training.train] step=2000 valid[valid1]={'mse': 0.42907208564922766, 'nmse': 0.42907208564922766, 'mae': 0.4137096465387149, 'nmae': 0.4137096465387149, 'relative_mse': 0.28608993513259817}
2026-08-07 11:01:24,405 INFO [training.train] step=3000 train_batch={'nmse': 0.46526746349036696}
2026-08-07 11:01:28,347 INFO [training.train] step=3000 valid[valid1]={'mse': 0.4054817275660704, 'nmse': 0.4054817275660704, 'mae': 0.3961195934093516, 'nmae': 0.3961195934093516, 'relative_mse': 0.26805194827595547}
2026-08-07 11:01:58,115 INFO [training.train] step=4000 train_batch={'nmse': 0.500092181533575}
2026-08-07 11:02:02,111 INFO [training.train] step=4000 valid[valid1]={'mse': 0.41245907310266283, 'nmse': 0.41245907310266283, 'mae': 0.4073786673252656, 'nmae': 0.4073786673252656, 'relative_mse': 0.2720890818880763}
2026-08-07 11:02:31,855 INFO [training.train] step=5000 train_batch={'nmse': 0.4284310767352581}
2026-08-07 11:02:35,802 INFO [training.train] step=5000 valid[valid1]={'mse': 0.38390517654572875, 'nmse': 0.38390517654572875, 'mae': 0.37980863109976293, 'nmae': 0.37980863109976293, 'relative_mse': 0.25539940616007734}
2026-08-07 11:03:05,542 INFO [training.train] step=6000 train_batch={'nmse': 0.4719302569590509}
2026-08-07 11:03:09,442 INFO [training.train] step=6000 valid[valid1]={'mse': 0.4050248892529826, 'nmse': 0.4050248892529826, 'mae': 0.4055089840985691, 'nmae': 0.4055089840985691, 'relative_mse': 0.26952607024307146}
2026-08-07 11:03:39,193 INFO [training.train] step=7000 train_batch={'nmse': 0.39897834096103907}
2026-08-07 11:03:43,196 INFO [training.train] step=7000 valid[valid1]={'mse': 0.3812447154067486, 'nmse': 0.3812447154067486, 'mae': 0.3815532913402449, 'nmae': 0.3815532913402449, 'relative_mse': 0.2517103974981471}
2026-08-07 11:04:12,939 INFO [training.train] step=8000 train_batch={'nmse': 0.38926484214141965}
2026-08-07 11:04:16,826 INFO [training.train] step=8000 valid[valid1]={'mse': 0.3632022086381786, 'nmse': 0.3632022086381786, 'mae': 0.35937634051143585, 'nmae': 0.35937634051143585, 'relative_mse': 0.23997115264516658}
2026-08-07 11:04:46,575 INFO [training.train] step=9000 train_batch={'nmse': 0.411456600099802}
2026-08-07 11:04:50,525 INFO [training.train] step=9000 valid[valid1]={'mse': 0.3717021255112383, 'nmse': 0.3717021255112383, 'mae': 0.3762880013198423, 'nmae': 0.3762880013198423, 'relative_mse': 0.24658618818438838}
2026-08-07 11:05:20,472 INFO [training.train] step=10000 train_batch={'nmse': 0.407816239990294}
2026-08-07 11:05:24,527 INFO [training.train] step=10000 valid[valid1]={'mse': 0.36169298841807196, 'nmse': 0.36169298841807196, 'mae': 0.36386360125112804, 'nmae': 0.36386360125112804, 'relative_mse': 0.2395929564003784}
2026-08-07 11:05:24,527 INFO [training.train] training_done steps=10000 seconds=337.25
2026-08-07 11:05:24,731 INFO [__main__] saved criterion_loss=criterion_loss.pdf
2026-08-07 11:05:24,731 INFO [__main__] training done
2026-08-07 11:05:24,731 INFO [__main__] evaluation start
2026-08-07 11:05:43,243 INFO [__main__] evaluation done
2026-08-07 11:05:43,243 INFO [__main__] experiment done seconds=1677.45
2026-08-07 11:05:43,243 INFO [__main__] ========================================================================
2026-08-07 11:05:43,267 INFO [__main__] ========================================================================
2026-08-07 11:05:43,267 INFO [__main__] experiment model=patchtst out=/home/h61084/codes/timetensors/outputs/constants/traffic/336_48/patchtst_remove_train_windows/seed_3 rebuild_dataset=False evaluate=True
2026-08-07 11:05:43,267 INFO [__main__] stats recompute=True
2026-08-07 11:05:43,267 INFO [__main__] dataset rebuild skipped
2026-08-07 11:05:43,267 INFO [__main__] training start
2026-08-07 11:27:48,570 INFO [training.train] device requested=gpu resolved=cuda:0 cuda=True
2026-08-07 11:27:48,596 INFO [training.train] data_shape=[336, 1, 48]
2026-08-07 11:27:48,596 INFO [training.train] Splits:
train	idx_mode=random	{'values': (860, 1, 17544), 'individual_context': None, 'global_context': None, 'sampled_individuals': 860, 'sampled_dates': 10143, 'samples': 1}
valid1	idx_mode=all	{'values': (860, 1, 17544), 'individual_context': None, 'global_context': None, 'sampled_individuals': 860, 'sampled_dates': 73, 'samples': 62780}
test1	idx_mode=all	{'values': (860, 1, 17544), 'individual_context': None, 'global_context': None, 'sampled_individuals': 860, 'sampled_dates': 73, 'samples': 62780}
2026-08-07 11:27:48,596 INFO [training.train] Batch:
 batches=train=1, valid1=246, test1=246
 inputs=[1, 1, 336]
 targets=[1, 1, 48]
 individual_context=None
 global_context=None
2026-08-07 11:27:48,606 INFO [training.train] training epochs=10000 steps_per_epoch=1 total_steps=10000 valid_eval_freq=1000 logging_eval_freq=1000
2026-08-07 11:28:18,365 INFO [training.train] step=1000 train_batch={'nmse': 0.7247356457933783}
2026-08-07 11:28:22,316 INFO [training.train] step=1000 valid[valid1]={'mse': 0.4744938592261616, 'nmse': 0.4744938592261616, 'mae': 0.4379283476448039, 'nmae': 0.4379283476448039, 'relative_mse': 0.3204204340174508}
2026-08-07 11:28:52,046 INFO [training.train] step=2000 train_batch={'nmse': 0.5285939868763089}
2026-08-07 11:28:55,960 INFO [training.train] step=2000 valid[valid1]={'mse': 0.4346176531685251, 'nmse': 0.4346176531685251, 'mae': 0.41641014077246435, 'nmae': 0.41641014077246435, 'relative_mse': 0.2896262148731236}
2026-08-07 11:29:25,744 INFO [training.train] step=3000 train_batch={'nmse': 0.5002854875326157}
2026-08-07 11:29:29,656 INFO [training.train] step=3000 valid[valid1]={'mse': 0.402188048474637, 'nmse': 0.402188048474637, 'mae': 0.39579956388478577, 'nmae': 0.39579956388478577, 'relative_mse': 0.26801830345219435}
2026-08-07 11:29:59,425 INFO [training.train] step=4000 train_batch={'nmse': 0.4484846018701792}
2026-08-07 11:30:03,491 INFO [training.train] step=4000 valid[valid1]={'mse': 0.391017671009658, 'nmse': 0.391017671009658, 'mae': 0.38861391197740114, 'nmae': 0.38861391197740114, 'relative_mse': 0.25930168378298685}
2026-08-07 11:30:33,268 INFO [training.train] step=5000 train_batch={'nmse': 0.46739281287789347}
2026-08-07 11:30:37,164 INFO [training.train] step=5000 valid[valid1]={'mse': 0.37829736967027044, 'nmse': 0.37829736967027044, 'mae': 0.38001918255985323, 'nmae': 0.38001918255985323, 'relative_mse': 0.2509529024245469}
2026-08-07 11:31:06,929 INFO [training.train] step=6000 train_batch={'nmse': 0.43942699278891084}
2026-08-07 11:31:10,830 INFO [training.train] step=6000 valid[valid1]={'mse': 0.3757268042198295, 'nmse': 0.3757268042198295, 'mae': 0.3803393760430809, 'nmae': 0.3803393760430809, 'relative_mse': 0.2485530393903671}
2026-08-07 11:31:40,603 INFO [training.train] step=7000 train_batch={'nmse': 0.41738650456815957}
2026-08-07 11:31:44,650 INFO [training.train] step=7000 valid[valid1]={'mse': 0.3671180993264757, 'nmse': 0.3671180993264757, 'mae': 0.37125303267014814, 'nmae': 0.37125303267014814, 'relative_mse': 0.24389393297972997}
2026-08-07 11:32:14,452 INFO [training.train] step=8000 train_batch={'nmse': 0.39549652664363383}
2026-08-07 11:32:18,395 INFO [training.train] step=8000 valid[valid1]={'mse': 0.35613305963907343, 'nmse': 0.35613305963907343, 'mae': 0.3585887412299798, 'nmae': 0.3585887412299798, 'relative_mse': 0.23501425118561292}
2026-08-07 11:32:48,162 INFO [training.train] step=9000 train_batch={'nmse': 0.3688541193418205}
2026-08-07 11:32:52,057 INFO [training.train] step=9000 valid[valid1]={'mse': 0.34894176777652003, 'nmse': 0.34894176777652003, 'mae': 0.3486485689780357, 'nmae': 0.3486485689780357, 'relative_mse': 0.23193838436081746}
2026-08-07 11:33:21,824 INFO [training.train] step=10000 train_batch={'nmse': 0.45644645499438047}
2026-08-07 11:33:25,854 INFO [training.train] step=10000 valid[valid1]={'mse': 0.38681376642440046, 'nmse': 0.38681376642440046, 'mae': 0.3904426999845056, 'nmae': 0.3904426999845056, 'relative_mse': 0.25492887868614883}
2026-08-07 11:33:25,854 INFO [training.train] training_done steps=10000 seconds=337.25
2026-08-07 11:33:25,994 INFO [__main__] saved criterion_loss=criterion_loss.pdf
2026-08-07 11:33:25,994 INFO [__main__] training done
2026-08-07 11:33:25,994 INFO [__main__] evaluation start
2026-08-07 11:33:44,499 INFO [__main__] evaluation done
2026-08-07 11:33:44,500 INFO [__main__] experiment done seconds=1681.25
2026-08-07 11:33:44,500 INFO [__main__] ========================================================================

2026-08-07T11:33:45+02:00 configuration dataset=traffic lags=336 horizon=48 method=patchtst_remove_eval_windows module=scripts.experiment requested_seeds=1,2,3 run_seeds=1,2,3 data_root=/home/h61084/codes/timetensors/../datasets train_sampling=random train_stride=1 eval_sampling=all eval_stride=48 batch_size=256 learning_rate=1e-5 epochs=10000 rebuild_dataset=false rebuild_reason=not_needed overrides=+model.name=patchtst +model.path=patchtst +normalization.name=instance +data.sampling.remove_train_cte=false +data.sampling.remove_eval_cte=true ++data.sampling.drop_train_constant_individuals=false ++data.sampling.drop_eval_constant_individuals=false
2026-08-07 11:33:50,632 INFO [__main__] ========================================================================
2026-08-07 11:33:50,632 INFO [__main__] experiment model=patchtst out=/home/h61084/codes/timetensors/outputs/constants/traffic/336_48/patchtst_remove_eval_windows/seed_1 rebuild_dataset=False evaluate=True
2026-08-07 11:33:50,632 INFO [__main__] stats recompute=True
2026-08-07 11:33:50,632 INFO [__main__] dataset rebuild skipped
2026-08-07 11:33:50,632 INFO [__main__] training start
2026-08-07 11:42:02,821 INFO [training.train] device requested=gpu resolved=cuda:0 cuda=True
2026-08-07 11:42:02,822 INFO [training.train] data_shape=[336, 1, 48]
2026-08-07 11:42:02,822 INFO [training.train] Splits:
train	idx_mode=random	{'values': (860, 1, 17544), 'individual_context': None, 'global_context': None, 'sampled_individuals': 860, 'sampled_dates': 10143, 'samples': 1}
valid1	idx_mode=all	{'values': (860, 1, 17544), 'individual_context': None, 'global_context': None, 'sampled_individuals': 860, 'sampled_dates': 73, 'samples': 62780}
test1	idx_mode=all	{'values': (860, 1, 17544), 'individual_context': None, 'global_context': None, 'sampled_individuals': 860, 'sampled_dates': 73, 'samples': 62780}
2026-08-07 11:42:02,822 INFO [training.train] Batch:
 batches=train=1, valid1=246, test1=246
 inputs=[1, 1, 336]
 targets=[1, 1, 48]
 individual_context=None
 global_context=None
2026-08-07 11:42:02,852 INFO [training.train] training epochs=10000 steps_per_epoch=1 total_steps=10000 valid_eval_freq=1000 logging_eval_freq=1000
2026-08-07 11:42:10,839 INFO [training.train] step=1000 train_batch={'nmse': 0.7041774366796016}
2026-08-07 11:42:16,559 INFO [training.train] step=1000 valid[valid1]={'mse': 0.47231997453167623, 'nmse': 0.47231997453167623, 'mae': 0.43368664972719095, 'nmae': 0.43368664972719095, 'relative_mse': 0.31597814534618635}
2026-08-07 11:42:22,126 INFO [training.train] step=2000 train_batch={'nmse': 0.7504184362739325}
2026-08-07 11:42:27,773 INFO [training.train] step=2000 valid[valid1]={'mse': 0.4331768673494438, 'nmse': 0.4331768673494438, 'mae': 0.4163139537298035, 'nmae': 0.4163139537298035, 'relative_mse': 0.28866897778259387}
2026-08-07 11:42:33,353 INFO [training.train] step=3000 train_batch={'nmse': 0.4839123255982995}
2026-08-07 11:42:39,061 INFO [training.train] step=3000 valid[valid1]={'mse': 0.41254585548053313, 'nmse': 0.41254585548053313, 'mae': 0.40211329942703045, 'nmae': 0.40211329942703045, 'relative_mse': 0.274116165551636}
2026-08-07 11:42:44,631 INFO [training.train] step=4000 train_batch={'nmse': 0.48006805508583783}
2026-08-07 11:42:50,255 INFO [training.train] step=4000 valid[valid1]={'mse': 0.39569408258359323, 'nmse': 0.39569408258359323, 'mae': 0.3926158122807738, 'nmae': 0.3926158122807738, 'relative_mse': 0.26251970837801597}
2026-08-07 11:42:55,829 INFO [training.train] step=5000 train_batch={'nmse': 0.4132695059850812}
2026-08-07 11:43:01,535 INFO [training.train] step=5000 valid[valid1]={'mse': 0.3778329103681911, 'nmse': 0.3778329103681911, 'mae': 0.3754679646349718, 'nmae': 0.3754679646349718, 'relative_mse': 0.2501936481626117}
2026-08-07 11:43:07,109 INFO [training.train] step=6000 train_batch={'nmse': 0.4232106283046305}
2026-08-07 11:43:12,757 INFO [training.train] step=6000 valid[valid1]={'mse': 0.37907175728630915, 'nmse': 0.37907175728630915, 'mae': 0.37822401677269685, 'nmae': 0.37822401677269685, 'relative_mse': 0.2510458118940623}
2026-08-07 11:43:18,355 INFO [training.train] step=7000 train_batch={'nmse': 0.40753846568614244}
2026-08-07 11:43:24,103 INFO [training.train] step=7000 valid[valid1]={'mse': 0.36701005607751624, 'nmse': 0.36701005607751624, 'mae': 0.36814737290577537, 'nmae': 0.36814737290577537, 'relative_mse': 0.24415585269869242}
2026-08-07 11:43:29,689 INFO [training.train] step=8000 train_batch={'nmse': 0.38621856246888636}
2026-08-07 11:43:35,309 INFO [training.train] step=8000 valid[valid1]={'mse': 0.36686819343287386, 'nmse': 0.36686819343287386, 'mae': 0.36692938776776785, 'nmae': 0.36692938776776785, 'relative_mse': 0.24172160268222323}
2026-08-07 11:43:40,893 INFO [training.train] step=9000 train_batch={'nmse': 0.3708596169129014}
2026-08-07 11:43:46,667 INFO [training.train] step=9000 valid[valid1]={'mse': 0.3604244990701747, 'nmse': 0.3604244990701747, 'mae': 0.36055931284939824, 'nmae': 0.36055931284939824, 'relative_mse': 0.23749804185355078}
2026-08-07 11:43:52,249 INFO [training.train] step=10000 train_batch={'nmse': 0.3351159044764936}
2026-08-07 11:43:57,886 INFO [training.train] step=10000 valid[valid1]={'mse': 0.35965757614059585, 'nmse': 0.35965757614059585, 'mae': 0.3561658981386436, 'nmae': 0.3561658981386436, 'relative_mse': 0.23722574169802618}
2026-08-07 11:43:57,886 INFO [training.train] training_done steps=10000 seconds=115.03
2026-08-07 11:43:58,443 INFO [__main__] saved criterion_loss=criterion_loss.pdf
2026-08-07 11:43:58,443 INFO [__main__] training done
2026-08-07 11:43:58,443 INFO [__main__] evaluation start
2026-08-07 11:44:24,136 INFO [__main__] evaluation done
2026-08-07 11:44:24,137 INFO [__main__] experiment done seconds=633.51
2026-08-07 11:44:24,137 INFO [__main__] ========================================================================
2026-08-07 11:44:24,157 INFO [__main__] ========================================================================
2026-08-07 11:44:24,157 INFO [__main__] experiment model=patchtst out=/home/h61084/codes/timetensors/outputs/constants/traffic/336_48/patchtst_remove_eval_windows/seed_2 rebuild_dataset=False evaluate=True
2026-08-07 11:44:24,157 INFO [__main__] stats recompute=True
2026-08-07 11:44:24,157 INFO [__main__] dataset rebuild skipped
2026-08-07 11:44:24,157 INFO [__main__] training start
2026-08-07 11:52:42,604 INFO [training.train] device requested=gpu resolved=cuda:0 cuda=True
2026-08-07 11:52:42,605 INFO [training.train] data_shape=[336, 1, 48]
2026-08-07 11:52:42,605 INFO [training.train] Splits:
train	idx_mode=random	{'values': (860, 1, 17544), 'individual_context': None, 'global_context': None, 'sampled_individuals': 860, 'sampled_dates': 10143, 'samples': 1}
valid1	idx_mode=all	{'values': (860, 1, 17544), 'individual_context': None, 'global_context': None, 'sampled_individuals': 860, 'sampled_dates': 73, 'samples': 62780}
test1	idx_mode=all	{'values': (860, 1, 17544), 'individual_context': None, 'global_context': None, 'sampled_individuals': 860, 'sampled_dates': 73, 'samples': 62780}
2026-08-07 11:52:42,605 INFO [training.train] Batch:
 batches=train=1, valid1=246, test1=246
 inputs=[1, 1, 336]
 targets=[1, 1, 48]
 individual_context=None
 global_context=None
2026-08-07 11:52:42,613 INFO [training.train] training epochs=10000 steps_per_epoch=1 total_steps=10000 valid_eval_freq=1000 logging_eval_freq=1000
2026-08-07 11:52:48,220 INFO [training.train] step=1000 train_batch={'nmse': 0.7057727813273669}
2026-08-07 11:52:54,068 INFO [training.train] step=1000 valid[valid1]={'mse': 0.4943788305442399, 'nmse': 0.4943788305442399, 'mae': 0.4526320090146534, 'nmae': 0.4526320090146534, 'relative_mse': 0.3299021290583356}
2026-08-07 11:52:59,665 INFO [training.train] step=2000 train_batch={'nmse': 0.5471732263714075}
2026-08-07 11:53:05,346 INFO [training.train] step=2000 valid[valid1]={'mse': 0.42907208564922766, 'nmse': 0.42907208564922766, 'mae': 0.4137096465387149, 'nmae': 0.4137096465387149, 'relative_mse': 0.28608993513259817}
2026-08-07 11:53:10,950 INFO [training.train] step=3000 train_batch={'nmse': 0.46526746349036696}
2026-08-07 11:53:16,647 INFO [training.train] step=3000 valid[valid1]={'mse': 0.4054817275660704, 'nmse': 0.4054817275660704, 'mae': 0.3961195934093516, 'nmae': 0.3961195934093516, 'relative_mse': 0.26805194827595547}
2026-08-07 11:53:22,251 INFO [training.train] step=4000 train_batch={'nmse': 0.500092181533575}
2026-08-07 11:53:28,081 INFO [training.train] step=4000 valid[valid1]={'mse': 0.41245907310266283, 'nmse': 0.41245907310266283, 'mae': 0.4073786673252656, 'nmae': 0.4073786673252656, 'relative_mse': 0.2720890818880763}
2026-08-07 11:53:33,693 INFO [training.train] step=5000 train_batch={'nmse': 0.4284310767352581}
2026-08-07 11:53:39,351 INFO [training.train] step=5000 valid[valid1]={'mse': 0.38390517654572875, 'nmse': 0.38390517654572875, 'mae': 0.37980863109976293, 'nmae': 0.37980863109976293, 'relative_mse': 0.25539940616007734}
2026-08-07 11:53:44,957 INFO [training.train] step=6000 train_batch={'nmse': 0.4719302569590509}
2026-08-07 11:53:50,669 INFO [training.train] step=6000 valid[valid1]={'mse': 0.4050248892529826, 'nmse': 0.4050248892529826, 'mae': 0.4055089840985691, 'nmae': 0.4055089840985691, 'relative_mse': 0.26952607024307146}
2026-08-07 11:53:56,267 INFO [training.train] step=7000 train_batch={'nmse': 0.39897834096103907}
2026-08-07 11:54:02,013 INFO [training.train] step=7000 valid[valid1]={'mse': 0.3812447154067486, 'nmse': 0.3812447154067486, 'mae': 0.3815532913402449, 'nmae': 0.3815532913402449, 'relative_mse': 0.2517103974981471}
2026-08-07 11:54:07,612 INFO [training.train] step=8000 train_batch={'nmse': 0.38926484214141965}
2026-08-07 11:54:13,262 INFO [training.train] step=8000 valid[valid1]={'mse': 0.3632022086381786, 'nmse': 0.3632022086381786, 'mae': 0.35937634051143585, 'nmae': 0.35937634051143585, 'relative_mse': 0.23997115264516658}
2026-08-07 11:54:18,864 INFO [training.train] step=9000 train_batch={'nmse': 0.411456600099802}
2026-08-07 11:54:24,678 INFO [training.train] step=9000 valid[valid1]={'mse': 0.3717021255112383, 'nmse': 0.3717021255112383, 'mae': 0.3762880013198423, 'nmae': 0.3762880013198423, 'relative_mse': 0.24658618818438838}
2026-08-07 11:54:30,294 INFO [training.train] step=10000 train_batch={'nmse': 0.407816239990294}
2026-08-07 11:54:35,969 INFO [training.train] step=10000 valid[valid1]={'mse': 0.36169298841807196, 'nmse': 0.36169298841807196, 'mae': 0.36386360125112804, 'nmae': 0.36386360125112804, 'relative_mse': 0.2395929564003784}
2026-08-07 11:54:35,969 INFO [training.train] training_done steps=10000 seconds=113.36
2026-08-07 11:54:36,107 INFO [__main__] saved criterion_loss=criterion_loss.pdf
2026-08-07 11:54:36,107 INFO [__main__] training done
2026-08-07 11:54:36,107 INFO [__main__] evaluation start
2026-08-07 11:55:01,667 INFO [__main__] evaluation done
2026-08-07 11:55:01,667 INFO [__main__] experiment done seconds=637.51
2026-08-07 11:55:01,668 INFO [__main__] ========================================================================
2026-08-07 11:55:01,679 INFO [__main__] ========================================================================
2026-08-07 11:55:01,679 INFO [__main__] experiment model=patchtst out=/home/h61084/codes/timetensors/outputs/constants/traffic/336_48/patchtst_remove_eval_windows/seed_3 rebuild_dataset=False evaluate=True
2026-08-07 11:55:01,679 INFO [__main__] stats recompute=True
2026-08-07 11:55:01,679 INFO [__main__] dataset rebuild skipped
2026-08-07 11:55:01,679 INFO [__main__] training start
2026-08-07 12:03:18,721 INFO [training.train] device requested=gpu resolved=cuda:0 cuda=True
2026-08-07 12:03:18,722 INFO [training.train] data_shape=[336, 1, 48]
2026-08-07 12:03:18,723 INFO [training.train] Splits:
train	idx_mode=random	{'values': (860, 1, 17544), 'individual_context': None, 'global_context': None, 'sampled_individuals': 860, 'sampled_dates': 10143, 'samples': 1}
valid1	idx_mode=all	{'values': (860, 1, 17544), 'individual_context': None, 'global_context': None, 'sampled_individuals': 860, 'sampled_dates': 73, 'samples': 62780}
test1	idx_mode=all	{'values': (860, 1, 17544), 'individual_context': None, 'global_context': None, 'sampled_individuals': 860, 'sampled_dates': 73, 'samples': 62780}
2026-08-07 12:03:18,723 INFO [training.train] Batch:
 batches=train=1, valid1=246, test1=246
 inputs=[1, 1, 336]
 targets=[1, 1, 48]
 individual_context=None
 global_context=None
2026-08-07 12:03:18,733 INFO [training.train] training epochs=10000 steps_per_epoch=1 total_steps=10000 valid_eval_freq=1000 logging_eval_freq=1000
2026-08-07 12:03:24,351 INFO [training.train] step=1000 train_batch={'nmse': 0.7247356457933783}
2026-08-07 12:03:30,055 INFO [training.train] step=1000 valid[valid1]={'mse': 0.4744938592261616, 'nmse': 0.4744938592261616, 'mae': 0.4379283476448039, 'nmae': 0.4379283476448039, 'relative_mse': 0.3204204340174508}
2026-08-07 12:03:35,664 INFO [training.train] step=2000 train_batch={'nmse': 0.5285939868763089}
2026-08-07 12:03:41,366 INFO [training.train] step=2000 valid[valid1]={'mse': 0.4346176531685251, 'nmse': 0.4346176531685251, 'mae': 0.41641014077246435, 'nmae': 0.41641014077246435, 'relative_mse': 0.2896262148731236}
2026-08-07 12:03:46,999 INFO [training.train] step=3000 train_batch={'nmse': 0.5002854875326157}
2026-08-07 12:03:52,638 INFO [training.train] step=3000 valid[valid1]={'mse': 0.402188048474637, 'nmse': 0.402188048474637, 'mae': 0.39579956388478577, 'nmae': 0.39579956388478577, 'relative_mse': 0.26801830345219435}
2026-08-07 12:03:58,254 INFO [training.train] step=4000 train_batch={'nmse': 0.4484846018701792}
2026-08-07 12:04:04,069 INFO [training.train] step=4000 valid[valid1]={'mse': 0.391017671009658, 'nmse': 0.391017671009658, 'mae': 0.38861391197740114, 'nmae': 0.38861391197740114, 'relative_mse': 0.25930168378298685}
2026-08-07 12:04:09,694 INFO [training.train] step=5000 train_batch={'nmse': 0.46739281287789347}
2026-08-07 12:04:15,433 INFO [training.train] step=5000 valid[valid1]={'mse': 0.37829736967027044, 'nmse': 0.37829736967027044, 'mae': 0.38001918255985323, 'nmae': 0.38001918255985323, 'relative_mse': 0.2509529024245469}
2026-08-07 12:04:21,043 INFO [training.train] step=6000 train_batch={'nmse': 0.43942699278891084}
2026-08-07 12:04:26,704 INFO [training.train] step=6000 valid[valid1]={'mse': 0.3757268042198295, 'nmse': 0.3757268042198295, 'mae': 0.3803393760430809, 'nmae': 0.3803393760430809, 'relative_mse': 0.2485530393903671}
2026-08-07 12:04:32,316 INFO [training.train] step=7000 train_batch={'nmse': 0.41738650456815957}
2026-08-07 12:04:38,092 INFO [training.train] step=7000 valid[valid1]={'mse': 0.3671180993264757, 'nmse': 0.3671180993264757, 'mae': 0.37125303267014814, 'nmae': 0.37125303267014814, 'relative_mse': 0.24389393297972997}
2026-08-07 12:04:43,692 INFO [training.train] step=8000 train_batch={'nmse': 0.39549652664363383}
2026-08-07 12:04:49,384 INFO [training.train] step=8000 valid[valid1]={'mse': 0.35613305963907343, 'nmse': 0.35613305963907343, 'mae': 0.3585887412299798, 'nmae': 0.3585887412299798, 'relative_mse': 0.23501425118561292}
2026-08-07 12:04:54,996 INFO [training.train] step=9000 train_batch={'nmse': 0.3688541193418205}
2026-08-07 12:05:00,680 INFO [training.train] step=9000 valid[valid1]={'mse': 0.34894176777652003, 'nmse': 0.34894176777652003, 'mae': 0.3486485689780357, 'nmae': 0.3486485689780357, 'relative_mse': 0.23193838436081746}
2026-08-07 12:05:06,296 INFO [training.train] step=10000 train_batch={'nmse': 0.45644645499438047}
2026-08-07 12:05:12,086 INFO [training.train] step=10000 valid[valid1]={'mse': 0.38681376642440046, 'nmse': 0.38681376642440046, 'mae': 0.3904426999845056, 'nmae': 0.3904426999845056, 'relative_mse': 0.25492887868614883}
2026-08-07 12:05:12,087 INFO [training.train] training_done steps=10000 seconds=113.35
2026-08-07 12:05:12,231 INFO [__main__] saved criterion_loss=criterion_loss.pdf
2026-08-07 12:05:12,231 INFO [__main__] training done
2026-08-07 12:05:12,231 INFO [__main__] evaluation start
2026-08-07 12:05:37,578 INFO [__main__] evaluation done
2026-08-07 12:05:37,578 INFO [__main__] experiment done seconds=635.90
2026-08-07 12:05:37,578 INFO [__main__] ========================================================================

2026-08-07T12:05:38+02:00 configuration dataset=traffic lags=336 horizon=48 method=patchtst_remove_all_windows module=scripts.experiment requested_seeds=1,2,3 run_seeds=1,2,3 data_root=/home/h61084/codes/timetensors/../datasets train_sampling=random train_stride=1 eval_sampling=all eval_stride=48 batch_size=256 learning_rate=1e-5 epochs=10000 rebuild_dataset=false rebuild_reason=not_needed overrides=+model.name=patchtst +model.path=patchtst +normalization.name=instance +data.sampling.remove_train_cte=true +data.sampling.remove_eval_cte=true ++data.sampling.drop_train_constant_individuals=false ++data.sampling.drop_eval_constant_individuals=false
2026-08-07 12:05:43,538 INFO [__main__] ========================================================================
2026-08-07 12:05:43,538 INFO [__main__] experiment model=patchtst out=/home/h61084/codes/timetensors/outputs/constants/traffic/336_48/patchtst_remove_all_windows/seed_1 rebuild_dataset=False evaluate=True
2026-08-07 12:05:43,538 INFO [__main__] stats recompute=True
2026-08-07 12:05:43,538 INFO [__main__] dataset rebuild skipped
2026-08-07 12:05:43,538 INFO [__main__] training start
2026-08-07 12:27:57,263 INFO [training.train] device requested=gpu resolved=cuda:0 cuda=True
2026-08-07 12:27:57,288 INFO [training.train] data_shape=[336, 1, 48]
2026-08-07 12:27:57,288 INFO [training.train] Splits:
train	idx_mode=random	{'values': (860, 1, 17544), 'individual_context': None, 'global_context': None, 'sampled_individuals': 860, 'sampled_dates': 10143, 'samples': 1}
valid1	idx_mode=all	{'values': (860, 1, 17544), 'individual_context': None, 'global_context': None, 'sampled_individuals': 860, 'sampled_dates': 73, 'samples': 62780}
test1	idx_mode=all	{'values': (860, 1, 17544), 'individual_context': None, 'global_context': None, 'sampled_individuals': 860, 'sampled_dates': 73, 'samples': 62780}
2026-08-07 12:27:57,288 INFO [training.train] Batch:
 batches=train=1, valid1=246, test1=246
 inputs=[1, 1, 336]
 targets=[1, 1, 48]
 individual_context=None
 global_context=None
2026-08-07 12:27:57,294 INFO [training.train] training epochs=10000 steps_per_epoch=1 total_steps=10000 valid_eval_freq=1000 logging_eval_freq=1000
2026-08-07 12:28:29,408 INFO [training.train] step=1000 train_batch={'nmse': 0.7041774366796016}
2026-08-07 12:28:35,157 INFO [training.train] step=1000 valid[valid1]={'mse': 0.47231997453167623, 'nmse': 0.47231997453167623, 'mae': 0.43368664972719095, 'nmae': 0.43368664972719095, 'relative_mse': 0.31597814534618635}
2026-08-07 12:29:04,786 INFO [training.train] step=2000 train_batch={'nmse': 0.7504184362739325}
2026-08-07 12:29:10,478 INFO [training.train] step=2000 valid[valid1]={'mse': 0.4331768673494438, 'nmse': 0.4331768673494438, 'mae': 0.4163139537298035, 'nmae': 0.4163139537298035, 'relative_mse': 0.28866897778259387}
2026-08-07 12:29:40,129 INFO [training.train] step=3000 train_batch={'nmse': 0.4839123255982995}
2026-08-07 12:29:45,902 INFO [training.train] step=3000 valid[valid1]={'mse': 0.41254585548053313, 'nmse': 0.41254585548053313, 'mae': 0.40211329942703045, 'nmae': 0.40211329942703045, 'relative_mse': 0.274116165551636}
2026-08-07 12:30:15,516 INFO [training.train] step=4000 train_batch={'nmse': 0.48006805508583783}
2026-08-07 12:30:21,187 INFO [training.train] step=4000 valid[valid1]={'mse': 0.39569408258359323, 'nmse': 0.39569408258359323, 'mae': 0.3926158122807738, 'nmae': 0.3926158122807738, 'relative_mse': 0.26251970837801597}
2026-08-07 12:30:50,783 INFO [training.train] step=5000 train_batch={'nmse': 0.4132695059850812}
2026-08-07 12:30:56,503 INFO [training.train] step=5000 valid[valid1]={'mse': 0.3778329103681911, 'nmse': 0.3778329103681911, 'mae': 0.3754679646349718, 'nmae': 0.3754679646349718, 'relative_mse': 0.2501936481626117}
2026-08-07 12:31:26,091 INFO [training.train] step=6000 train_batch={'nmse': 0.4232106283046305}
2026-08-07 12:31:31,744 INFO [training.train] step=6000 valid[valid1]={'mse': 0.37907175728630915, 'nmse': 0.37907175728630915, 'mae': 0.37822401677269685, 'nmae': 0.37822401677269685, 'relative_mse': 0.2510458118940623}
2026-08-07 12:32:01,348 INFO [training.train] step=7000 train_batch={'nmse': 0.40753846568614244}
2026-08-07 12:32:07,075 INFO [training.train] step=7000 valid[valid1]={'mse': 0.36701005607751624, 'nmse': 0.36701005607751624, 'mae': 0.36814737290577537, 'nmae': 0.36814737290577537, 'relative_mse': 0.24415585269869242}
2026-08-07 12:32:36,703 INFO [training.train] step=8000 train_batch={'nmse': 0.38621856246888636}
2026-08-07 12:32:42,404 INFO [training.train] step=8000 valid[valid1]={'mse': 0.36686819343287386, 'nmse': 0.36686819343287386, 'mae': 0.36692938776776785, 'nmae': 0.36692938776776785, 'relative_mse': 0.24172160268222323}
2026-08-07 12:33:12,032 INFO [training.train] step=9000 train_batch={'nmse': 0.3708596169129014}
2026-08-07 12:33:17,786 INFO [training.train] step=9000 valid[valid1]={'mse': 0.3604244990701747, 'nmse': 0.3604244990701747, 'mae': 0.36055931284939824, 'nmae': 0.36055931284939824, 'relative_mse': 0.23749804185355078}
2026-08-07 12:33:47,359 INFO [training.train] step=10000 train_batch={'nmse': 0.3351159044764936}
2026-08-07 12:33:53,023 INFO [training.train] step=10000 valid[valid1]={'mse': 0.35965757614059585, 'nmse': 0.35965757614059585, 'mae': 0.3561658981386436, 'nmae': 0.3561658981386436, 'relative_mse': 0.23722574169802618}
2026-08-07 12:33:53,023 INFO [training.train] training_done steps=10000 seconds=355.73
2026-08-07 12:33:53,523 INFO [__main__] saved criterion_loss=criterion_loss.pdf
2026-08-07 12:33:53,523 INFO [__main__] training done
2026-08-07 12:33:53,523 INFO [__main__] evaluation start
2026-08-07 12:34:19,146 INFO [__main__] evaluation done
2026-08-07 12:34:19,146 INFO [__main__] experiment done seconds=1715.61
2026-08-07 12:34:19,146 INFO [__main__] ========================================================================
2026-08-07 12:34:19,188 INFO [__main__] ========================================================================
2026-08-07 12:34:19,188 INFO [__main__] experiment model=patchtst out=/home/h61084/codes/timetensors/outputs/constants/traffic/336_48/patchtst_remove_all_windows/seed_2 rebuild_dataset=False evaluate=True
2026-08-07 12:34:19,188 INFO [__main__] stats recompute=True
2026-08-07 12:34:19,188 INFO [__main__] dataset rebuild skipped
2026-08-07 12:34:19,188 INFO [__main__] training start
2026-08-07 12:56:55,408 INFO [training.train] device requested=gpu resolved=cuda:0 cuda=True
2026-08-07 12:56:55,433 INFO [training.train] data_shape=[336, 1, 48]
2026-08-07 12:56:55,433 INFO [training.train] Splits:
train	idx_mode=random	{'values': (860, 1, 17544), 'individual_context': None, 'global_context': None, 'sampled_individuals': 860, 'sampled_dates': 10143, 'samples': 1}
valid1	idx_mode=all	{'values': (860, 1, 17544), 'individual_context': None, 'global_context': None, 'sampled_individuals': 860, 'sampled_dates': 73, 'samples': 62780}
test1	idx_mode=all	{'values': (860, 1, 17544), 'individual_context': None, 'global_context': None, 'sampled_individuals': 860, 'sampled_dates': 73, 'samples': 62780}
2026-08-07 12:56:55,433 INFO [training.train] Batch:
 batches=train=1, valid1=246, test1=246
 inputs=[1, 1, 336]
 targets=[1, 1, 48]
 individual_context=None
 global_context=None
2026-08-07 12:56:55,440 INFO [training.train] training epochs=10000 steps_per_epoch=1 total_steps=10000 valid_eval_freq=1000 logging_eval_freq=1000
2026-08-07 12:57:25,052 INFO [training.train] step=1000 train_batch={'nmse': 0.7057727813273669}
2026-08-07 12:57:30,843 INFO [training.train] step=1000 valid[valid1]={'mse': 0.4943788305442399, 'nmse': 0.4943788305442399, 'mae': 0.4526320090146534, 'nmae': 0.4526320090146534, 'relative_mse': 0.3299021290583356}
2026-08-07 12:58:00,429 INFO [training.train] step=2000 train_batch={'nmse': 0.5471732263714075}
2026-08-07 12:58:06,153 INFO [training.train] step=2000 valid[valid1]={'mse': 0.42907208564922766, 'nmse': 0.42907208564922766, 'mae': 0.4137096465387149, 'nmae': 0.4137096465387149, 'relative_mse': 0.28608993513259817}
2026-08-07 12:58:35,778 INFO [training.train] step=3000 train_batch={'nmse': 0.46526746349036696}
2026-08-07 12:58:41,469 INFO [training.train] step=3000 valid[valid1]={'mse': 0.4054817275660704, 'nmse': 0.4054817275660704, 'mae': 0.3961195934093516, 'nmae': 0.3961195934093516, 'relative_mse': 0.26805194827595547}
2026-08-07 12:59:11,097 INFO [training.train] step=4000 train_batch={'nmse': 0.500092181533575}
2026-08-07 12:59:16,906 INFO [training.train] step=4000 valid[valid1]={'mse': 0.41245907310266283, 'nmse': 0.41245907310266283, 'mae': 0.4073786673252656, 'nmae': 0.4073786673252656, 'relative_mse': 0.2720890818880763}
2026-08-07 12:59:46,534 INFO [training.train] step=5000 train_batch={'nmse': 0.4284310767352581}
2026-08-07 12:59:52,255 INFO [training.train] step=5000 valid[valid1]={'mse': 0.38390517654572875, 'nmse': 0.38390517654572875, 'mae': 0.37980863109976293, 'nmae': 0.37980863109976293, 'relative_mse': 0.25539940616007734}
2026-08-07 13:00:21,845 INFO [training.train] step=6000 train_batch={'nmse': 0.4719302569590509}
2026-08-07 13:00:27,539 INFO [training.train] step=6000 valid[valid1]={'mse': 0.4050248892529826, 'nmse': 0.4050248892529826, 'mae': 0.4055089840985691, 'nmae': 0.4055089840985691, 'relative_mse': 0.26952607024307146}
2026-08-07 13:00:57,164 INFO [training.train] step=7000 train_batch={'nmse': 0.39897834096103907}
2026-08-07 13:01:03,021 INFO [training.train] step=7000 valid[valid1]={'mse': 0.3812447154067486, 'nmse': 0.3812447154067486, 'mae': 0.3815532913402449, 'nmae': 0.3815532913402449, 'relative_mse': 0.2517103974981471}
2026-08-07 13:01:32,599 INFO [training.train] step=8000 train_batch={'nmse': 0.38926484214141965}
2026-08-07 13:01:38,271 INFO [training.train] step=8000 valid[valid1]={'mse': 0.3632022086381786, 'nmse': 0.3632022086381786, 'mae': 0.35937634051143585, 'nmae': 0.35937634051143585, 'relative_mse': 0.23997115264516658}
2026-08-07 13:02:07,854 INFO [training.train] step=9000 train_batch={'nmse': 0.411456600099802}
2026-08-07 13:02:13,659 INFO [training.train] step=9000 valid[valid1]={'mse': 0.3717021255112383, 'nmse': 0.3717021255112383, 'mae': 0.3762880013198423, 'nmae': 0.3762880013198423, 'relative_mse': 0.24658618818438838}
2026-08-07 13:02:43,279 INFO [training.train] step=10000 train_batch={'nmse': 0.407816239990294}
2026-08-07 13:02:48,992 INFO [training.train] step=10000 valid[valid1]={'mse': 0.36169298841807196, 'nmse': 0.36169298841807196, 'mae': 0.36386360125112804, 'nmae': 0.36386360125112804, 'relative_mse': 0.2395929564003784}
2026-08-07 13:02:48,992 INFO [training.train] training_done steps=10000 seconds=353.55
2026-08-07 13:02:49,132 INFO [__main__] saved criterion_loss=criterion_loss.pdf
2026-08-07 13:02:49,132 INFO [__main__] training done
2026-08-07 13:02:49,132 INFO [__main__] evaluation start
2026-08-07 13:03:14,759 INFO [__main__] evaluation done
2026-08-07 13:03:14,759 INFO [__main__] experiment done seconds=1735.60
2026-08-07 13:03:14,759 INFO [__main__] ========================================================================
2026-08-07 13:03:14,772 INFO [__main__] ========================================================================
2026-08-07 13:03:14,772 INFO [__main__] experiment model=patchtst out=/home/h61084/codes/timetensors/outputs/constants/traffic/336_48/patchtst_remove_all_windows/seed_3 rebuild_dataset=False evaluate=True
2026-08-07 13:03:14,772 INFO [__main__] stats recompute=True
2026-08-07 13:03:14,773 INFO [__main__] dataset rebuild skipped
2026-08-07 13:03:14,773 INFO [__main__] training start
2026-08-07 13:25:44,436 INFO [training.train] device requested=gpu resolved=cuda:0 cuda=True
2026-08-07 13:25:44,462 INFO [training.train] data_shape=[336, 1, 48]
2026-08-07 13:25:44,462 INFO [training.train] Splits:
train	idx_mode=random	{'values': (860, 1, 17544), 'individual_context': None, 'global_context': None, 'sampled_individuals': 860, 'sampled_dates': 10143, 'samples': 1}
valid1	idx_mode=all	{'values': (860, 1, 17544), 'individual_context': None, 'global_context': None, 'sampled_individuals': 860, 'sampled_dates': 73, 'samples': 62780}
test1	idx_mode=all	{'values': (860, 1, 17544), 'individual_context': None, 'global_context': None, 'sampled_individuals': 860, 'sampled_dates': 73, 'samples': 62780}
2026-08-07 13:25:44,462 INFO [training.train] Batch:
 batches=train=1, valid1=246, test1=246
 inputs=[1, 1, 336]
 targets=[1, 1, 48]
 individual_context=None
 global_context=None
2026-08-07 13:25:44,470 INFO [training.train] training epochs=10000 steps_per_epoch=1 total_steps=10000 valid_eval_freq=1000 logging_eval_freq=1000
2026-08-07 13:26:14,068 INFO [training.train] step=1000 train_batch={'nmse': 0.7247356457933783}
2026-08-07 13:26:19,783 INFO [training.train] step=1000 valid[valid1]={'mse': 0.4744938592261616, 'nmse': 0.4744938592261616, 'mae': 0.4379283476448039, 'nmae': 0.4379283476448039, 'relative_mse': 0.3204204340174508}
2026-08-07 13:26:49,372 INFO [training.train] step=2000 train_batch={'nmse': 0.5285939868763089}
2026-08-07 13:26:55,047 INFO [training.train] step=2000 valid[valid1]={'mse': 0.4346176531685251, 'nmse': 0.4346176531685251, 'mae': 0.41641014077246435, 'nmae': 0.41641014077246435, 'relative_mse': 0.2896262148731236}
2026-08-07 13:27:24,599 INFO [training.train] step=3000 train_batch={'nmse': 0.5002854875326157}
2026-08-07 13:27:30,262 INFO [training.train] step=3000 valid[valid1]={'mse': 0.402188048474637, 'nmse': 0.402188048474637, 'mae': 0.39579956388478577, 'nmae': 0.39579956388478577, 'relative_mse': 0.26801830345219435}
2026-08-07 13:27:59,874 INFO [training.train] step=4000 train_batch={'nmse': 0.4484846018701792}
2026-08-07 13:28:05,666 INFO [training.train] step=4000 valid[valid1]={'mse': 0.391017671009658, 'nmse': 0.391017671009658, 'mae': 0.38861391197740114, 'nmae': 0.38861391197740114, 'relative_mse': 0.25930168378298685}
2026-08-07 13:28:35,218 INFO [training.train] step=5000 train_batch={'nmse': 0.46739281287789347}
2026-08-07 13:28:40,943 INFO [training.train] step=5000 valid[valid1]={'mse': 0.37829736967027044, 'nmse': 0.37829736967027044, 'mae': 0.38001918255985323, 'nmae': 0.38001918255985323, 'relative_mse': 0.2509529024245469}
2026-08-07 13:29:10,496 INFO [training.train] step=6000 train_batch={'nmse': 0.43942699278891084}
2026-08-07 13:29:16,192 INFO [training.train] step=6000 valid[valid1]={'mse': 0.3757268042198295, 'nmse': 0.3757268042198295, 'mae': 0.3803393760430809, 'nmae': 0.3803393760430809, 'relative_mse': 0.2485530393903671}
2026-08-07 13:29:45,766 INFO [training.train] step=7000 train_batch={'nmse': 0.41738650456815957}
2026-08-07 13:29:51,540 INFO [training.train] step=7000 valid[valid1]={'mse': 0.3671180993264757, 'nmse': 0.3671180993264757, 'mae': 0.37125303267014814, 'nmae': 0.37125303267014814, 'relative_mse': 0.24389393297972997}
2026-08-07 13:30:21,151 INFO [training.train] step=8000 train_batch={'nmse': 0.39549652664363383}
2026-08-07 13:30:26,828 INFO [training.train] step=8000 valid[valid1]={'mse': 0.35613305963907343, 'nmse': 0.35613305963907343, 'mae': 0.3585887412299798, 'nmae': 0.3585887412299798, 'relative_mse': 0.23501425118561292}
2026-08-07 13:30:56,399 INFO [training.train] step=9000 train_batch={'nmse': 0.3688541193418205}
2026-08-07 13:31:02,089 INFO [training.train] step=9000 valid[valid1]={'mse': 0.34894176777652003, 'nmse': 0.34894176777652003, 'mae': 0.3486485689780357, 'nmae': 0.3486485689780357, 'relative_mse': 0.23193838436081746}
2026-08-07 13:31:31,767 INFO [training.train] step=10000 train_batch={'nmse': 0.45644645499438047}
2026-08-07 13:31:37,552 INFO [training.train] step=10000 valid[valid1]={'mse': 0.38681376642440046, 'nmse': 0.38681376642440046, 'mae': 0.3904426999845056, 'nmae': 0.3904426999845056, 'relative_mse': 0.25492887868614883}
2026-08-07 13:31:37,552 INFO [training.train] training_done steps=10000 seconds=353.08
2026-08-07 13:31:37,693 INFO [__main__] saved criterion_loss=criterion_loss.pdf
2026-08-07 13:31:37,693 INFO [__main__] training done
2026-08-07 13:31:37,693 INFO [__main__] evaluation start
2026-08-07 13:32:03,168 INFO [__main__] evaluation done
2026-08-07 13:32:03,169 INFO [__main__] experiment done seconds=1728.40
2026-08-07 13:32:03,169 INFO [__main__] ========================================================================

2026-08-07T13:32:04+02:00 configuration dataset=traffic lags=336 horizon=48 method=patchtst_drop_all_users module=scripts.experiment requested_seeds=1,2,3 run_seeds=1,2,3 data_root=/home/h61084/codes/timetensors/../datasets train_sampling=random train_stride=1 eval_sampling=all eval_stride=48 batch_size=256 learning_rate=1e-5 epochs=10000 rebuild_dataset=false rebuild_reason=not_needed overrides=+model.name=patchtst +model.path=patchtst +normalization.name=instance +data.sampling.remove_train_cte=false +data.sampling.remove_eval_cte=false ++data.sampling.drop_train_constant_individuals=true ++data.sampling.drop_eval_constant_individuals=true
2026-08-07 13:32:08,863 INFO [__main__] ========================================================================
2026-08-07 13:32:08,863 INFO [__main__] experiment model=patchtst out=/home/h61084/codes/timetensors/outputs/constants/traffic/336_48/patchtst_drop_all_users/seed_1 rebuild_dataset=False evaluate=True
2026-08-07 13:32:08,863 INFO [__main__] stats recompute=True
2026-08-07 13:32:08,863 INFO [__main__] dataset rebuild skipped
2026-08-07 13:32:08,863 INFO [__main__] training start
2026-08-07 13:40:45,565 INFO [training.train] device requested=gpu resolved=cuda:0 cuda=True
2026-08-07 13:40:45,566 INFO [training.train] data_shape=[336, 1, 48]
2026-08-07 13:40:45,566 INFO [training.train] Splits:
train	idx_mode=random	{'values': (860, 1, 17544), 'individual_context': None, 'global_context': None, 'sampled_individuals': 860, 'sampled_dates': 10143, 'samples': 1}
valid1	idx_mode=all	{'values': (860, 1, 17544), 'individual_context': None, 'global_context': None, 'sampled_individuals': 860, 'sampled_dates': 73, 'samples': 62780}
test1	idx_mode=all	{'values': (860, 1, 17544), 'individual_context': None, 'global_context': None, 'sampled_individuals': 860, 'sampled_dates': 73, 'samples': 62780}
2026-08-07 13:40:45,566 INFO [training.train] Batch:
 batches=train=1, valid1=246, test1=246
 inputs=[1, 1, 336]
 targets=[1, 1, 48]
 individual_context=None
 global_context=None
2026-08-07 13:40:45,572 INFO [training.train] training epochs=10000 steps_per_epoch=1 total_steps=10000 valid_eval_freq=1000 logging_eval_freq=1000
2026-08-07 13:40:53,650 INFO [training.train] step=1000 train_batch={'nmse': 0.7041774366796016}
2026-08-07 13:40:57,585 INFO [training.train] step=1000 valid[valid1]={'mse': 0.47231997453167623, 'nmse': 0.47231997453167623, 'mae': 0.43368664972719095, 'nmae': 0.43368664972719095, 'relative_mse': 0.31597814534618635}
2026-08-07 13:41:03,192 INFO [training.train] step=2000 train_batch={'nmse': 0.7504184362739325}
2026-08-07 13:41:07,102 INFO [training.train] step=2000 valid[valid1]={'mse': 0.4331768673494438, 'nmse': 0.4331768673494438, 'mae': 0.4163139537298035, 'nmae': 0.4163139537298035, 'relative_mse': 0.28866897778259387}
2026-08-07 13:41:12,708 INFO [training.train] step=3000 train_batch={'nmse': 0.4839123255982995}
2026-08-07 13:41:16,678 INFO [training.train] step=3000 valid[valid1]={'mse': 0.41254585548053313, 'nmse': 0.41254585548053313, 'mae': 0.40211329942703045, 'nmae': 0.40211329942703045, 'relative_mse': 0.274116165551636}
2026-08-07 13:41:22,277 INFO [training.train] step=4000 train_batch={'nmse': 0.48006805508583783}
2026-08-07 13:41:26,096 INFO [training.train] step=4000 valid[valid1]={'mse': 0.39569408258359323, 'nmse': 0.39569408258359323, 'mae': 0.3926158122807738, 'nmae': 0.3926158122807738, 'relative_mse': 0.26251970837801597}
2026-08-07 13:41:31,693 INFO [training.train] step=5000 train_batch={'nmse': 0.4132695059850812}
2026-08-07 13:41:35,680 INFO [training.train] step=5000 valid[valid1]={'mse': 0.3778329103681911, 'nmse': 0.3778329103681911, 'mae': 0.3754679646349718, 'nmae': 0.3754679646349718, 'relative_mse': 0.2501936481626117}
2026-08-07 13:41:41,286 INFO [training.train] step=6000 train_batch={'nmse': 0.4232106283046305}
2026-08-07 13:41:45,156 INFO [training.train] step=6000 valid[valid1]={'mse': 0.37907175728630915, 'nmse': 0.37907175728630915, 'mae': 0.37822401677269685, 'nmae': 0.37822401677269685, 'relative_mse': 0.2510458118940623}
2026-08-07 13:41:50,770 INFO [training.train] step=7000 train_batch={'nmse': 0.40753846568614244}
2026-08-07 13:41:54,678 INFO [training.train] step=7000 valid[valid1]={'mse': 0.36701005607751624, 'nmse': 0.36701005607751624, 'mae': 0.36814737290577537, 'nmae': 0.36814737290577537, 'relative_mse': 0.24415585269869242}
2026-08-07 13:42:00,284 INFO [training.train] step=8000 train_batch={'nmse': 0.38621856246888636}
2026-08-07 13:42:04,273 INFO [training.train] step=8000 valid[valid1]={'mse': 0.36686819343287386, 'nmse': 0.36686819343287386, 'mae': 0.36692938776776785, 'nmae': 0.36692938776776785, 'relative_mse': 0.24172160268222323}
2026-08-07 13:42:09,872 INFO [training.train] step=9000 train_batch={'nmse': 0.3708596169129014}
2026-08-07 13:42:13,756 INFO [training.train] step=9000 valid[valid1]={'mse': 0.3604244990701747, 'nmse': 0.3604244990701747, 'mae': 0.36055931284939824, 'nmae': 0.36055931284939824, 'relative_mse': 0.23749804185355078}
2026-08-07 13:42:19,356 INFO [training.train] step=10000 train_batch={'nmse': 0.3351159044764936}
2026-08-07 13:42:23,383 INFO [training.train] step=10000 valid[valid1]={'mse': 0.35965757614059585, 'nmse': 0.35965757614059585, 'mae': 0.3561658981386436, 'nmae': 0.3561658981386436, 'relative_mse': 0.23722574169802618}
2026-08-07 13:42:23,384 INFO [training.train] training_done steps=10000 seconds=97.81
2026-08-07 13:42:23,771 INFO [__main__] saved criterion_loss=criterion_loss.pdf
2026-08-07 13:42:23,771 INFO [__main__] training done
2026-08-07 13:42:23,771 INFO [__main__] evaluation start
2026-08-07 13:42:42,128 INFO [__main__] evaluation done
2026-08-07 13:42:42,129 INFO [__main__] experiment done seconds=633.27
2026-08-07 13:42:42,129 INFO [__main__] ========================================================================
2026-08-07 13:42:42,144 INFO [__main__] ========================================================================
2026-08-07 13:42:42,144 INFO [__main__] experiment model=patchtst out=/home/h61084/codes/timetensors/outputs/constants/traffic/336_48/patchtst_drop_all_users/seed_2 rebuild_dataset=False evaluate=True
2026-08-07 13:42:42,144 INFO [__main__] stats recompute=True
2026-08-07 13:42:42,144 INFO [__main__] dataset rebuild skipped
2026-08-07 13:42:42,144 INFO [__main__] training start
2026-08-07 13:51:14,546 INFO [training.train] device requested=gpu resolved=cuda:0 cuda=True
2026-08-07 13:51:14,547 INFO [training.train] data_shape=[336, 1, 48]
2026-08-07 13:51:14,547 INFO [training.train] Splits:
train	idx_mode=random	{'values': (860, 1, 17544), 'individual_context': None, 'global_context': None, 'sampled_individuals': 860, 'sampled_dates': 10143, 'samples': 1}
valid1	idx_mode=all	{'values': (860, 1, 17544), 'individual_context': None, 'global_context': None, 'sampled_individuals': 860, 'sampled_dates': 73, 'samples': 62780}
test1	idx_mode=all	{'values': (860, 1, 17544), 'individual_context': None, 'global_context': None, 'sampled_individuals': 860, 'sampled_dates': 73, 'samples': 62780}
2026-08-07 13:51:14,547 INFO [training.train] Batch:
 batches=train=1, valid1=246, test1=246
 inputs=[1, 1, 336]
 targets=[1, 1, 48]
 individual_context=None
 global_context=None
2026-08-07 13:51:14,556 INFO [training.train] training epochs=10000 steps_per_epoch=1 total_steps=10000 valid_eval_freq=1000 logging_eval_freq=1000
2026-08-07 13:51:20,196 INFO [training.train] step=1000 train_batch={'nmse': 0.7057727813273669}
2026-08-07 13:51:24,088 INFO [training.train] step=1000 valid[valid1]={'mse': 0.4943788305442399, 'nmse': 0.4943788305442399, 'mae': 0.4526320090146534, 'nmae': 0.4526320090146534, 'relative_mse': 0.3299021290583356}
2026-08-07 13:51:29,717 INFO [training.train] step=2000 train_batch={'nmse': 0.5471732263714075}
2026-08-07 13:51:33,608 INFO [training.train] step=2000 valid[valid1]={'mse': 0.42907208564922766, 'nmse': 0.42907208564922766, 'mae': 0.4137096465387149, 'nmae': 0.4137096465387149, 'relative_mse': 0.28608993513259817}
2026-08-07 13:51:39,231 INFO [training.train] step=3000 train_batch={'nmse': 0.46526746349036696}
2026-08-07 13:51:43,102 INFO [training.train] step=3000 valid[valid1]={'mse': 0.4054817275660704, 'nmse': 0.4054817275660704, 'mae': 0.3961195934093516, 'nmae': 0.3961195934093516, 'relative_mse': 0.26805194827595547}
2026-08-07 13:51:48,738 INFO [training.train] step=4000 train_batch={'nmse': 0.500092181533575}
2026-08-07 13:51:52,626 INFO [training.train] step=4000 valid[valid1]={'mse': 0.41245907310266283, 'nmse': 0.41245907310266283, 'mae': 0.4073786673252656, 'nmae': 0.4073786673252656, 'relative_mse': 0.2720890818880763}
2026-08-07 13:51:58,253 INFO [training.train] step=5000 train_batch={'nmse': 0.4284310767352581}
2026-08-07 13:52:02,240 INFO [training.train] step=5000 valid[valid1]={'mse': 0.38390517654572875, 'nmse': 0.38390517654572875, 'mae': 0.37980863109976293, 'nmae': 0.37980863109976293, 'relative_mse': 0.25539940616007734}
2026-08-07 13:52:07,865 INFO [training.train] step=6000 train_batch={'nmse': 0.4719302569590509}
2026-08-07 13:52:11,769 INFO [training.train] step=6000 valid[valid1]={'mse': 0.4050248892529826, 'nmse': 0.4050248892529826, 'mae': 0.4055089840985691, 'nmae': 0.4055089840985691, 'relative_mse': 0.26952607024307146}
2026-08-07 13:52:17,403 INFO [training.train] step=7000 train_batch={'nmse': 0.39897834096103907}
2026-08-07 13:52:21,317 INFO [training.train] step=7000 valid[valid1]={'mse': 0.3812447154067486, 'nmse': 0.3812447154067486, 'mae': 0.3815532913402449, 'nmae': 0.3815532913402449, 'relative_mse': 0.2517103974981471}
2026-08-07 13:52:26,964 INFO [training.train] step=8000 train_batch={'nmse': 0.38926484214141965}
2026-08-07 13:52:30,966 INFO [training.train] step=8000 valid[valid1]={'mse': 0.3632022086381786, 'nmse': 0.3632022086381786, 'mae': 0.35937634051143585, 'nmae': 0.35937634051143585, 'relative_mse': 0.23997115264516658}
2026-08-07 13:52:36,601 INFO [training.train] step=9000 train_batch={'nmse': 0.411456600099802}
2026-08-07 13:52:40,469 INFO [training.train] step=9000 valid[valid1]={'mse': 0.3717021255112383, 'nmse': 0.3717021255112383, 'mae': 0.3762880013198423, 'nmae': 0.3762880013198423, 'relative_mse': 0.24658618818438838}
2026-08-07 13:52:46,090 INFO [training.train] step=10000 train_batch={'nmse': 0.407816239990294}
2026-08-07 13:52:50,009 INFO [training.train] step=10000 valid[valid1]={'mse': 0.36169298841807196, 'nmse': 0.36169298841807196, 'mae': 0.36386360125112804, 'nmae': 0.36386360125112804, 'relative_mse': 0.2395929564003784}
2026-08-07 13:52:50,009 INFO [training.train] training_done steps=10000 seconds=95.45
2026-08-07 13:52:50,153 INFO [__main__] saved criterion_loss=criterion_loss.pdf
2026-08-07 13:52:50,153 INFO [__main__] training done
2026-08-07 13:52:50,153 INFO [__main__] evaluation start
2026-08-07 13:53:08,304 INFO [__main__] evaluation done
2026-08-07 13:53:08,304 INFO [__main__] experiment done seconds=626.16
2026-08-07 13:53:08,304 INFO [__main__] ========================================================================
2026-08-07 13:53:08,317 INFO [__main__] ========================================================================
2026-08-07 13:53:08,317 INFO [__main__] experiment model=patchtst out=/home/h61084/codes/timetensors/outputs/constants/traffic/336_48/patchtst_drop_all_users/seed_3 rebuild_dataset=False evaluate=True
2026-08-07 13:53:08,317 INFO [__main__] stats recompute=True
2026-08-07 13:53:08,317 INFO [__main__] dataset rebuild skipped
2026-08-07 13:53:08,317 INFO [__main__] training start
2026-08-07 14:01:40,316 INFO [training.train] device requested=gpu resolved=cuda:0 cuda=True
2026-08-07 14:01:40,317 INFO [training.train] data_shape=[336, 1, 48]
2026-08-07 14:01:40,317 INFO [training.train] Splits:
train	idx_mode=random	{'values': (860, 1, 17544), 'individual_context': None, 'global_context': None, 'sampled_individuals': 860, 'sampled_dates': 10143, 'samples': 1}
valid1	idx_mode=all	{'values': (860, 1, 17544), 'individual_context': None, 'global_context': None, 'sampled_individuals': 860, 'sampled_dates': 73, 'samples': 62780}
test1	idx_mode=all	{'values': (860, 1, 17544), 'individual_context': None, 'global_context': None, 'sampled_individuals': 860, 'sampled_dates': 73, 'samples': 62780}
2026-08-07 14:01:40,317 INFO [training.train] Batch:
 batches=train=1, valid1=246, test1=246
 inputs=[1, 1, 336]
 targets=[1, 1, 48]
 individual_context=None
 global_context=None
2026-08-07 14:01:40,324 INFO [training.train] training epochs=10000 steps_per_epoch=1 total_steps=10000 valid_eval_freq=1000 logging_eval_freq=1000
2026-08-07 14:01:45,961 INFO [training.train] step=1000 train_batch={'nmse': 0.7247356457933783}
2026-08-07 14:01:49,883 INFO [training.train] step=1000 valid[valid1]={'mse': 0.4744938592261616, 'nmse': 0.4744938592261616, 'mae': 0.4379283476448039, 'nmae': 0.4379283476448039, 'relative_mse': 0.3204204340174508}
2026-08-07 14:01:55,515 INFO [training.train] step=2000 train_batch={'nmse': 0.5285939868763089}
2026-08-07 14:01:59,428 INFO [training.train] step=2000 valid[valid1]={'mse': 0.4346176531685251, 'nmse': 0.4346176531685251, 'mae': 0.41641014077246435, 'nmae': 0.41641014077246435, 'relative_mse': 0.2896262148731236}
2026-08-07 14:02:05,065 INFO [training.train] step=3000 train_batch={'nmse': 0.5002854875326157}
2026-08-07 14:02:09,079 INFO [training.train] step=3000 valid[valid1]={'mse': 0.402188048474637, 'nmse': 0.402188048474637, 'mae': 0.39579956388478577, 'nmae': 0.39579956388478577, 'relative_mse': 0.26801830345219435}
2026-08-07 14:02:14,719 INFO [training.train] step=4000 train_batch={'nmse': 0.4484846018701792}
2026-08-07 14:02:18,606 INFO [training.train] step=4000 valid[valid1]={'mse': 0.391017671009658, 'nmse': 0.391017671009658, 'mae': 0.38861391197740114, 'nmae': 0.38861391197740114, 'relative_mse': 0.25930168378298685}
2026-08-07 14:02:24,230 INFO [training.train] step=5000 train_batch={'nmse': 0.46739281287789347}
2026-08-07 14:02:28,163 INFO [training.train] step=5000 valid[valid1]={'mse': 0.37829736967027044, 'nmse': 0.37829736967027044, 'mae': 0.38001918255985323, 'nmae': 0.38001918255985323, 'relative_mse': 0.2509529024245469}
2026-08-07 14:02:33,792 INFO [training.train] step=6000 train_batch={'nmse': 0.43942699278891084}
2026-08-07 14:02:37,719 INFO [training.train] step=6000 valid[valid1]={'mse': 0.3757268042198295, 'nmse': 0.3757268042198295, 'mae': 0.3803393760430809, 'nmae': 0.3803393760430809, 'relative_mse': 0.2485530393903671}
2026-08-07 14:02:43,351 INFO [training.train] step=7000 train_batch={'nmse': 0.41738650456815957}
2026-08-07 14:02:47,360 INFO [training.train] step=7000 valid[valid1]={'mse': 0.3671180993264757, 'nmse': 0.3671180993264757, 'mae': 0.37125303267014814, 'nmae': 0.37125303267014814, 'relative_mse': 0.24389393297972997}
2026-08-07 14:02:53,003 INFO [training.train] step=8000 train_batch={'nmse': 0.39549652664363383}
2026-08-07 14:02:56,919 INFO [training.train] step=8000 valid[valid1]={'mse': 0.35613305963907343, 'nmse': 0.35613305963907343, 'mae': 0.3585887412299798, 'nmae': 0.3585887412299798, 'relative_mse': 0.23501425118561292}
2026-08-07 14:03:02,551 INFO [training.train] step=9000 train_batch={'nmse': 0.3688541193418205}
2026-08-07 14:03:06,428 INFO [training.train] step=9000 valid[valid1]={'mse': 0.34894176777652003, 'nmse': 0.34894176777652003, 'mae': 0.3486485689780357, 'nmae': 0.3486485689780357, 'relative_mse': 0.23193838436081746}
2026-08-07 14:03:12,061 INFO [training.train] step=10000 train_batch={'nmse': 0.45644645499438047}
2026-08-07 14:03:16,035 INFO [training.train] step=10000 valid[valid1]={'mse': 0.38681376642440046, 'nmse': 0.38681376642440046, 'mae': 0.3904426999845056, 'nmae': 0.3904426999845056, 'relative_mse': 0.25492887868614883}
2026-08-07 14:03:16,035 INFO [training.train] training_done steps=10000 seconds=95.71
2026-08-07 14:03:16,172 INFO [__main__] saved criterion_loss=criterion_loss.pdf
2026-08-07 14:03:16,172 INFO [__main__] training done
2026-08-07 14:03:16,172 INFO [__main__] evaluation start
2026-08-07 14:03:34,360 INFO [__main__] evaluation done
2026-08-07 14:03:34,360 INFO [__main__] experiment done seconds=626.04
2026-08-07 14:03:34,360 INFO [__main__] ========================================================================

2026-08-07T14:03:35+02:00 configuration dataset=traffic lags=504 horizon=168 method=patchtst_keep module=scripts.experiment requested_seeds=1,2,3 run_seeds=1,2,3 data_root=/home/h61084/codes/timetensors/../datasets train_sampling=random train_stride=1 eval_sampling=all eval_stride=168 batch_size=256 learning_rate=1e-5 epochs=10000 rebuild_dataset=false rebuild_reason=not_needed overrides=+model.name=patchtst +model.path=patchtst +normalization.name=instance +data.sampling.remove_train_cte=false +data.sampling.remove_eval_cte=false ++data.sampling.drop_train_constant_individuals=false ++data.sampling.drop_eval_constant_individuals=false
2026-08-07 14:03:39,823 INFO [__main__] ========================================================================
2026-08-07 14:03:39,823 INFO [__main__] experiment model=patchtst out=/home/h61084/codes/timetensors/outputs/constants/traffic/504_168/patchtst_keep/seed_1 rebuild_dataset=False evaluate=True
2026-08-07 14:03:39,823 INFO [__main__] stats recompute=True
2026-08-07 14:03:39,823 INFO [__main__] dataset rebuild skipped
2026-08-07 14:03:39,823 INFO [__main__] training start
2026-08-07 14:11:47,879 INFO [training.train] device requested=gpu resolved=cuda:0 cuda=True
2026-08-07 14:11:47,880 INFO [training.train] data_shape=[504, 1, 168]
2026-08-07 14:11:47,880 INFO [training.train] Splits:
train	idx_mode=random	{'values': (860, 1, 17544), 'individual_context': None, 'global_context': None, 'sampled_individuals': 860, 'sampled_dates': 9855, 'samples': 1}
valid1	idx_mode=all	{'values': (860, 1, 17544), 'individual_context': None, 'global_context': None, 'sampled_individuals': 860, 'sampled_dates': 20, 'samples': 17200}
test1	idx_mode=all	{'values': (860, 1, 17544), 'individual_context': None, 'global_context': None, 'sampled_individuals': 860, 'sampled_dates': 20, 'samples': 17200}
2026-08-07 14:11:47,880 INFO [training.train] Batch:
 batches=train=1, valid1=68, test1=68
 inputs=[1, 1, 504]
 targets=[1, 1, 168]
 individual_context=None
 global_context=None
2026-08-07 14:11:47,889 INFO [training.train] training epochs=10000 steps_per_epoch=1 total_steps=10000 valid_eval_freq=1000 logging_eval_freq=1000
2026-08-07 14:11:55,896 INFO [training.train] step=1000 train_batch={'nmse': 0.6970957333296537}
2026-08-07 14:11:57,109 INFO [training.train] step=1000 valid[valid1]={'mse': 0.4814721529296334, 'nmse': 0.4814721529296334, 'mae': 0.44692548715923053, 'nmae': 0.44692548715923053, 'relative_mse': 0.32227619378141653}
2026-08-07 14:12:02,670 INFO [training.train] step=2000 train_batch={'nmse': 0.506581571251154}
2026-08-07 14:12:03,846 INFO [training.train] step=2000 valid[valid1]={'mse': 0.4499327632359096, 'nmse': 0.4499327632359096, 'mae': 0.4354266883790955, 'nmae': 0.4354266883790955, 'relative_mse': 0.2992469077886537}
2026-08-07 14:12:09,411 INFO [training.train] step=3000 train_batch={'nmse': 0.46902252291887997}
2026-08-07 14:12:10,623 INFO [training.train] step=3000 valid[valid1]={'mse': 0.4195616427027638, 'nmse': 0.4195616427027638, 'mae': 0.41166685964049954, 'nmae': 0.41166685964049954, 'relative_mse': 0.2797849400415769}
2026-08-07 14:12:16,182 INFO [training.train] step=4000 train_batch={'nmse': 0.43147764972597363}
2026-08-07 14:12:17,290 INFO [training.train] step=4000 valid[valid1]={'mse': 0.4153208395280975, 'nmse': 0.4153208395280975, 'mae': 0.4068621157015677, 'nmae': 0.4068621157015677, 'relative_mse': 0.27489035554634506}
2026-08-07 14:12:22,853 INFO [training.train] step=5000 train_batch={'nmse': 0.41650170538574455}
2026-08-07 14:12:24,059 INFO [training.train] step=5000 valid[valid1]={'mse': 0.4084567132318271, 'nmse': 0.4084567132318271, 'mae': 0.40020820947184516, 'nmae': 0.40020820947184516, 'relative_mse': 0.27051585745573836}
2026-08-07 14:12:29,629 INFO [training.train] step=6000 train_batch={'nmse': 0.39741860481351615}
2026-08-07 14:12:30,720 INFO [training.train] step=6000 valid[valid1]={'mse': 0.42026807867411364, 'nmse': 0.42026807867411364, 'mae': 0.4160252912654433, 'nmae': 0.4160252912654433, 'relative_mse': 0.27765438785320634}
2026-08-07 14:12:36,279 INFO [training.train] step=7000 train_batch={'nmse': 0.3778200108483434}
2026-08-07 14:12:37,463 INFO [training.train] step=7000 valid[valid1]={'mse': 0.39131809255741495, 'nmse': 0.39131809255741495, 'mae': 0.3892608919703419, 'nmae': 0.3892608919703419, 'relative_mse': 0.25946639942832433}
2026-08-07 14:12:43,023 INFO [training.train] step=8000 train_batch={'nmse': 0.3925815219581127}
2026-08-07 14:12:44,246 INFO [training.train] step=8000 valid[valid1]={'mse': 0.39259856560961615, 'nmse': 0.39259856560961615, 'mae': 0.396418326748566, 'nmae': 0.396418326748566, 'relative_mse': 0.25980209680094674}
2026-08-07 14:12:49,803 INFO [training.train] step=9000 train_batch={'nmse': 0.37175251880288124}
2026-08-07 14:12:50,901 INFO [training.train] step=9000 valid[valid1]={'mse': 0.3945981657887878, 'nmse': 0.3945981657887878, 'mae': 0.3853495156593365, 'nmae': 0.3853495156593365, 'relative_mse': 0.2619174690288827}
2026-08-07 14:12:56,458 INFO [training.train] step=10000 train_batch={'nmse': 0.3661173821724951}
2026-08-07 14:12:57,666 INFO [training.train] step=10000 valid[valid1]={'mse': 0.3986295129347217, 'nmse': 0.3986295129347217, 'mae': 0.40269746334713824, 'nmae': 0.40269746334713824, 'relative_mse': 0.2639912071101293}
2026-08-07 14:12:57,667 INFO [training.train] training_done steps=10000 seconds=69.78
2026-08-07 14:12:58,093 INFO [__main__] saved criterion_loss=criterion_loss.pdf
2026-08-07 14:12:58,093 INFO [__main__] training done
2026-08-07 14:12:58,093 INFO [__main__] evaluation start
2026-08-07 14:13:03,998 INFO [__main__] evaluation done
2026-08-07 14:13:03,998 INFO [__main__] experiment done seconds=564.18
2026-08-07 14:13:03,998 INFO [__main__] ========================================================================
2026-08-07 14:13:04,061 INFO [__main__] ========================================================================
2026-08-07 14:13:04,061 INFO [__main__] experiment model=patchtst out=/home/h61084/codes/timetensors/outputs/constants/traffic/504_168/patchtst_keep/seed_2 rebuild_dataset=False evaluate=True
2026-08-07 14:13:04,061 INFO [__main__] stats recompute=True
2026-08-07 14:13:04,061 INFO [__main__] dataset rebuild skipped
2026-08-07 14:13:04,061 INFO [__main__] training start
2026-08-07 14:21:17,951 INFO [training.train] device requested=gpu resolved=cuda:0 cuda=True
2026-08-07 14:21:17,952 INFO [training.train] data_shape=[504, 1, 168]
2026-08-07 14:21:17,952 INFO [training.train] Splits:
train	idx_mode=random	{'values': (860, 1, 17544), 'individual_context': None, 'global_context': None, 'sampled_individuals': 860, 'sampled_dates': 9855, 'samples': 1}
valid1	idx_mode=all	{'values': (860, 1, 17544), 'individual_context': None, 'global_context': None, 'sampled_individuals': 860, 'sampled_dates': 20, 'samples': 17200}
test1	idx_mode=all	{'values': (860, 1, 17544), 'individual_context': None, 'global_context': None, 'sampled_individuals': 860, 'sampled_dates': 20, 'samples': 17200}
2026-08-07 14:21:17,952 INFO [training.train] Batch:
 batches=train=1, valid1=68, test1=68
 inputs=[1, 1, 504]
 targets=[1, 1, 168]
 individual_context=None
 global_context=None
2026-08-07 14:21:17,960 INFO [training.train] training epochs=10000 steps_per_epoch=1 total_steps=10000 valid_eval_freq=1000 logging_eval_freq=1000
2026-08-07 14:21:23,562 INFO [training.train] step=1000 train_batch={'nmse': 0.6499500084072352}
2026-08-07 14:21:24,662 INFO [training.train] step=1000 valid[valid1]={'mse': 0.48838195124865896, 'nmse': 0.48838195124865896, 'mae': 0.4473553488764124, 'nmae': 0.4473553488764124, 'relative_mse': 0.3249574982737122}
2026-08-07 14:21:30,254 INFO [training.train] step=2000 train_batch={'nmse': 0.5940716660320758}
2026-08-07 14:21:31,533 INFO [training.train] step=2000 valid[valid1]={'mse': 0.42175569021028536, 'nmse': 0.42175569021028536, 'mae': 0.4071434272774562, 'nmae': 0.4071434272774562, 'relative_mse': 0.28074320914605394}
2026-08-07 14:21:37,132 INFO [training.train] step=3000 train_batch={'nmse': 0.4679156313613057}
2026-08-07 14:21:38,230 INFO [training.train] step=3000 valid[valid1]={'mse': 0.40390414469265856, 'nmse': 0.40390414469265856, 'mae': 0.3905705021280519, 'nmae': 0.3905705021280519, 'relative_mse': 0.26876331396937236}
2026-08-07 14:21:43,830 INFO [training.train] step=4000 train_batch={'nmse': 0.474488703943789}
2026-08-07 14:21:45,039 INFO [training.train] step=4000 valid[valid1]={'mse': 0.4346375322817172, 'nmse': 0.4346375322817172, 'mae': 0.42835928882079266, 'nmae': 0.42835928882079266, 'relative_mse': 0.28826100143483313}
2026-08-07 14:21:50,630 INFO [training.train] step=5000 train_batch={'nmse': 0.4964269265457988}
2026-08-07 14:21:51,824 INFO [training.train] step=5000 valid[valid1]={'mse': 0.39002625517142836, 'nmse': 0.39002625517142836, 'mae': 0.385482093836382, 'nmae': 0.385482093836382, 'relative_mse': 0.2583782621871593}
2026-08-07 14:21:57,417 INFO [training.train] step=6000 train_batch={'nmse': 0.418253365367651}
2026-08-07 14:21:58,526 INFO [training.train] step=6000 valid[valid1]={'mse': 0.38390672381666147, 'nmse': 0.38390672381666147, 'mae': 0.38044210034747455, 'nmae': 0.38044210034747455, 'relative_mse': 0.2549748271802731}
2026-08-07 14:22:04,124 INFO [training.train] step=7000 train_batch={'nmse': 0.3793565675839782}
2026-08-07 14:22:05,335 INFO [training.train] step=7000 valid[valid1]={'mse': 0.36785786541065374, 'nmse': 0.36785786541065374, 'mae': 0.36828309558686756, 'nmae': 0.36828309558686756, 'relative_mse': 0.2429109084170522}
2026-08-07 14:22:10,937 INFO [training.train] step=8000 train_batch={'nmse': 0.3696897214576602}
2026-08-07 14:22:12,145 INFO [training.train] step=8000 valid[valid1]={'mse': 0.37217592672388156, 'nmse': 0.37217592672388156, 'mae': 0.36783131494870613, 'nmae': 0.36783131494870613, 'relative_mse': 0.24451262270229335}
2026-08-07 14:22:17,734 INFO [training.train] step=9000 train_batch={'nmse': 0.4373467622846365}
2026-08-07 14:22:18,841 INFO [training.train] step=9000 valid[valid1]={'mse': 0.38534257181195064, 'nmse': 0.38534257181195064, 'mae': 0.38930125510045727, 'nmae': 0.38930125510045727, 'relative_mse': 0.2539115316870469}
2026-08-07 14:22:24,436 INFO [training.train] step=10000 train_batch={'nmse': 0.38524986964836716}
2026-08-07 14:22:25,659 INFO [training.train] step=10000 valid[valid1]={'mse': 0.3607668374569577, 'nmse': 0.3607668374569577, 'mae': 0.3576309024983994, 'nmae': 0.3576309024983994, 'relative_mse': 0.23784569631515284}
2026-08-07 14:22:25,659 INFO [training.train] training_done steps=10000 seconds=67.70
2026-08-07 14:22:25,827 INFO [__main__] saved criterion_loss=criterion_loss.pdf
2026-08-07 14:22:25,827 INFO [__main__] training done
2026-08-07 14:22:25,827 INFO [__main__] evaluation start
2026-08-07 14:22:31,644 INFO [__main__] evaluation done
2026-08-07 14:22:31,644 INFO [__main__] experiment done seconds=567.63
2026-08-07 14:22:31,644 INFO [__main__] ========================================================================
2026-08-07 14:22:31,655 INFO [__main__] ========================================================================
2026-08-07 14:22:31,655 INFO [__main__] experiment model=patchtst out=/home/h61084/codes/timetensors/outputs/constants/traffic/504_168/patchtst_keep/seed_3 rebuild_dataset=False evaluate=True
2026-08-07 14:22:31,655 INFO [__main__] stats recompute=True
2026-08-07 14:22:31,655 INFO [__main__] dataset rebuild skipped
2026-08-07 14:22:31,655 INFO [__main__] training start
2026-08-07 14:30:44,091 INFO [training.train] device requested=gpu resolved=cuda:0 cuda=True
2026-08-07 14:30:44,092 INFO [training.train] data_shape=[504, 1, 168]
2026-08-07 14:30:44,092 INFO [training.train] Splits:
train	idx_mode=random	{'values': (860, 1, 17544), 'individual_context': None, 'global_context': None, 'sampled_individuals': 860, 'sampled_dates': 9855, 'samples': 1}
valid1	idx_mode=all	{'values': (860, 1, 17544), 'individual_context': None, 'global_context': None, 'sampled_individuals': 860, 'sampled_dates': 20, 'samples': 17200}
test1	idx_mode=all	{'values': (860, 1, 17544), 'individual_context': None, 'global_context': None, 'sampled_individuals': 860, 'sampled_dates': 20, 'samples': 17200}
2026-08-07 14:30:44,092 INFO [training.train] Batch:
 batches=train=1, valid1=68, test1=68
 inputs=[1, 1, 504]
 targets=[1, 1, 168]
 individual_context=None
 global_context=None
2026-08-07 14:30:44,100 INFO [training.train] training epochs=10000 steps_per_epoch=1 total_steps=10000 valid_eval_freq=1000 logging_eval_freq=1000
2026-08-07 14:30:49,689 INFO [training.train] step=1000 train_batch={'nmse': 0.6587194046676159}
2026-08-07 14:30:50,936 INFO [training.train] step=1000 valid[valid1]={'mse': 0.4735000789469131, 'nmse': 0.4735000789469131, 'mae': 0.4391791217588507, 'nmae': 0.4391791217588507, 'relative_mse': 0.31786356574277147}
2026-08-07 14:30:56,533 INFO [training.train] step=2000 train_batch={'nmse': 0.5213223948478699}
2026-08-07 14:30:57,771 INFO [training.train] step=2000 valid[valid1]={'mse': 0.4575220961797805, 'nmse': 0.4575220961797805, 'mae': 0.4395351034779089, 'nmae': 0.4395351034779089, 'relative_mse': 0.3054141135654048}
2026-08-07 14:31:03,372 INFO [training.train] step=3000 train_batch={'nmse': 0.5483910300284625}
2026-08-07 14:31:04,471 INFO [training.train] step=3000 valid[valid1]={'mse': 0.4273397417374756, 'nmse': 0.4273397417374756, 'mae': 0.4141231214960548, 'nmae': 0.4141231214960548, 'relative_mse': 0.2854269902597894}
2026-08-07 14:31:10,078 INFO [training.train] step=4000 train_batch={'nmse': 0.4247689710110426}
2026-08-07 14:31:11,280 INFO [training.train] step=4000 valid[valid1]={'mse': 0.40841766982643574, 'nmse': 0.40841766982643574, 'mae': 0.3967565771802055, 'nmae': 0.3967565771802055, 'relative_mse': 0.2723372625644553}
2026-08-07 14:31:16,876 INFO [training.train] step=5000 train_batch={'nmse': 0.40940720269083974}
2026-08-07 14:31:18,106 INFO [training.train] step=5000 valid[valid1]={'mse': 0.3897703433116013, 'nmse': 0.3897703433116013, 'mae': 0.38077603244042213, 'nmae': 0.38077603244042213, 'relative_mse': 0.25786847914044114}
2026-08-07 14:31:23,705 INFO [training.train] step=6000 train_batch={'nmse': 0.4069648795500398}
2026-08-07 14:31:24,808 INFO [training.train] step=6000 valid[valid1]={'mse': 0.40588331862541527, 'nmse': 0.40588331862541527, 'mae': 0.3995283650243005, 'nmae': 0.3995283650243005, 'relative_mse': 0.26760166759638826}
2026-08-07 14:31:30,421 INFO [training.train] step=7000 train_batch={'nmse': 0.46753634978830816}
2026-08-07 14:31:31,615 INFO [training.train] step=7000 valid[valid1]={'mse': 0.3891423593987922, 'nmse': 0.3891423593987922, 'mae': 0.3857581047151044, 'nmae': 0.3857581047151044, 'relative_mse': 0.25648996917116285}
2026-08-07 14:31:37,211 INFO [training.train] step=8000 train_batch={'nmse': 0.3862844226881862}
2026-08-07 14:31:38,319 INFO [training.train] step=8000 valid[valid1]={'mse': 0.36038643584562957, 'nmse': 0.36038643584562957, 'mae': 0.3602530948136204, 'nmae': 0.3602530948136204, 'relative_mse': 0.23741385188477643}
2026-08-07 14:31:43,940 INFO [training.train] step=9000 train_batch={'nmse': 0.38839268262684346}
2026-08-07 14:31:45,179 INFO [training.train] step=9000 valid[valid1]={'mse': 0.37337023003156794, 'nmse': 0.37337023003156794, 'mae': 0.371542044097799, 'nmae': 0.371542044097799, 'relative_mse': 0.24818708679604767}
2026-08-07 14:31:50,823 INFO [training.train] step=10000 train_batch={'nmse': 0.38897886643558743}
2026-08-07 14:31:52,020 INFO [training.train] step=10000 valid[valid1]={'mse': 0.3829897163872703, 'nmse': 0.3829897163872703, 'mae': 0.3822583006122712, 'nmae': 0.3822583006122712, 'relative_mse': 0.25255175657050555}
2026-08-07 14:31:52,020 INFO [training.train] training_done steps=10000 seconds=67.92
2026-08-07 14:31:52,162 INFO [__main__] saved criterion_loss=criterion_loss.pdf
2026-08-07 14:31:52,162 INFO [__main__] training done
2026-08-07 14:31:52,162 INFO [__main__] evaluation start
2026-08-07 14:31:58,149 INFO [__main__] evaluation done
2026-08-07 14:31:58,149 INFO [__main__] experiment done seconds=566.50
2026-08-07 14:31:58,150 INFO [__main__] ========================================================================

2026-08-07T14:31:58+02:00 configuration dataset=traffic lags=504 horizon=168 method=patchtst_remove_train_windows module=scripts.experiment requested_seeds=1,2,3 run_seeds=1,2,3 data_root=/home/h61084/codes/timetensors/../datasets train_sampling=random train_stride=1 eval_sampling=all eval_stride=168 batch_size=256 learning_rate=1e-5 epochs=10000 rebuild_dataset=false rebuild_reason=not_needed overrides=+model.name=patchtst +model.path=patchtst +normalization.name=instance +data.sampling.remove_train_cte=true +data.sampling.remove_eval_cte=false ++data.sampling.drop_train_constant_individuals=false ++data.sampling.drop_eval_constant_individuals=false
2026-08-07 14:32:03,714 INFO [__main__] ========================================================================
2026-08-07 14:32:03,714 INFO [__main__] experiment model=patchtst out=/home/h61084/codes/timetensors/outputs/constants/traffic/504_168/patchtst_remove_train_windows/seed_1 rebuild_dataset=False evaluate=True
2026-08-07 14:32:03,714 INFO [__main__] stats recompute=True
2026-08-07 14:32:03,714 INFO [__main__] dataset rebuild skipped
2026-08-07 14:32:03,714 INFO [__main__] training start
2026-08-07 14:54:04,310 INFO [training.train] device requested=gpu resolved=cuda:0 cuda=True
2026-08-07 14:54:04,336 INFO [training.train] data_shape=[504, 1, 168]
2026-08-07 14:54:04,336 INFO [training.train] Splits:
train	idx_mode=random	{'values': (860, 1, 17544), 'individual_context': None, 'global_context': None, 'sampled_individuals': 860, 'sampled_dates': 9855, 'samples': 1}
valid1	idx_mode=all	{'values': (860, 1, 17544), 'individual_context': None, 'global_context': None, 'sampled_individuals': 860, 'sampled_dates': 20, 'samples': 17200}
test1	idx_mode=all	{'values': (860, 1, 17544), 'individual_context': None, 'global_context': None, 'sampled_individuals': 860, 'sampled_dates': 20, 'samples': 17200}
2026-08-07 14:54:04,336 INFO [training.train] Batch:
 batches=train=1, valid1=68, test1=68
 inputs=[1, 1, 504]
 targets=[1, 1, 168]
 individual_context=None
 global_context=None
2026-08-07 14:54:04,354 INFO [training.train] training epochs=10000 steps_per_epoch=1 total_steps=10000 valid_eval_freq=1000 logging_eval_freq=1000
2026-08-07 14:54:36,786 INFO [training.train] step=1000 train_batch={'nmse': 0.6970957333296537}
2026-08-07 14:54:38,000 INFO [training.train] step=1000 valid[valid1]={'mse': 0.4814721529296334, 'nmse': 0.4814721529296334, 'mae': 0.44692548715923053, 'nmae': 0.44692548715923053, 'relative_mse': 0.32227619378141653}
2026-08-07 14:55:07,945 INFO [training.train] step=2000 train_batch={'nmse': 0.506581571251154}
2026-08-07 14:55:09,133 INFO [training.train] step=2000 valid[valid1]={'mse': 0.4499327632359096, 'nmse': 0.4499327632359096, 'mae': 0.4354266883790955, 'nmae': 0.4354266883790955, 'relative_mse': 0.2992469077886537}
2026-08-07 14:55:39,091 INFO [training.train] step=3000 train_batch={'nmse': 0.46902252291887997}
2026-08-07 14:55:40,317 INFO [training.train] step=3000 valid[valid1]={'mse': 0.4195616427027638, 'nmse': 0.4195616427027638, 'mae': 0.41166685964049954, 'nmae': 0.41166685964049954, 'relative_mse': 0.2797849400415769}
2026-08-07 14:56:10,219 INFO [training.train] step=4000 train_batch={'nmse': 0.43147764972597363}
2026-08-07 14:56:11,311 INFO [training.train] step=4000 valid[valid1]={'mse': 0.4153208395280975, 'nmse': 0.4153208395280975, 'mae': 0.4068621157015677, 'nmae': 0.4068621157015677, 'relative_mse': 0.27489035554634506}
2026-08-07 14:56:41,273 INFO [training.train] step=5000 train_batch={'nmse': 0.41650170538574455}
2026-08-07 14:56:42,494 INFO [training.train] step=5000 valid[valid1]={'mse': 0.4084567132318271, 'nmse': 0.4084567132318271, 'mae': 0.40020820947184516, 'nmae': 0.40020820947184516, 'relative_mse': 0.27051585745573836}
2026-08-07 14:57:12,411 INFO [training.train] step=6000 train_batch={'nmse': 0.39741860481351615}
2026-08-07 14:57:13,489 INFO [training.train] step=6000 valid[valid1]={'mse': 0.42026807867411364, 'nmse': 0.42026807867411364, 'mae': 0.4160252912654433, 'nmae': 0.4160252912654433, 'relative_mse': 0.27765438785320634}
2026-08-07 14:57:43,396 INFO [training.train] step=7000 train_batch={'nmse': 0.3778200108483434}
2026-08-07 14:57:44,618 INFO [training.train] step=7000 valid[valid1]={'mse': 0.39131809255741495, 'nmse': 0.39131809255741495, 'mae': 0.3892608919703419, 'nmae': 0.3892608919703419, 'relative_mse': 0.25946639942832433}
2026-08-07 14:58:14,530 INFO [training.train] step=8000 train_batch={'nmse': 0.3925815219581127}
2026-08-07 14:58:15,738 INFO [training.train] step=8000 valid[valid1]={'mse': 0.39259856560961615, 'nmse': 0.39259856560961615, 'mae': 0.396418326748566, 'nmae': 0.396418326748566, 'relative_mse': 0.25980209680094674}
2026-08-07 14:58:45,698 INFO [training.train] step=9000 train_batch={'nmse': 0.37175251880288124}
2026-08-07 14:58:46,776 INFO [training.train] step=9000 valid[valid1]={'mse': 0.3945981657887878, 'nmse': 0.3945981657887878, 'mae': 0.3853495156593365, 'nmae': 0.3853495156593365, 'relative_mse': 0.2619174690288827}
2026-08-07 14:59:16,862 INFO [training.train] step=10000 train_batch={'nmse': 0.3661173821724951}
2026-08-07 14:59:18,072 INFO [training.train] step=10000 valid[valid1]={'mse': 0.3986295129347217, 'nmse': 0.3986295129347217, 'mae': 0.40269746334713824, 'nmae': 0.40269746334713824, 'relative_mse': 0.2639912071101293}
2026-08-07 14:59:18,072 INFO [training.train] training_done steps=10000 seconds=313.72
2026-08-07 14:59:18,480 INFO [__main__] saved criterion_loss=criterion_loss.pdf
2026-08-07 14:59:18,481 INFO [__main__] training done
2026-08-07 14:59:18,481 INFO [__main__] evaluation start
2026-08-07 14:59:24,370 INFO [__main__] evaluation done
2026-08-07 14:59:24,370 INFO [__main__] experiment done seconds=1640.66
2026-08-07 14:59:24,370 INFO [__main__] ========================================================================
2026-08-07 14:59:24,396 INFO [__main__] ========================================================================
2026-08-07 14:59:24,396 INFO [__main__] experiment model=patchtst out=/home/h61084/codes/timetensors/outputs/constants/traffic/504_168/patchtst_remove_train_windows/seed_2 rebuild_dataset=False evaluate=True
2026-08-07 14:59:24,396 INFO [__main__] stats recompute=True
2026-08-07 14:59:24,396 INFO [__main__] dataset rebuild skipped
2026-08-07 14:59:24,396 INFO [__main__] training start
2026-08-07 15:21:25,144 INFO [training.train] device requested=gpu resolved=cuda:0 cuda=True
2026-08-07 15:21:25,169 INFO [training.train] data_shape=[504, 1, 168]
2026-08-07 15:21:25,169 INFO [training.train] Splits:
train	idx_mode=random	{'values': (860, 1, 17544), 'individual_context': None, 'global_context': None, 'sampled_individuals': 860, 'sampled_dates': 9855, 'samples': 1}
valid1	idx_mode=all	{'values': (860, 1, 17544), 'individual_context': None, 'global_context': None, 'sampled_individuals': 860, 'sampled_dates': 20, 'samples': 17200}
test1	idx_mode=all	{'values': (860, 1, 17544), 'individual_context': None, 'global_context': None, 'sampled_individuals': 860, 'sampled_dates': 20, 'samples': 17200}
2026-08-07 15:21:25,169 INFO [training.train] Batch:
 batches=train=1, valid1=68, test1=68
 inputs=[1, 1, 504]
 targets=[1, 1, 168]
 individual_context=None
 global_context=None
2026-08-07 15:21:25,180 INFO [training.train] training epochs=10000 steps_per_epoch=1 total_steps=10000 valid_eval_freq=1000 logging_eval_freq=1000
2026-08-07 15:21:55,043 INFO [training.train] step=1000 train_batch={'nmse': 0.6499500084072352}
2026-08-07 15:21:56,145 INFO [training.train] step=1000 valid[valid1]={'mse': 0.48838195124865896, 'nmse': 0.48838195124865896, 'mae': 0.4473553488764124, 'nmae': 0.4473553488764124, 'relative_mse': 0.3249574982737122}
2026-08-07 15:22:26,059 INFO [training.train] step=2000 train_batch={'nmse': 0.5940716660320758}
2026-08-07 15:22:27,326 INFO [training.train] step=2000 valid[valid1]={'mse': 0.42175569021028536, 'nmse': 0.42175569021028536, 'mae': 0.4071434272774562, 'nmae': 0.4071434272774562, 'relative_mse': 0.28074320914605394}
2026-08-07 15:22:57,225 INFO [training.train] step=3000 train_batch={'nmse': 0.4679156313613057}
2026-08-07 15:22:58,310 INFO [training.train] step=3000 valid[valid1]={'mse': 0.40390414469265856, 'nmse': 0.40390414469265856, 'mae': 0.3905705021280519, 'nmae': 0.3905705021280519, 'relative_mse': 0.26876331396937236}
2026-08-07 15:23:28,271 INFO [training.train] step=4000 train_batch={'nmse': 0.474488703943789}
2026-08-07 15:23:29,489 INFO [training.train] step=4000 valid[valid1]={'mse': 0.4346375322817172, 'nmse': 0.4346375322817172, 'mae': 0.42835928882079266, 'nmae': 0.42835928882079266, 'relative_mse': 0.28826100143483313}
2026-08-07 15:23:59,430 INFO [training.train] step=5000 train_batch={'nmse': 0.4964269265457988}
2026-08-07 15:24:00,659 INFO [training.train] step=5000 valid[valid1]={'mse': 0.39002625517142836, 'nmse': 0.39002625517142836, 'mae': 0.385482093836382, 'nmae': 0.385482093836382, 'relative_mse': 0.2583782621871593}
2026-08-07 15:24:30,640 INFO [training.train] step=6000 train_batch={'nmse': 0.418253365367651}
2026-08-07 15:24:31,730 INFO [training.train] step=6000 valid[valid1]={'mse': 0.38390672381666147, 'nmse': 0.38390672381666147, 'mae': 0.38044210034747455, 'nmae': 0.38044210034747455, 'relative_mse': 0.2549748271802731}
2026-08-07 15:25:01,632 INFO [training.train] step=7000 train_batch={'nmse': 0.3793565675839782}
2026-08-07 15:25:02,839 INFO [training.train] step=7000 valid[valid1]={'mse': 0.36785786541065374, 'nmse': 0.36785786541065374, 'mae': 0.36828309558686756, 'nmae': 0.36828309558686756, 'relative_mse': 0.2429109084170522}
2026-08-07 15:25:32,755 INFO [training.train] step=8000 train_batch={'nmse': 0.3696897214576602}
2026-08-07 15:25:33,974 INFO [training.train] step=8000 valid[valid1]={'mse': 0.37217592672388156, 'nmse': 0.37217592672388156, 'mae': 0.36783131494870613, 'nmae': 0.36783131494870613, 'relative_mse': 0.24451262270229335}
2026-08-07 15:26:03,922 INFO [training.train] step=9000 train_batch={'nmse': 0.4373467622846365}
2026-08-07 15:26:05,014 INFO [training.train] step=9000 valid[valid1]={'mse': 0.38534257181195064, 'nmse': 0.38534257181195064, 'mae': 0.38930125510045727, 'nmae': 0.38930125510045727, 'relative_mse': 0.2539115316870469}
2026-08-07 15:26:34,931 INFO [training.train] step=10000 train_batch={'nmse': 0.38524986964836716}
2026-08-07 15:26:36,183 INFO [training.train] step=10000 valid[valid1]={'mse': 0.3607668374569577, 'nmse': 0.3607668374569577, 'mae': 0.3576309024983994, 'nmae': 0.3576309024983994, 'relative_mse': 0.23784569631515284}
2026-08-07 15:26:36,183 INFO [training.train] training_done steps=10000 seconds=311.00
2026-08-07 15:26:36,322 INFO [__main__] saved criterion_loss=criterion_loss.pdf
2026-08-07 15:26:36,322 INFO [__main__] training done
2026-08-07 15:26:36,322 INFO [__main__] evaluation start
2026-08-07 15:26:42,260 INFO [__main__] evaluation done
2026-08-07 15:26:42,260 INFO [__main__] experiment done seconds=1637.88
2026-08-07 15:26:42,260 INFO [__main__] ========================================================================
2026-08-07 15:26:42,310 INFO [__main__] ========================================================================
2026-08-07 15:26:42,310 INFO [__main__] experiment model=patchtst out=/home/h61084/codes/timetensors/outputs/constants/traffic/504_168/patchtst_remove_train_windows/seed_3 rebuild_dataset=False evaluate=True
2026-08-07 15:26:42,310 INFO [__main__] stats recompute=True
2026-08-07 15:26:42,310 INFO [__main__] dataset rebuild skipped
2026-08-07 15:26:42,310 INFO [__main__] training start
2026-08-07 15:49:00,782 INFO [training.train] device requested=gpu resolved=cuda:0 cuda=True
2026-08-07 15:49:00,808 INFO [training.train] data_shape=[504, 1, 168]
2026-08-07 15:49:00,808 INFO [training.train] Splits:
train	idx_mode=random	{'values': (860, 1, 17544), 'individual_context': None, 'global_context': None, 'sampled_individuals': 860, 'sampled_dates': 9855, 'samples': 1}
valid1	idx_mode=all	{'values': (860, 1, 17544), 'individual_context': None, 'global_context': None, 'sampled_individuals': 860, 'sampled_dates': 20, 'samples': 17200}
test1	idx_mode=all	{'values': (860, 1, 17544), 'individual_context': None, 'global_context': None, 'sampled_individuals': 860, 'sampled_dates': 20, 'samples': 17200}
2026-08-07 15:49:00,808 INFO [training.train] Batch:
 batches=train=1, valid1=68, test1=68
 inputs=[1, 1, 504]
 targets=[1, 1, 168]
 individual_context=None
 global_context=None
2026-08-07 15:49:00,816 INFO [training.train] training epochs=10000 steps_per_epoch=1 total_steps=10000 valid_eval_freq=1000 logging_eval_freq=1000
2026-08-07 15:49:30,831 INFO [training.train] step=1000 train_batch={'nmse': 0.6587194046676159}
2026-08-07 15:49:32,075 INFO [training.train] step=1000 valid[valid1]={'mse': 0.4735000789469131, 'nmse': 0.4735000789469131, 'mae': 0.4391791217588507, 'nmae': 0.4391791217588507, 'relative_mse': 0.31786356574277147}
2026-08-07 15:50:02,149 INFO [training.train] step=2000 train_batch={'nmse': 0.5213223948478699}
2026-08-07 15:50:03,406 INFO [training.train] step=2000 valid[valid1]={'mse': 0.4575220961797805, 'nmse': 0.4575220961797805, 'mae': 0.4395351034779089, 'nmae': 0.4395351034779089, 'relative_mse': 0.3054141135654048}
2026-08-07 15:50:33,438 INFO [training.train] step=3000 train_batch={'nmse': 0.5483910300284625}
2026-08-07 15:50:34,552 INFO [training.train] step=3000 valid[valid1]={'mse': 0.4273397417374756, 'nmse': 0.4273397417374756, 'mae': 0.4141231214960548, 'nmae': 0.4141231214960548, 'relative_mse': 0.2854269902597894}
2026-08-07 15:51:04,608 INFO [training.train] step=4000 train_batch={'nmse': 0.4247689710110426}
2026-08-07 15:51:05,845 INFO [training.train] step=4000 valid[valid1]={'mse': 0.40841766982643574, 'nmse': 0.40841766982643574, 'mae': 0.3967565771802055, 'nmae': 0.3967565771802055, 'relative_mse': 0.2723372625644553}
2026-08-07 15:51:35,877 INFO [training.train] step=5000 train_batch={'nmse': 0.40940720269083974}
2026-08-07 15:51:37,065 INFO [training.train] step=5000 valid[valid1]={'mse': 0.3897703433116013, 'nmse': 0.3897703433116013, 'mae': 0.38077603244042213, 'nmae': 0.38077603244042213, 'relative_mse': 0.25786847914044114}
2026-08-07 15:52:07,270 INFO [training.train] step=6000 train_batch={'nmse': 0.4069648795500398}
2026-08-07 15:52:08,399 INFO [training.train] step=6000 valid[valid1]={'mse': 0.40588331862541527, 'nmse': 0.40588331862541527, 'mae': 0.3995283650243005, 'nmae': 0.3995283650243005, 'relative_mse': 0.26760166759638826}
2026-08-07 15:52:39,786 INFO [training.train] step=7000 train_batch={'nmse': 0.46753634978830816}
2026-08-07 15:52:41,018 INFO [training.train] step=7000 valid[valid1]={'mse': 0.3891423593987922, 'nmse': 0.3891423593987922, 'mae': 0.3857581047151044, 'nmae': 0.3857581047151044, 'relative_mse': 0.25648996917116285}
2026-08-07 15:53:11,038 INFO [training.train] step=8000 train_batch={'nmse': 0.3862844226881862}
2026-08-07 15:53:12,131 INFO [training.train] step=8000 valid[valid1]={'mse': 0.36038643584562957, 'nmse': 0.36038643584562957, 'mae': 0.3602530948136204, 'nmae': 0.3602530948136204, 'relative_mse': 0.23741385188477643}
2026-08-07 15:53:42,152 INFO [training.train] step=9000 train_batch={'nmse': 0.38839268262684346}
2026-08-07 15:53:43,355 INFO [training.train] step=9000 valid[valid1]={'mse': 0.37337023003156794, 'nmse': 0.37337023003156794, 'mae': 0.371542044097799, 'nmae': 0.371542044097799, 'relative_mse': 0.24818708679604767}
2026-08-07 15:54:13,423 INFO [training.train] step=10000 train_batch={'nmse': 0.38897886643558743}
2026-08-07 15:54:14,620 INFO [training.train] step=10000 valid[valid1]={'mse': 0.3829897163872703, 'nmse': 0.3829897163872703, 'mae': 0.3822583006122712, 'nmae': 0.3822583006122712, 'relative_mse': 0.25255175657050555}
2026-08-07 15:54:14,620 INFO [training.train] training_done steps=10000 seconds=313.80
2026-08-07 15:54:14,792 INFO [__main__] saved criterion_loss=criterion_loss.pdf
2026-08-07 15:54:14,792 INFO [__main__] training done
2026-08-07 15:54:14,792 INFO [__main__] evaluation start
2026-08-07 15:54:20,850 INFO [__main__] evaluation done
2026-08-07 15:54:20,850 INFO [__main__] experiment done seconds=1658.58
2026-08-07 15:54:20,850 INFO [__main__] ========================================================================

2026-08-07T15:54:21+02:00 configuration dataset=traffic lags=504 horizon=168 method=patchtst_remove_eval_windows module=scripts.experiment requested_seeds=1,2,3 run_seeds=1,2,3 data_root=/home/h61084/codes/timetensors/../datasets train_sampling=random train_stride=1 eval_sampling=all eval_stride=168 batch_size=256 learning_rate=1e-5 epochs=10000 rebuild_dataset=false rebuild_reason=not_needed overrides=+model.name=patchtst +model.path=patchtst +normalization.name=instance +data.sampling.remove_train_cte=false +data.sampling.remove_eval_cte=true ++data.sampling.drop_train_constant_individuals=false ++data.sampling.drop_eval_constant_individuals=false
2026-08-07 15:54:26,615 INFO [__main__] ========================================================================
2026-08-07 15:54:26,615 INFO [__main__] experiment model=patchtst out=/home/h61084/codes/timetensors/outputs/constants/traffic/504_168/patchtst_remove_eval_windows/seed_1 rebuild_dataset=False evaluate=True
2026-08-07 15:54:26,615 INFO [__main__] stats recompute=True
2026-08-07 15:54:26,615 INFO [__main__] dataset rebuild skipped
2026-08-07 15:54:26,615 INFO [__main__] training start
2026-08-07 16:02:39,094 INFO [training.train] device requested=gpu resolved=cuda:0 cuda=True
2026-08-07 16:02:39,095 INFO [training.train] data_shape=[504, 1, 168]
2026-08-07 16:02:39,095 INFO [training.train] Splits:
train	idx_mode=random	{'values': (860, 1, 17544), 'individual_context': None, 'global_context': None, 'sampled_individuals': 860, 'sampled_dates': 9855, 'samples': 1}
valid1	idx_mode=all	{'values': (860, 1, 17544), 'individual_context': None, 'global_context': None, 'sampled_individuals': 860, 'sampled_dates': 20, 'samples': 17200}
test1	idx_mode=all	{'values': (860, 1, 17544), 'individual_context': None, 'global_context': None, 'sampled_individuals': 860, 'sampled_dates': 20, 'samples': 17200}
2026-08-07 16:02:39,095 INFO [training.train] Batch:
 batches=train=1, valid1=68, test1=68
 inputs=[1, 1, 504]
 targets=[1, 1, 168]
 individual_context=None
 global_context=None
2026-08-07 16:02:39,101 INFO [training.train] training epochs=10000 steps_per_epoch=1 total_steps=10000 valid_eval_freq=1000 logging_eval_freq=1000
2026-08-07 16:02:47,102 INFO [training.train] step=1000 train_batch={'nmse': 0.6970957333296537}
2026-08-07 16:02:48,817 INFO [training.train] step=1000 valid[valid1]={'mse': 0.4814721529296334, 'nmse': 0.4814721529296334, 'mae': 0.44692548715923053, 'nmae': 0.44692548715923053, 'relative_mse': 0.32227619378141653}
2026-08-07 16:02:54,449 INFO [training.train] step=2000 train_batch={'nmse': 0.506581571251154}
2026-08-07 16:02:56,153 INFO [training.train] step=2000 valid[valid1]={'mse': 0.4499327632359096, 'nmse': 0.4499327632359096, 'mae': 0.4354266883790955, 'nmae': 0.4354266883790955, 'relative_mse': 0.2992469077886537}
2026-08-07 16:03:01,778 INFO [training.train] step=3000 train_batch={'nmse': 0.46902252291887997}
2026-08-07 16:03:03,472 INFO [training.train] step=3000 valid[valid1]={'mse': 0.4195616427027638, 'nmse': 0.4195616427027638, 'mae': 0.41166685964049954, 'nmae': 0.41166685964049954, 'relative_mse': 0.2797849400415769}
2026-08-07 16:03:09,085 INFO [training.train] step=4000 train_batch={'nmse': 0.43147764972597363}
2026-08-07 16:03:10,704 INFO [training.train] step=4000 valid[valid1]={'mse': 0.4153208395280975, 'nmse': 0.4153208395280975, 'mae': 0.4068621157015677, 'nmae': 0.4068621157015677, 'relative_mse': 0.27489035554634506}
2026-08-07 16:03:16,311 INFO [training.train] step=5000 train_batch={'nmse': 0.41650170538574455}
2026-08-07 16:03:18,036 INFO [training.train] step=5000 valid[valid1]={'mse': 0.4084567132318271, 'nmse': 0.4084567132318271, 'mae': 0.40020820947184516, 'nmae': 0.40020820947184516, 'relative_mse': 0.27051585745573836}
2026-08-07 16:03:23,658 INFO [training.train] step=6000 train_batch={'nmse': 0.39741860481351615}
2026-08-07 16:03:25,387 INFO [training.train] step=6000 valid[valid1]={'mse': 0.42026807867411364, 'nmse': 0.42026807867411364, 'mae': 0.4160252912654433, 'nmae': 0.4160252912654433, 'relative_mse': 0.27765438785320634}
2026-08-07 16:03:31,009 INFO [training.train] step=7000 train_batch={'nmse': 0.3778200108483434}
2026-08-07 16:03:32,631 INFO [training.train] step=7000 valid[valid1]={'mse': 0.39131809255741495, 'nmse': 0.39131809255741495, 'mae': 0.3892608919703419, 'nmae': 0.3892608919703419, 'relative_mse': 0.25946639942832433}
2026-08-07 16:03:38,262 INFO [training.train] step=8000 train_batch={'nmse': 0.3925815219581127}
2026-08-07 16:03:39,964 INFO [training.train] step=8000 valid[valid1]={'mse': 0.39259856560961615, 'nmse': 0.39259856560961615, 'mae': 0.396418326748566, 'nmae': 0.396418326748566, 'relative_mse': 0.25980209680094674}
2026-08-07 16:03:45,577 INFO [training.train] step=9000 train_batch={'nmse': 0.37175251880288124}
2026-08-07 16:03:47,256 INFO [training.train] step=9000 valid[valid1]={'mse': 0.3945981657887878, 'nmse': 0.3945981657887878, 'mae': 0.3853495156593365, 'nmae': 0.3853495156593365, 'relative_mse': 0.2619174690288827}
2026-08-07 16:03:52,870 INFO [training.train] step=10000 train_batch={'nmse': 0.3661173821724951}
2026-08-07 16:03:54,487 INFO [training.train] step=10000 valid[valid1]={'mse': 0.3986295129347217, 'nmse': 0.3986295129347217, 'mae': 0.40269746334713824, 'nmae': 0.40269746334713824, 'relative_mse': 0.2639912071101293}
2026-08-07 16:03:54,487 INFO [training.train] training_done steps=10000 seconds=75.39
2026-08-07 16:03:54,987 INFO [__main__] saved criterion_loss=criterion_loss.pdf
2026-08-07 16:03:54,987 INFO [__main__] training done
2026-08-07 16:03:54,987 INFO [__main__] evaluation start
2026-08-07 16:04:03,026 INFO [__main__] evaluation done
2026-08-07 16:04:03,026 INFO [__main__] experiment done seconds=576.41
2026-08-07 16:04:03,026 INFO [__main__] ========================================================================
2026-08-07 16:04:03,041 INFO [__main__] ========================================================================
2026-08-07 16:04:03,041 INFO [__main__] experiment model=patchtst out=/home/h61084/codes/timetensors/outputs/constants/traffic/504_168/patchtst_remove_eval_windows/seed_2 rebuild_dataset=False evaluate=True
2026-08-07 16:04:03,041 INFO [__main__] stats recompute=True
2026-08-07 16:04:03,041 INFO [__main__] dataset rebuild skipped
2026-08-07 16:04:03,041 INFO [__main__] training start
2026-08-07 16:12:14,002 INFO [training.train] device requested=gpu resolved=cuda:0 cuda=True
2026-08-07 16:12:14,003 INFO [training.train] data_shape=[504, 1, 168]
2026-08-07 16:12:14,003 INFO [training.train] Splits:
train	idx_mode=random	{'values': (860, 1, 17544), 'individual_context': None, 'global_context': None, 'sampled_individuals': 860, 'sampled_dates': 9855, 'samples': 1}
valid1	idx_mode=all	{'values': (860, 1, 17544), 'individual_context': None, 'global_context': None, 'sampled_individuals': 860, 'sampled_dates': 20, 'samples': 17200}
test1	idx_mode=all	{'values': (860, 1, 17544), 'individual_context': None, 'global_context': None, 'sampled_individuals': 860, 'sampled_dates': 20, 'samples': 17200}
2026-08-07 16:12:14,003 INFO [training.train] Batch:
 batches=train=1, valid1=68, test1=68
 inputs=[1, 1, 504]
 targets=[1, 1, 168]
 individual_context=None
 global_context=None
2026-08-07 16:12:14,016 INFO [training.train] training epochs=10000 steps_per_epoch=1 total_steps=10000 valid_eval_freq=1000 logging_eval_freq=1000
2026-08-07 16:12:19,654 INFO [training.train] step=1000 train_batch={'nmse': 0.6499500084072352}
2026-08-07 16:12:21,454 INFO [training.train] step=1000 valid[valid1]={'mse': 0.48838195124865896, 'nmse': 0.48838195124865896, 'mae': 0.4473553488764124, 'nmae': 0.4473553488764124, 'relative_mse': 0.3249574982737122}
2026-08-07 16:12:27,103 INFO [training.train] step=2000 train_batch={'nmse': 0.5940716660320758}
2026-08-07 16:12:28,817 INFO [training.train] step=2000 valid[valid1]={'mse': 0.42175569021028536, 'nmse': 0.42175569021028536, 'mae': 0.4071434272774562, 'nmae': 0.4071434272774562, 'relative_mse': 0.28074320914605394}
2026-08-07 16:12:34,460 INFO [training.train] step=3000 train_batch={'nmse': 0.4679156313613057}
2026-08-07 16:12:36,077 INFO [training.train] step=3000 valid[valid1]={'mse': 0.40390414469265856, 'nmse': 0.40390414469265856, 'mae': 0.3905705021280519, 'nmae': 0.3905705021280519, 'relative_mse': 0.26876331396937236}
2026-08-07 16:12:41,722 INFO [training.train] step=4000 train_batch={'nmse': 0.474488703943789}
2026-08-07 16:12:43,444 INFO [training.train] step=4000 valid[valid1]={'mse': 0.4346375322817172, 'nmse': 0.4346375322817172, 'mae': 0.42835928882079266, 'nmae': 0.42835928882079266, 'relative_mse': 0.28826100143483313}
2026-08-07 16:12:49,096 INFO [training.train] step=5000 train_batch={'nmse': 0.4964269265457988}
2026-08-07 16:12:50,813 INFO [training.train] step=5000 valid[valid1]={'mse': 0.39002625517142836, 'nmse': 0.39002625517142836, 'mae': 0.385482093836382, 'nmae': 0.385482093836382, 'relative_mse': 0.2583782621871593}
2026-08-07 16:12:56,472 INFO [training.train] step=6000 train_batch={'nmse': 0.418253365367651}
2026-08-07 16:12:58,070 INFO [training.train] step=6000 valid[valid1]={'mse': 0.38390672381666147, 'nmse': 0.38390672381666147, 'mae': 0.38044210034747455, 'nmae': 0.38044210034747455, 'relative_mse': 0.2549748271802731}
2026-08-07 16:13:03,731 INFO [training.train] step=7000 train_batch={'nmse': 0.3793565675839782}
2026-08-07 16:13:05,447 INFO [training.train] step=7000 valid[valid1]={'mse': 0.36785786541065374, 'nmse': 0.36785786541065374, 'mae': 0.36828309558686756, 'nmae': 0.36828309558686756, 'relative_mse': 0.2429109084170522}
2026-08-07 16:13:11,102 INFO [training.train] step=8000 train_batch={'nmse': 0.3696897214576602}
2026-08-07 16:13:12,820 INFO [training.train] step=8000 valid[valid1]={'mse': 0.37217592672388156, 'nmse': 0.37217592672388156, 'mae': 0.36783131494870613, 'nmae': 0.36783131494870613, 'relative_mse': 0.24451262270229335}
2026-08-07 16:13:18,472 INFO [training.train] step=9000 train_batch={'nmse': 0.4373467622846365}
2026-08-07 16:13:20,092 INFO [training.train] step=9000 valid[valid1]={'mse': 0.38534257181195064, 'nmse': 0.38534257181195064, 'mae': 0.38930125510045727, 'nmae': 0.38930125510045727, 'relative_mse': 0.2539115316870469}
2026-08-07 16:13:25,745 INFO [training.train] step=10000 train_batch={'nmse': 0.38524986964836716}
2026-08-07 16:13:27,496 INFO [training.train] step=10000 valid[valid1]={'mse': 0.3607668374569577, 'nmse': 0.3607668374569577, 'mae': 0.3576309024983994, 'nmae': 0.3576309024983994, 'relative_mse': 0.23784569631515284}
2026-08-07 16:13:27,496 INFO [training.train] training_done steps=10000 seconds=73.48
2026-08-07 16:13:27,639 INFO [__main__] saved criterion_loss=criterion_loss.pdf
2026-08-07 16:13:27,639 INFO [__main__] training done
2026-08-07 16:13:27,639 INFO [__main__] evaluation start
2026-08-07 16:13:35,531 INFO [__main__] evaluation done
2026-08-07 16:13:35,531 INFO [__main__] experiment done seconds=572.49
2026-08-07 16:13:35,531 INFO [__main__] ========================================================================
2026-08-07 16:13:35,540 INFO [__main__] ========================================================================
2026-08-07 16:13:35,540 INFO [__main__] experiment model=patchtst out=/home/h61084/codes/timetensors/outputs/constants/traffic/504_168/patchtst_remove_eval_windows/seed_3 rebuild_dataset=False evaluate=True
2026-08-07 16:13:35,540 INFO [__main__] stats recompute=True
2026-08-07 16:13:35,540 INFO [__main__] dataset rebuild skipped
2026-08-07 16:13:35,540 INFO [__main__] training start
2026-08-07 16:21:41,898 INFO [training.train] device requested=gpu resolved=cuda:0 cuda=True
2026-08-07 16:21:41,899 INFO [training.train] data_shape=[504, 1, 168]
2026-08-07 16:21:41,899 INFO [training.train] Splits:
train	idx_mode=random	{'values': (860, 1, 17544), 'individual_context': None, 'global_context': None, 'sampled_individuals': 860, 'sampled_dates': 9855, 'samples': 1}
valid1	idx_mode=all	{'values': (860, 1, 17544), 'individual_context': None, 'global_context': None, 'sampled_individuals': 860, 'sampled_dates': 20, 'samples': 17200}
test1	idx_mode=all	{'values': (860, 1, 17544), 'individual_context': None, 'global_context': None, 'sampled_individuals': 860, 'sampled_dates': 20, 'samples': 17200}
2026-08-07 16:21:41,899 INFO [training.train] Batch:
 batches=train=1, valid1=68, test1=68
 inputs=[1, 1, 504]
 targets=[1, 1, 168]
 individual_context=None
 global_context=None
2026-08-07 16:21:41,907 INFO [training.train] training epochs=10000 steps_per_epoch=1 total_steps=10000 valid_eval_freq=1000 logging_eval_freq=1000
2026-08-07 16:21:47,572 INFO [training.train] step=1000 train_batch={'nmse': 0.6587194046676159}
2026-08-07 16:21:49,314 INFO [training.train] step=1000 valid[valid1]={'mse': 0.4735000789469131, 'nmse': 0.4735000789469131, 'mae': 0.4391791217588507, 'nmae': 0.4391791217588507, 'relative_mse': 0.31786356574277147}
2026-08-07 16:21:54,971 INFO [training.train] step=2000 train_batch={'nmse': 0.5213223948478699}
2026-08-07 16:21:56,594 INFO [training.train] step=2000 valid[valid1]={'mse': 0.4575220961797805, 'nmse': 0.4575220961797805, 'mae': 0.4395351034779089, 'nmae': 0.4395351034779089, 'relative_mse': 0.3054141135654048}
2026-08-07 16:22:02,249 INFO [training.train] step=3000 train_batch={'nmse': 0.5483910300284625}
2026-08-07 16:22:03,987 INFO [training.train] step=3000 valid[valid1]={'mse': 0.4273397417374756, 'nmse': 0.4273397417374756, 'mae': 0.4141231214960548, 'nmae': 0.4141231214960548, 'relative_mse': 0.2854269902597894}
2026-08-07 16:22:09,644 INFO [training.train] step=4000 train_batch={'nmse': 0.4247689710110426}
2026-08-07 16:22:11,413 INFO [training.train] step=4000 valid[valid1]={'mse': 0.40841766982643574, 'nmse': 0.40841766982643574, 'mae': 0.3967565771802055, 'nmae': 0.3967565771802055, 'relative_mse': 0.2723372625644553}
2026-08-07 16:22:17,054 INFO [training.train] step=5000 train_batch={'nmse': 0.40940720269083974}
2026-08-07 16:22:18,688 INFO [training.train] step=5000 valid[valid1]={'mse': 0.3897703433116013, 'nmse': 0.3897703433116013, 'mae': 0.38077603244042213, 'nmae': 0.38077603244042213, 'relative_mse': 0.25786847914044114}
2026-08-07 16:22:24,349 INFO [training.train] step=6000 train_batch={'nmse': 0.4069648795500398}
2026-08-07 16:22:26,065 INFO [training.train] step=6000 valid[valid1]={'mse': 0.40588331862541527, 'nmse': 0.40588331862541527, 'mae': 0.3995283650243005, 'nmae': 0.3995283650243005, 'relative_mse': 0.26760166759638826}
2026-08-07 16:22:31,721 INFO [training.train] step=7000 train_batch={'nmse': 0.46753634978830816}
2026-08-07 16:22:33,483 INFO [training.train] step=7000 valid[valid1]={'mse': 0.3891423593987922, 'nmse': 0.3891423593987922, 'mae': 0.3857581047151044, 'nmae': 0.3857581047151044, 'relative_mse': 0.25648996917116285}
2026-08-07 16:22:39,136 INFO [training.train] step=8000 train_batch={'nmse': 0.3862844226881862}
2026-08-07 16:22:40,758 INFO [training.train] step=8000 valid[valid1]={'mse': 0.36038643584562957, 'nmse': 0.36038643584562957, 'mae': 0.3602530948136204, 'nmae': 0.3602530948136204, 'relative_mse': 0.23741385188477643}
2026-08-07 16:22:46,416 INFO [training.train] step=9000 train_batch={'nmse': 0.38839268262684346}
2026-08-07 16:22:48,130 INFO [training.train] step=9000 valid[valid1]={'mse': 0.37337023003156794, 'nmse': 0.37337023003156794, 'mae': 0.371542044097799, 'nmae': 0.371542044097799, 'relative_mse': 0.24818708679604767}
2026-08-07 16:22:53,776 INFO [training.train] step=10000 train_batch={'nmse': 0.38897886643558743}
2026-08-07 16:22:55,512 INFO [training.train] step=10000 valid[valid1]={'mse': 0.3829897163872703, 'nmse': 0.3829897163872703, 'mae': 0.3822583006122712, 'nmae': 0.3822583006122712, 'relative_mse': 0.25255175657050555}
2026-08-07 16:22:55,513 INFO [training.train] training_done steps=10000 seconds=73.61
2026-08-07 16:22:55,653 INFO [__main__] saved criterion_loss=criterion_loss.pdf
2026-08-07 16:22:55,653 INFO [__main__] training done
2026-08-07 16:22:55,653 INFO [__main__] evaluation start
2026-08-07 16:23:03,672 INFO [__main__] evaluation done
2026-08-07 16:23:03,672 INFO [__main__] experiment done seconds=568.13
2026-08-07 16:23:03,672 INFO [__main__] ========================================================================

2026-08-07T16:23:04+02:00 configuration dataset=traffic lags=504 horizon=168 method=patchtst_remove_all_windows module=scripts.experiment requested_seeds=1,2,3 run_seeds=1,2,3 data_root=/home/h61084/codes/timetensors/../datasets train_sampling=random train_stride=1 eval_sampling=all eval_stride=168 batch_size=256 learning_rate=1e-5 epochs=10000 rebuild_dataset=false rebuild_reason=not_needed overrides=+model.name=patchtst +model.path=patchtst +normalization.name=instance +data.sampling.remove_train_cte=true +data.sampling.remove_eval_cte=true ++data.sampling.drop_train_constant_individuals=false ++data.sampling.drop_eval_constant_individuals=false
2026-08-07 16:23:09,232 INFO [__main__] ========================================================================
2026-08-07 16:23:09,232 INFO [__main__] experiment model=patchtst out=/home/h61084/codes/timetensors/outputs/constants/traffic/504_168/patchtst_remove_all_windows/seed_1 rebuild_dataset=False evaluate=True
2026-08-07 16:23:09,232 INFO [__main__] stats recompute=True
2026-08-07 16:23:09,232 INFO [__main__] dataset rebuild skipped
2026-08-07 16:23:09,232 INFO [__main__] training start
2026-08-07 16:45:17,104 INFO [training.train] device requested=gpu resolved=cuda:0 cuda=True
2026-08-07 16:45:17,130 INFO [training.train] data_shape=[504, 1, 168]
2026-08-07 16:45:17,130 INFO [training.train] Splits:
train	idx_mode=random	{'values': (860, 1, 17544), 'individual_context': None, 'global_context': None, 'sampled_individuals': 860, 'sampled_dates': 9855, 'samples': 1}
valid1	idx_mode=all	{'values': (860, 1, 17544), 'individual_context': None, 'global_context': None, 'sampled_individuals': 860, 'sampled_dates': 20, 'samples': 17200}
test1	idx_mode=all	{'values': (860, 1, 17544), 'individual_context': None, 'global_context': None, 'sampled_individuals': 860, 'sampled_dates': 20, 'samples': 17200}
2026-08-07 16:45:17,130 INFO [training.train] Batch:
 batches=train=1, valid1=68, test1=68
 inputs=[1, 1, 504]
 targets=[1, 1, 168]
 individual_context=None
 global_context=None
2026-08-07 16:45:17,141 INFO [training.train] training epochs=10000 steps_per_epoch=1 total_steps=10000 valid_eval_freq=1000 logging_eval_freq=1000
2026-08-07 16:45:50,660 INFO [training.train] step=1000 train_batch={'nmse': 0.6970957333296537}
2026-08-07 16:45:52,384 INFO [training.train] step=1000 valid[valid1]={'mse': 0.4814721529296334, 'nmse': 0.4814721529296334, 'mae': 0.44692548715923053, 'nmae': 0.44692548715923053, 'relative_mse': 0.32227619378141653}
2026-08-07 16:46:22,763 INFO [training.train] step=2000 train_batch={'nmse': 0.506581571251154}
2026-08-07 16:46:24,495 INFO [training.train] step=2000 valid[valid1]={'mse': 0.4499327632359096, 'nmse': 0.4499327632359096, 'mae': 0.4354266883790955, 'nmae': 0.4354266883790955, 'relative_mse': 0.2992469077886537}
2026-08-07 16:46:54,888 INFO [training.train] step=3000 train_batch={'nmse': 0.46902252291887997}
2026-08-07 16:46:56,628 INFO [training.train] step=3000 valid[valid1]={'mse': 0.4195616427027638, 'nmse': 0.4195616427027638, 'mae': 0.41166685964049954, 'nmae': 0.41166685964049954, 'relative_mse': 0.2797849400415769}
2026-08-07 16:47:27,262 INFO [training.train] step=4000 train_batch={'nmse': 0.43147764972597363}
2026-08-07 16:47:28,894 INFO [training.train] step=4000 valid[valid1]={'mse': 0.4153208395280975, 'nmse': 0.4153208395280975, 'mae': 0.4068621157015677, 'nmae': 0.4068621157015677, 'relative_mse': 0.27489035554634506}
2026-08-07 16:47:59,337 INFO [training.train] step=5000 train_batch={'nmse': 0.41650170538574455}
2026-08-07 16:48:01,116 INFO [training.train] step=5000 valid[valid1]={'mse': 0.4084567132318271, 'nmse': 0.4084567132318271, 'mae': 0.40020820947184516, 'nmae': 0.40020820947184516, 'relative_mse': 0.27051585745573836}
2026-08-07 16:48:31,487 INFO [training.train] step=6000 train_batch={'nmse': 0.39741860481351615}
2026-08-07 16:48:33,225 INFO [training.train] step=6000 valid[valid1]={'mse': 0.42026807867411364, 'nmse': 0.42026807867411364, 'mae': 0.4160252912654433, 'nmae': 0.4160252912654433, 'relative_mse': 0.27765438785320634}
2026-08-07 16:49:03,591 INFO [training.train] step=7000 train_batch={'nmse': 0.3778200108483434}
2026-08-07 16:49:05,219 INFO [training.train] step=7000 valid[valid1]={'mse': 0.39131809255741495, 'nmse': 0.39131809255741495, 'mae': 0.3892608919703419, 'nmae': 0.3892608919703419, 'relative_mse': 0.25946639942832433}
2026-08-07 16:49:35,561 INFO [training.train] step=8000 train_batch={'nmse': 0.3925815219581127}
2026-08-07 16:49:37,299 INFO [training.train] step=8000 valid[valid1]={'mse': 0.39259856560961615, 'nmse': 0.39259856560961615, 'mae': 0.396418326748566, 'nmae': 0.396418326748566, 'relative_mse': 0.25980209680094674}
2026-08-07 16:50:07,878 INFO [training.train] step=9000 train_batch={'nmse': 0.37175251880288124}
2026-08-07 16:50:09,645 INFO [training.train] step=9000 valid[valid1]={'mse': 0.3945981657887878, 'nmse': 0.3945981657887878, 'mae': 0.3853495156593365, 'nmae': 0.3853495156593365, 'relative_mse': 0.2619174690288827}
2026-08-07 16:50:41,007 INFO [training.train] step=10000 train_batch={'nmse': 0.3661173821724951}
2026-08-07 16:50:42,625 INFO [training.train] step=10000 valid[valid1]={'mse': 0.3986295129347217, 'nmse': 0.3986295129347217, 'mae': 0.40269746334713824, 'nmae': 0.40269746334713824, 'relative_mse': 0.2639912071101293}
2026-08-07 16:50:42,625 INFO [training.train] training_done steps=10000 seconds=325.48
2026-08-07 16:50:43,194 INFO [__main__] saved criterion_loss=criterion_loss.pdf
2026-08-07 16:50:43,194 INFO [__main__] training done
2026-08-07 16:50:43,194 INFO [__main__] evaluation start
2026-08-07 16:50:51,289 INFO [__main__] evaluation done
2026-08-07 16:50:51,289 INFO [__main__] experiment done seconds=1662.06
2026-08-07 16:50:51,289 INFO [__main__] ========================================================================
2026-08-07 16:50:51,316 INFO [__main__] ========================================================================
2026-08-07 16:50:51,316 INFO [__main__] experiment model=patchtst out=/home/h61084/codes/timetensors/outputs/constants/traffic/504_168/patchtst_remove_all_windows/seed_2 rebuild_dataset=False evaluate=True
2026-08-07 16:50:51,316 INFO [__main__] stats recompute=True
2026-08-07 16:50:51,316 INFO [__main__] dataset rebuild skipped
2026-08-07 16:50:51,316 INFO [__main__] training start
2026-08-07 17:13:05,252 INFO [training.train] device requested=gpu resolved=cuda:0 cuda=True
2026-08-07 17:13:05,277 INFO [training.train] data_shape=[504, 1, 168]
2026-08-07 17:13:05,277 INFO [training.train] Splits:
train	idx_mode=random	{'values': (860, 1, 17544), 'individual_context': None, 'global_context': None, 'sampled_individuals': 860, 'sampled_dates': 9855, 'samples': 1}
valid1	idx_mode=all	{'values': (860, 1, 17544), 'individual_context': None, 'global_context': None, 'sampled_individuals': 860, 'sampled_dates': 20, 'samples': 17200}
test1	idx_mode=all	{'values': (860, 1, 17544), 'individual_context': None, 'global_context': None, 'sampled_individuals': 860, 'sampled_dates': 20, 'samples': 17200}
2026-08-07 17:13:05,277 INFO [training.train] Batch:
 batches=train=1, valid1=68, test1=68
 inputs=[1, 1, 504]
 targets=[1, 1, 168]
 individual_context=None
 global_context=None
2026-08-07 17:13:05,287 INFO [training.train] training epochs=10000 steps_per_epoch=1 total_steps=10000 valid_eval_freq=1000 logging_eval_freq=1000
2026-08-07 17:13:35,640 INFO [training.train] step=1000 train_batch={'nmse': 0.6499500084072352}
2026-08-07 17:13:37,437 INFO [training.train] step=1000 valid[valid1]={'mse': 0.48838195124865896, 'nmse': 0.48838195124865896, 'mae': 0.4473553488764124, 'nmae': 0.4473553488764124, 'relative_mse': 0.3249574982737122}
2026-08-07 17:14:07,807 INFO [training.train] step=2000 train_batch={'nmse': 0.5940716660320758}
2026-08-07 17:14:09,554 INFO [training.train] step=2000 valid[valid1]={'mse': 0.42175569021028536, 'nmse': 0.42175569021028536, 'mae': 0.4071434272774562, 'nmae': 0.4071434272774562, 'relative_mse': 0.28074320914605394}
2026-08-07 17:14:39,907 INFO [training.train] step=3000 train_batch={'nmse': 0.4679156313613057}
2026-08-07 17:14:41,536 INFO [training.train] step=3000 valid[valid1]={'mse': 0.40390414469265856, 'nmse': 0.40390414469265856, 'mae': 0.3905705021280519, 'nmae': 0.3905705021280519, 'relative_mse': 0.26876331396937236}
2026-08-07 17:15:11,932 INFO [training.train] step=4000 train_batch={'nmse': 0.474488703943789}
2026-08-07 17:15:13,689 INFO [training.train] step=4000 valid[valid1]={'mse': 0.4346375322817172, 'nmse': 0.4346375322817172, 'mae': 0.42835928882079266, 'nmae': 0.42835928882079266, 'relative_mse': 0.28826100143483313}
2026-08-07 17:15:44,074 INFO [training.train] step=5000 train_batch={'nmse': 0.4964269265457988}
2026-08-07 17:15:45,833 INFO [training.train] step=5000 valid[valid1]={'mse': 0.39002625517142836, 'nmse': 0.39002625517142836, 'mae': 0.385482093836382, 'nmae': 0.385482093836382, 'relative_mse': 0.2583782621871593}
2026-08-07 17:16:16,188 INFO [training.train] step=6000 train_batch={'nmse': 0.418253365367651}
2026-08-07 17:16:17,817 INFO [training.train] step=6000 valid[valid1]={'mse': 0.38390672381666147, 'nmse': 0.38390672381666147, 'mae': 0.38044210034747455, 'nmae': 0.38044210034747455, 'relative_mse': 0.2549748271802731}
2026-08-07 17:16:48,253 INFO [training.train] step=7000 train_batch={'nmse': 0.3793565675839782}
2026-08-07 17:16:49,991 INFO [training.train] step=7000 valid[valid1]={'mse': 0.36785786541065374, 'nmse': 0.36785786541065374, 'mae': 0.36828309558686756, 'nmae': 0.36828309558686756, 'relative_mse': 0.2429109084170522}
2026-08-07 17:17:21,258 INFO [training.train] step=8000 train_batch={'nmse': 0.3696897214576602}
2026-08-07 17:17:22,985 INFO [training.train] step=8000 valid[valid1]={'mse': 0.37217592672388156, 'nmse': 0.37217592672388156, 'mae': 0.36783131494870613, 'nmae': 0.36783131494870613, 'relative_mse': 0.24451262270229335}
2026-08-07 17:17:53,398 INFO [training.train] step=9000 train_batch={'nmse': 0.4373467622846365}
2026-08-07 17:17:55,041 INFO [training.train] step=9000 valid[valid1]={'mse': 0.38534257181195064, 'nmse': 0.38534257181195064, 'mae': 0.38930125510045727, 'nmae': 0.38930125510045727, 'relative_mse': 0.2539115316870469}
2026-08-07 17:18:25,433 INFO [training.train] step=10000 train_batch={'nmse': 0.38524986964836716}
2026-08-07 17:18:27,158 INFO [training.train] step=10000 valid[valid1]={'mse': 0.3607668374569577, 'nmse': 0.3607668374569577, 'mae': 0.3576309024983994, 'nmae': 0.3576309024983994, 'relative_mse': 0.23784569631515284}
2026-08-07 17:18:27,158 INFO [training.train] training_done steps=10000 seconds=321.87
2026-08-07 17:18:27,296 INFO [__main__] saved criterion_loss=criterion_loss.pdf
2026-08-07 17:18:27,296 INFO [__main__] training done
2026-08-07 17:18:27,296 INFO [__main__] evaluation start
2026-08-07 17:18:35,435 INFO [__main__] evaluation done
2026-08-07 17:18:35,435 INFO [__main__] experiment done seconds=1664.13
2026-08-07 17:18:35,435 INFO [__main__] ========================================================================
2026-08-07 17:18:35,458 INFO [__main__] ========================================================================
2026-08-07 17:18:35,458 INFO [__main__] experiment model=patchtst out=/home/h61084/codes/timetensors/outputs/constants/traffic/504_168/patchtst_remove_all_windows/seed_3 rebuild_dataset=False evaluate=True
2026-08-07 17:18:35,458 INFO [__main__] stats recompute=True
2026-08-07 17:18:35,458 INFO [__main__] dataset rebuild skipped
2026-08-07 17:18:35,458 INFO [__main__] training start
2026-08-07 17:40:53,719 INFO [training.train] device requested=gpu resolved=cuda:0 cuda=True
2026-08-07 17:40:53,745 INFO [training.train] data_shape=[504, 1, 168]
2026-08-07 17:40:53,745 INFO [training.train] Splits:
train	idx_mode=random	{'values': (860, 1, 17544), 'individual_context': None, 'global_context': None, 'sampled_individuals': 860, 'sampled_dates': 9855, 'samples': 1}
valid1	idx_mode=all	{'values': (860, 1, 17544), 'individual_context': None, 'global_context': None, 'sampled_individuals': 860, 'sampled_dates': 20, 'samples': 17200}
test1	idx_mode=all	{'values': (860, 1, 17544), 'individual_context': None, 'global_context': None, 'sampled_individuals': 860, 'sampled_dates': 20, 'samples': 17200}
2026-08-07 17:40:53,745 INFO [training.train] Batch:
 batches=train=1, valid1=68, test1=68
 inputs=[1, 1, 504]
 targets=[1, 1, 168]
 individual_context=None
 global_context=None
2026-08-07 17:40:53,758 INFO [training.train] training epochs=10000 steps_per_epoch=1 total_steps=10000 valid_eval_freq=1000 logging_eval_freq=1000
2026-08-07 17:41:24,161 INFO [training.train] step=1000 train_batch={'nmse': 0.6587194046676159}
2026-08-07 17:41:25,928 INFO [training.train] step=1000 valid[valid1]={'mse': 0.4735000789469131, 'nmse': 0.4735000789469131, 'mae': 0.4391791217588507, 'nmae': 0.4391791217588507, 'relative_mse': 0.31786356574277147}
2026-08-07 17:41:56,307 INFO [training.train] step=2000 train_batch={'nmse': 0.5213223948478699}
2026-08-07 17:41:57,922 INFO [training.train] step=2000 valid[valid1]={'mse': 0.4575220961797805, 'nmse': 0.4575220961797805, 'mae': 0.4395351034779089, 'nmae': 0.4395351034779089, 'relative_mse': 0.3054141135654048}
2026-08-07 17:42:28,309 INFO [training.train] step=3000 train_batch={'nmse': 0.5483910300284625}
2026-08-07 17:42:30,068 INFO [training.train] step=3000 valid[valid1]={'mse': 0.4273397417374756, 'nmse': 0.4273397417374756, 'mae': 0.4141231214960548, 'nmae': 0.4141231214960548, 'relative_mse': 0.2854269902597894}
2026-08-07 17:43:00,479 INFO [training.train] step=4000 train_batch={'nmse': 0.4247689710110426}
2026-08-07 17:43:02,244 INFO [training.train] step=4000 valid[valid1]={'mse': 0.40841766982643574, 'nmse': 0.40841766982643574, 'mae': 0.3967565771802055, 'nmae': 0.3967565771802055, 'relative_mse': 0.2723372625644553}
2026-08-07 17:43:33,615 INFO [training.train] step=5000 train_batch={'nmse': 0.40940720269083974}
2026-08-07 17:43:35,244 INFO [training.train] step=5000 valid[valid1]={'mse': 0.3897703433116013, 'nmse': 0.3897703433116013, 'mae': 0.38077603244042213, 'nmae': 0.38077603244042213, 'relative_mse': 0.25786847914044114}
2026-08-07 17:44:05,667 INFO [training.train] step=6000 train_batch={'nmse': 0.4069648795500398}
2026-08-07 17:44:07,422 INFO [training.train] step=6000 valid[valid1]={'mse': 0.40588331862541527, 'nmse': 0.40588331862541527, 'mae': 0.3995283650243005, 'nmae': 0.3995283650243005, 'relative_mse': 0.26760166759638826}
2026-08-07 17:44:37,810 INFO [training.train] step=7000 train_batch={'nmse': 0.46753634978830816}
2026-08-07 17:44:39,562 INFO [training.train] step=7000 valid[valid1]={'mse': 0.3891423593987922, 'nmse': 0.3891423593987922, 'mae': 0.3857581047151044, 'nmae': 0.3857581047151044, 'relative_mse': 0.25648996917116285}
2026-08-07 17:45:09,938 INFO [training.train] step=8000 train_batch={'nmse': 0.3862844226881862}
2026-08-07 17:45:11,571 INFO [training.train] step=8000 valid[valid1]={'mse': 0.36038643584562957, 'nmse': 0.36038643584562957, 'mae': 0.3602530948136204, 'nmae': 0.3602530948136204, 'relative_mse': 0.23741385188477643}
2026-08-07 17:45:41,939 INFO [training.train] step=9000 train_batch={'nmse': 0.38839268262684346}
2026-08-07 17:45:43,731 INFO [training.train] step=9000 valid[valid1]={'mse': 0.37337023003156794, 'nmse': 0.37337023003156794, 'mae': 0.371542044097799, 'nmae': 0.371542044097799, 'relative_mse': 0.24818708679604767}
2026-08-07 17:46:14,121 INFO [training.train] step=10000 train_batch={'nmse': 0.38897886643558743}
2026-08-07 17:46:15,911 INFO [training.train] step=10000 valid[valid1]={'mse': 0.3829897163872703, 'nmse': 0.3829897163872703, 'mae': 0.3822583006122712, 'nmae': 0.3822583006122712, 'relative_mse': 0.25255175657050555}
2026-08-07 17:46:15,911 INFO [training.train] training_done steps=10000 seconds=322.15
2026-08-07 17:46:16,070 INFO [__main__] saved criterion_loss=criterion_loss.pdf
2026-08-07 17:46:16,070 INFO [__main__] training done
2026-08-07 17:46:16,070 INFO [__main__] evaluation start
2026-08-07 17:46:24,068 INFO [__main__] evaluation done
2026-08-07 17:46:24,068 INFO [__main__] experiment done seconds=1668.63
2026-08-07 17:46:24,068 INFO [__main__] ========================================================================

2026-08-07T17:46:25+02:00 configuration dataset=traffic lags=504 horizon=168 method=patchtst_drop_all_users module=scripts.experiment requested_seeds=1,2,3 run_seeds=1,2,3 data_root=/home/h61084/codes/timetensors/../datasets train_sampling=random train_stride=1 eval_sampling=all eval_stride=168 batch_size=256 learning_rate=1e-5 epochs=10000 rebuild_dataset=false rebuild_reason=not_needed overrides=+model.name=patchtst +model.path=patchtst +normalization.name=instance +data.sampling.remove_train_cte=false +data.sampling.remove_eval_cte=false ++data.sampling.drop_train_constant_individuals=true ++data.sampling.drop_eval_constant_individuals=true
2026-08-07 17:46:30,473 INFO [__main__] ========================================================================
2026-08-07 17:46:30,474 INFO [__main__] experiment model=patchtst out=/home/h61084/codes/timetensors/outputs/constants/traffic/504_168/patchtst_drop_all_users/seed_1 rebuild_dataset=False evaluate=True
2026-08-07 17:46:30,474 INFO [__main__] stats recompute=True
2026-08-07 17:46:30,474 INFO [__main__] dataset rebuild skipped
2026-08-07 17:46:30,474 INFO [__main__] training start
